order_id,order_date,shift,zone,order_priority,items_count,picker_experience,distance_travelled,congestion_level,equipment_available,picking_time,packing_time,total_time,target_time,delayed,order_month,order_quarter,order_day_of_week,is_weekend,time_ratio,time_over_target,workload_index,is_experienced,is_high_congestion,equipment_penalty,pick_time_per_item
ORD-00001,2024-01-01 00:00:00.000000,Morning,D,Low,9,7,165.5,Low,True,11.22,7.7,18.92,55,0,1,1,0,0,0.344,-36.08,14.9,1,0,0,1.247
ORD-00002,2024-01-01 02:37:16.767353,Evening,C,Low,46,7,128.5,Medium,False,29.62,28.62,58.24,55,1,1,1,0,0,1.0589,3.24,59.11,1,0,1,0.644
ORD-00003,2024-01-01 05:14:33.534706,Night,C,Medium,16,5,167.0,Low,False,17.98,18.58,36.56,45,1,1,1,0,0,0.8124,-8.44,26.72,0,0,1,1.124
ORD-00004,2024-01-01 07:51:50.302060,Evening,E,High,10,5,149.9,Low,True,15.5,7.06,22.56,38,0,1,1,0,0,0.5937,-15.44,14.99,0,0,0,1.55
ORD-00005,2024-01-01 10:29:07.069413,Evening,A,Medium,28,3,121.8,Low,True,19.29,14.51,33.8,45,0,1,1,0,0,0.7511,-11.2,34.1,0,0,0,0.689
ORD-00006,2024-01-01 13:06:23.836767,Morning,A,Urgent,20,8,155.6,Medium,True,12.49,10.53,23.02,28,0,1,1,0,0,0.8221,-4.98,31.12,1,0,0,0.624
ORD-00007,2024-01-01 15:43:40.604120,Night,D,Medium,24,10,134.5,Low,True,5.55,14.3,19.85,45,0,1,1,0,0,0.4411,-25.15,32.28,1,0,0,0.231
ORD-00008,2024-01-01 18:20:57.371474,Night,A,Urgent,41,2,174.7,Low,True,28.74,21.21,49.95,28,1,1,1,0,0,1.7839,21.95,71.63,0,0,0,0.701
ORD-00009,2024-01-01 20:58:14.138827,Evening,B,Low,27,3,184.9,Medium,True,35.22,15.3,50.52,55,0,1,1,0,0,0.9185,-4.48,49.92,0,0,0,1.304
ORD-00010,2024-01-01 23:35:30.906181,Night,B,Low,19,7,170.1,Low,False,12.76,15.49,28.25,55,0,1,1,0,0,0.5136,-26.75,32.32,1,0,1,0.672
ORD-00011,2024-01-02 02:12:47.673534,Evening,A,Low,41,4,84.6,Low,True,21.33,23.72,45.05,55,0,1,1,1,0,0.8191,-9.95,34.69,0,0,0,0.52
ORD-00012,2024-01-02 04:50:04.440888,Evening,A,Low,19,1,111.4,Low,False,16.76,16.78,33.54,55,0,1,1,1,0,0.6098,-21.46,21.17,0,0,1,0.882
ORD-00013,2024-01-02 07:27:21.208241,Morning,C,Medium,48,1,124.5,Low,True,39.01,23.19,62.2,45,1,1,1,1,0,1.3822,17.2,59.76,0,0,0,0.813
ORD-00014,2024-01-02 10:04:37.975595,Evening,B,High,50,3,118.1,Low,True,41.29,25.98,67.27,38,1,1,1,1,0,1.7703,29.27,59.05,0,0,0,0.826
ORD-00015,2024-01-02 12:41:54.742948,Night,C,High,24,10,128.3,Low,True,11.25,14.44,25.69,38,1,1,1,1,0,0.6761,-12.31,30.79,1,0,0,0.469
ORD-00016,2024-01-02 15:19:11.510302,Evening,B,High,39,7,187.0,Medium,True,39.44,25.34,64.78,38,1,1,1,1,0,1.7047,26.78,72.93,1,0,0,1.011
ORD-00017,2024-01-02 17:56:28.277655,Morning,E,Low,36,3,177.9,Medium,True,30.67,17.09,47.76,55,0,1,1,1,0,0.8684,-7.24,64.04,0,0,0,0.852
ORD-00018,2024-01-02 20:33:45.045009,Evening,C,High,44,1,133.0,High,True,53.03,20.73,73.76,38,1,1,1,1,0,1.9411,35.76,58.52,0,1,0,1.205
ORD-00019,2024-01-02 23:11:01.812362,Night,E,Medium,24,8,173.7,High,True,23.45,17.3,40.75,45,1,1,1,1,0,0.9056,-4.25,41.69,1,1,0,0.977
ORD-00020,2024-01-03 01:48:18.579715,Night,B,High,21,4,163.2,Low,True,26.52,14.33,40.85,38,1,1,1,2,0,1.075,2.85,34.27,0,0,0,1.263
ORD-00021,2024-01-03 04:25:35.347069,Morning,A,High,14,4,148.7,Low,True,15.61,11.17,26.78,38,0,1,1,2,0,0.7047,-11.22,20.82,0,0,0,1.115
ORD-00022,2024-01-03 07:02:52.114422,Morning,D,Low,30,6,195.9,High,False,25.99,23.16,49.15,55,0,1,1,2,0,0.8936,-5.85,58.77,0,1,1,0.866
ORD-00023,2024-01-03 09:40:08.881776,Evening,D,Medium,31,3,123.5,Low,True,20.93,16.85,37.78,45,0,1,1,2,0,0.8396,-7.22,38.29,0,0,0,0.675
ORD-00024,2024-01-03 12:17:25.649129,Morning,A,Urgent,23,8,152.1,Medium,True,11.78,14.23,26.01,28,1,1,1,2,0,0.9289,-1.99,34.98,1,0,0,0.512
ORD-00025,2024-01-03 14:54:42.416483,Night,C,Medium,16,4,108.0,Medium,True,14.18,12.3,26.48,45,0,1,1,2,0,0.5884,-18.52,17.28,0,0,0,0.886
ORD-00026,2024-01-03 17:31:59.183836,Evening,C,High,23,8,109.9,Medium,True,14.68,10.43,25.11,38,0,1,1,2,0,0.6608,-12.89,25.28,1,0,0,0.638
ORD-00027,2024-01-03 20:09:15.951190,Evening,A,Urgent,26,6,95.6,Low,True,15.48,17.0,32.48,28,1,1,1,2,0,1.16,4.48,24.86,0,0,0,0.595
ORD-00028,2024-01-03 22:46:32.718543,Morning,C,Medium,7,2,110.6,Low,True,11.62,8.57,20.19,45,0,1,1,2,0,0.4487,-24.81,7.74,0,0,0,1.66
ORD-00029,2024-01-04 01:23:49.485897,Evening,A,Medium,34,7,153.3,Low,True,22.67,19.78,42.45,45,0,1,1,3,0,0.9433,-2.55,52.12,1,0,0,0.667
ORD-00030,2024-01-04 04:01:06.253250,Night,A,Medium,43,1,137.9,Low,False,31.61,31.21,62.82,45,1,1,1,3,0,1.396,17.82,59.3,0,0,1,0.735
ORD-00031,2024-01-04 06:38:23.020604,Evening,E,High,17,8,139.2,Low,True,14.4,10.3,24.7,38,0,1,1,3,0,0.65,-13.3,23.66,1,0,0,0.847
ORD-00032,2024-01-04 09:15:39.787957,Morning,C,Medium,20,4,138.0,Medium,True,20.18,11.84,32.02,45,1,1,1,3,0,0.7116,-12.98,27.6,0,0,0,1.009
ORD-00033,2024-01-04 11:52:56.555311,Morning,D,Medium,5,7,220.9,Low,True,5.63,10.41,16.04,45,1,1,1,3,0,0.3564,-28.96,11.04,1,0,0,1.126
ORD-00034,2024-01-04 14:30:13.322664,Night,D,Medium,30,3,104.5,Low,True,19.24,21.25,40.49,45,1,1,1,3,0,0.8998,-4.51,31.35,0,0,0,0.641
ORD-00035,2024-01-04 17:07:30.090018,Night,E,Urgent,22,5,100.2,Low,False,15.87,17.41,33.28,28,1,1,1,3,0,1.1886,5.28,22.04,0,0,1,0.721
ORD-00036,2024-01-04 19:44:46.857371,Morning,B,Urgent,43,4,116.2,High,True,49.47,21.97,71.44,28,1,1,1,3,0,2.5514,43.44,49.97,0,1,0,1.15
ORD-00037,2024-01-04 22:22:03.624724,Evening,B,High,46,3,147.1,Low,True,39.34,24.96,64.3,38,1,1,1,3,0,1.6921,26.3,67.67,0,0,0,0.855
ORD-00038,2024-01-05 00:59:20.392078,Morning,B,Urgent,39,4,170.6,Low,False,33.24,30.63,63.87,28,1,1,1,4,0,2.2811,35.87,66.53,0,0,1,0.852
ORD-00039,2024-01-05 03:36:37.159431,Evening,C,High,11,1,174.7,Medium,True,17.64,8.44,26.08,38,0,1,1,4,0,0.6863,-11.92,19.22,0,0,0,1.604
ORD-00040,2024-01-05 06:13:53.926785,Morning,C,Urgent,10,4,187.8,Low,True,11.3,8.99,20.29,28,0,1,1,4,0,0.7246,-7.71,18.78,0,0,0,1.13
ORD-00041,2024-01-05 08:51:10.694138,Night,D,Low,25,2,145.7,Low,True,23.07,16.75,39.82,55,0,1,1,4,0,0.724,-15.18,36.42,0,0,0,0.923
ORD-00042,2024-01-05 11:28:27.461492,Night,B,Medium,31,6,134.1,Low,False,18.54,23.89,42.43,45,0,1,1,4,0,0.9429,-2.57,41.57,0,0,1,0.598
ORD-00043,2024-01-05 14:05:44.228845,Morning,A,Urgent,2,1,215.3,High,True,17.63,10.61,28.24,28,1,1,1,4,0,1.0086,0.24,4.31,0,1,0,8.815
ORD-00044,2024-01-05 16:43:00.996199,Evening,E,Medium,25,1,38.6,Medium,True,23.3,15.06,38.36,45,0,1,1,4,0,0.8524,-6.64,9.65,0,0,0,0.932
ORD-00045,2024-01-05 19:20:17.763552,Morning,D,Medium,5,5,152.5,Medium,True,6.86,4.61,11.47,45,0,1,1,4,0,0.2549,-33.53,7.62,0,0,0,1.372
ORD-00046,2024-01-05 21:57:34.530906,Morning,B,High,14,3,167.2,High,True,28.58,10.94,39.52,38,1,1,1,4,0,1.04,1.52,23.41,0,1,0,2.041
ORD-00047,2024-01-06 00:34:51.298259,Morning,D,High,18,9,224.9,Medium,True,12.87,12.57,25.44,38,0,1,1,5,1,0.6695,-12.56,40.48,1,0,0,0.715
ORD-00048,2024-01-06 03:12:08.065613,Morning,C,Medium,3,3,83.6,Low,False,5.39,4.34,9.73,45,0,1,1,5,1,0.2162,-35.27,2.51,0,0,1,1.797
ORD-00049,2024-01-06 05:49:24.832966,Night,D,Medium,14,4,133.2,Medium,True,15.73,14.16,29.89,45,0,1,1,5,1,0.6642,-15.11,18.65,0,0,0,1.124
ORD-00050,2024-01-06 08:26:41.600320,Morning,B,Medium,32,3,95.7,Medium,False,35.4,20.35,55.75,45,1,1,1,5,1,1.2389,10.75,30.62,0,0,1,1.106
ORD-00051,2024-01-06 11:03:58.367673,Night,C,Low,50,9,78.1,Low,True,18.28,26.66,44.94,55,0,1,1,5,1,0.8171,-10.06,39.05,1,0,0,0.366
ORD-00052,2024-01-06 13:41:15.135027,Morning,A,Medium,39,8,141.8,Medium,True,18.23,20.26,38.49,45,1,1,1,5,1,0.8553,-6.51,55.3,1,0,0,0.467
ORD-00053,2024-01-06 16:18:31.902380,Evening,A,Medium,16,2,183.3,Low,True,18.14,7.24,25.38,45,0,1,1,5,1,0.564,-19.62,29.33,0,0,0,1.134
ORD-00054,2024-01-06 18:55:48.669733,Evening,D,High,48,3,198.2,Low,True,31.05,26.68,57.73,38,1,1,1,5,1,1.5192,19.73,95.14,0,0,0,0.647
ORD-00055,2024-01-06 21:33:05.437087,Night,B,Medium,23,2,128.7,Low,True,24.48,13.79,38.27,45,0,1,1,5,1,0.8504,-6.73,29.6,0,0,0,1.064
ORD-00056,2024-01-07 00:10:22.204440,Morning,A,Medium,18,2,176.7,Low,True,19.1,16.33,35.43,45,0,1,1,6,1,0.7873,-9.57,31.81,0,0,0,1.061
ORD-00057,2024-01-07 02:47:38.971794,Morning,A,High,43,3,142.1,High,True,41.32,25.21,66.53,38,1,1,1,6,1,1.7508,28.53,61.1,0,1,0,0.961
ORD-00058,2024-01-07 05:24:55.739147,Evening,B,Low,20,9,172.3,Medium,False,19.01,18.0,37.01,55,1,1,1,6,1,0.6729,-17.99,34.46,1,0,1,0.951
ORD-00059,2024-01-07 08:02:12.506501,Evening,D,Medium,37,5,196.2,Low,True,29.93,16.66,46.59,45,0,1,1,6,1,1.0353,1.59,72.59,0,0,0,0.809
ORD-00060,2024-01-07 10:39:29.273854,Evening,B,Medium,9,4,142.2,Medium,True,18.32,6.91,25.23,45,0,1,1,6,1,0.5607,-19.77,12.8,0,0,0,2.036
ORD-00061,2024-01-07 13:16:46.041208,Morning,D,High,17,2,193.1,Medium,True,24.38,15.23,39.61,38,1,1,1,6,1,1.0424,1.61,32.83,0,0,0,1.434
ORD-00062,2024-01-07 15:54:02.808561,Morning,E,Low,50,2,101.5,Low,True,37.72,25.39,63.11,55,1,1,1,6,1,1.1475,8.11,50.75,0,0,0,0.754
ORD-00063,2024-01-07 18:31:19.575915,Night,B,Medium,13,6,176.3,Medium,True,19.31,10.04,29.35,45,0,1,1,6,1,0.6522,-15.65,22.92,0,0,0,1.485
ORD-00064,2024-01-07 21:08:36.343268,Evening,D,Medium,43,8,191.3,Medium,True,25.54,20.72,46.26,45,0,1,1,6,1,1.028,1.26,82.26,1,0,0,0.594
ORD-00065,2024-01-07 23:45:53.110622,Evening,A,High,24,6,187.2,Low,True,18.35,17.85,36.2,38,0,1,1,6,1,0.9526,-1.8,44.93,0,0,0,0.765
ORD-00066,2024-01-08 02:23:09.877975,Morning,B,High,48,7,102.6,Medium,True,38.19,23.43,61.62,38,1,1,1,0,0,1.6216,23.62,49.25,1,0,0,0.796
ORD-00067,2024-01-08 05:00:26.645329,Morning,A,Urgent,21,3,141.8,Medium,True,20.8,11.31,32.11,28,1,1,1,0,0,1.1468,4.11,29.78,0,0,0,0.99
ORD-00068,2024-01-08 07:37:43.412682,Night,A,High,25,10,162.1,High,True,13.48,20.0,33.48,38,1,1,1,0,0,0.8811,-4.52,40.52,1,1,0,0.539
ORD-00069,2024-01-08 10:15:00.180036,Evening,A,Medium,20,9,167.7,High,False,12.75,17.25,30.0,45,0,1,1,0,0,0.6667,-15.0,33.54,1,1,1,0.638
ORD-00070,2024-01-08 12:52:16.947389,Morning,A,Medium,11,9,154.6,High,True,12.7,11.84,24.54,45,0,1,1,0,0,0.5453,-20.46,17.01,1,1,0,1.155
ORD-00071,2024-01-08 15:29:33.714742,Night,D,Low,43,7,207.2,Low,True,20.09,20.26,40.35,55,0,1,1,0,0,0.7336,-14.65,89.1,1,0,0,0.467
ORD-00072,2024-01-08 18:06:50.482096,Evening,C,Medium,29,7,98.2,High,True,24.36,13.66,38.02,45,1,1,1,0,0,0.8449,-6.98,28.48,1,1,0,0.84
ORD-00073,2024-01-08 20:44:07.249449,Morning,E,Low,26,1,140.4,Medium,True,32.71,14.09,46.8,55,0,1,1,0,0,0.8509,-8.2,36.5,0,0,0,1.258
ORD-00074,2024-01-08 23:21:24.016803,Morning,C,Medium,19,2,82.5,Low,True,14.84,12.11,26.95,45,0,1,1,0,0,0.5989,-18.05,15.68,0,0,0,0.781
ORD-00075,2024-01-09 01:58:40.784156,Evening,C,High,39,2,174.8,High,True,49.24,23.83,73.07,38,1,1,1,1,0,1.9229,35.07,68.17,0,1,0,1.263
ORD-00076,2024-01-09 04:35:57.551510,Morning,A,High,18,5,172.2,High,True,22.54,14.74,37.28,38,1,1,1,1,0,0.9811,-0.72,31.0,0,1,0,1.252
ORD-00077,2024-01-09 07:13:14.318863,Evening,C,Medium,12,6,283.9,Medium,True,19.21,10.24,29.45,45,0,1,1,1,0,0.6544,-15.55,34.07,0,0,0,1.601
ORD-00078,2024-01-09 09:50:31.086217,Evening,B,Medium,5,2,191.1,Low,True,16.19,7.93,24.12,45,0,1,1,1,0,0.536,-20.88,9.56,0,0,0,3.238
ORD-00079,2024-01-09 12:27:47.853570,Morning,E,Medium,44,8,163.3,Low,True,21.16,21.53,42.69,45,0,1,1,1,0,0.9487,-2.31,71.85,1,0,0,0.481
ORD-00080,2024-01-09 15:05:04.620924,Night,E,Medium,4,6,160.2,High,True,9.6,5.22,14.82,45,0,1,1,1,0,0.3293,-30.18,6.41,0,1,0,2.4
ORD-00081,2024-01-09 17:42:21.388277,Morning,A,Medium,43,6,137.3,High,True,30.1,19.74,49.84,45,1,1,1,1,0,1.1076,4.84,59.04,0,1,0,0.7
ORD-00082,2024-01-09 20:19:38.155631,Evening,C,Medium,19,10,155.2,Low,True,8.23,10.64,18.87,45,0,1,1,1,0,0.4193,-26.13,29.49,1,0,0,0.433
ORD-00083,2024-01-09 22:56:54.922984,Evening,C,Medium,1,6,161.0,Low,True,11.91,6.99,18.9,45,0,1,1,1,0,0.42,-26.1,1.61,0,0,0,11.91
ORD-00084,2024-01-10 01:34:11.690338,Evening,C,Urgent,47,1,71.4,Medium,True,35.63,20.33,55.96,28,1,1,1,2,0,1.9986,27.96,33.56,0,0,0,0.758
ORD-00085,2024-01-10 04:11:28.457691,Evening,A,Medium,38,8,157.9,Low,False,15.82,25.18,41.0,45,0,1,1,2,0,0.9111,-4.0,60.0,1,0,1,0.416
ORD-00086,2024-01-10 06:48:45.225045,Evening,C,Medium,37,9,154.0,Medium,True,18.57,21.35,39.92,45,1,1,1,2,0,0.8871,-5.08,56.98,1,0,0,0.502
ORD-00087,2024-01-10 09:26:01.992398,Night,D,Low,28,1,220.2,High,True,36.41,19.02,55.43,55,0,1,1,2,0,1.0078,0.43,61.66,0,1,0,1.3
ORD-00088,2024-01-10 12:03:18.759751,Night,B,Low,39,6,144.7,Low,True,30.54,21.45,51.99,55,0,1,1,2,0,0.9453,-3.01,56.43,0,0,0,0.783
ORD-00089,2024-01-10 14:40:35.527105,Night,C,Medium,7,5,119.4,Medium,True,8.27,6.5,14.77,45,0,1,1,2,0,0.3282,-30.23,8.36,0,0,0,1.181
ORD-00090,2024-01-10 17:17:52.294458,Morning,A,Urgent,12,2,160.7,Medium,True,16.48,6.56,23.04,28,0,1,1,2,0,0.8229,-4.96,19.28,0,0,0,1.373
ORD-00091,2024-01-10 19:55:09.061812,Evening,E,Low,28,3,153.0,Low,True,21.78,13.64,35.42,55,0,1,1,2,0,0.644,-19.58,42.84,0,0,0,0.778
ORD-00092,2024-01-10 22:32:25.829165,Evening,A,Medium,37,9,144.8,Low,True,15.17,19.47,34.64,45,0,1,1,2,0,0.7698,-10.36,53.58,1,0,0,0.41
ORD-00093,2024-01-11 01:09:42.596519,Morning,A,Urgent,30,4,98.8,Medium,True,22.41,16.18,38.59,28,1,1,1,3,0,1.3782,10.59,29.64,0,0,0,0.747
ORD-00094,2024-01-11 03:46:59.363872,Night,B,Medium,21,6,143.8,Medium,True,22.43,16.78,39.21,45,1,1,1,3,0,0.8713,-5.79,30.2,0,0,0,1.068
ORD-00095,2024-01-11 06:24:16.131226,Morning,D,Medium,34,8,126.8,Medium,True,23.27,18.01,41.28,45,1,1,1,3,0,0.9173,-3.72,43.11,1,0,0,0.684
ORD-00096,2024-01-11 09:01:32.898579,Morning,D,High,3,5,141.3,High,False,9.43,7.47,16.9,38,0,1,1,3,0,0.4447,-21.1,4.24,0,1,1,3.143
ORD-00097,2024-01-11 11:38:49.665933,Morning,A,Medium,26,9,179.3,Low,True,13.12,21.26,34.38,45,0,1,1,3,0,0.764,-10.62,46.62,1,0,0,0.505
ORD-00098,2024-01-11 14:16:06.433286,Morning,A,Urgent,20,5,123.0,High,True,14.23,17.24,31.47,28,1,1,1,3,0,1.1239,3.47,24.6,0,1,0,0.712
ORD-00099,2024-01-11 16:53:23.200640,Morning,D,Low,25,10,141.2,Medium,False,12.96,16.22,29.18,55,0,1,1,3,0,0.5305,-25.82,35.3,1,0,1,0.518
ORD-00100,2024-01-11 19:30:39.967993,Evening,B,High,7,2,171.6,Low,True,11.36,9.2,20.56,38,0,1,1,3,0,0.5411,-17.44,12.01,0,0,0,1.623
ORD-00101,2024-01-11 22:07:56.735347,Evening,A,Medium,46,9,139.2,Low,True,20.58,21.2,41.78,45,0,1,1,3,0,0.9284,-3.22,64.03,1,0,0,0.447
ORD-00102,2024-01-12 00:45:13.502700,Morning,E,High,43,2,254.4,Low,True,40.37,19.46,59.83,38,1,1,1,4,0,1.5745,21.83,109.39,0,0,0,0.939
ORD-00103,2024-01-12 03:22:30.270054,Morning,A,High,48,9,160.0,Low,False,22.44,33.52,55.96,38,1,1,1,4,0,1.4726,17.96,76.8,1,0,1,0.468
ORD-00104,2024-01-12 05:59:47.037407,Night,C,High,43,7,100.3,High,True,29.69,18.61,48.3,38,1,1,1,4,0,1.2711,10.3,43.13,1,1,0,0.69
ORD-00105,2024-01-12 08:37:03.804760,Morning,A,High,34,6,116.4,Medium,True,22.41,21.31,43.72,38,1,1,1,4,0,1.1505,5.72,39.58,0,0,0,0.659
ORD-00106,2024-01-12 11:14:20.572114,Evening,D,High,15,9,112.4,Low,True,9.41,11.6,21.01,38,0,1,1,4,0,0.5529,-16.99,16.86,1,0,0,0.627
ORD-00107,2024-01-12 13:51:37.339467,Evening,D,Low,6,7,117.0,Low,True,3.66,10.3,13.96,55,0,1,1,4,0,0.2538,-41.04,7.02,1,0,0,0.61
ORD-00108,2024-01-12 16:28:54.106821,Evening,B,Low,31,7,171.5,Medium,True,30.38,15.58,45.96,55,0,1,1,4,0,0.8356,-9.04,53.16,1,0,0,0.98
ORD-00109,2024-01-12 19:06:10.874174,Night,C,Medium,48,8,105.7,High,True,33.12,27.2,60.32,45,1,1,1,4,0,1.3404,15.32,50.74,1,1,0,0.69
ORD-00110,2024-01-12 21:43:27.641528,Evening,E,Medium,19,9,136.8,Medium,True,12.82,10.98,23.8,45,0,1,1,4,0,0.5289,-21.2,25.99,1,0,0,0.675
ORD-00111,2024-01-13 00:20:44.408881,Night,D,Medium,50,3,195.7,Low,True,37.54,25.55,63.09,45,1,1,1,5,1,1.402,18.09,97.85,0,0,0,0.751
ORD-00112,2024-01-13 02:58:01.176235,Night,B,High,8,9,129.2,Low,True,9.73,6.27,16.0,38,0,1,1,5,1,0.4211,-22.0,10.34,1,0,0,1.216
ORD-00113,2024-01-13 05:35:17.943588,Morning,B,High,15,6,176.9,Low,True,13.21,12.54,25.75,38,1,1,1,5,1,0.6776,-12.25,26.54,0,0,0,0.881
ORD-00114,2024-01-13 08:12:34.710942,Morning,E,Urgent,33,1,82.7,Medium,True,33.54,17.42,50.96,28,1,1,1,5,1,1.82,22.96,27.29,0,0,0,1.016
ORD-00115,2024-01-13 10:49:51.478295,Morning,A,Medium,25,10,135.2,Low,True,9.23,16.61,25.84,45,0,1,1,5,1,0.5742,-19.16,33.8,1,0,0,0.369
ORD-00116,2024-01-13 13:27:08.245649,Morning,A,High,39,8,114.6,Low,True,19.8,17.77,37.57,38,1,1,1,5,1,0.9887,-0.43,44.69,1,0,0,0.508
ORD-00117,2024-01-13 16:04:25.013002,Evening,A,High,18,9,162.0,High,True,15.96,10.06,26.02,38,0,1,1,5,1,0.6847,-11.98,29.16,1,1,0,0.887
ORD-00118,2024-01-13 18:41:41.780356,Morning,D,Urgent,39,8,108.6,Low,True,10.13,16.51,26.64,28,1,1,1,5,1,0.9514,-1.36,42.35,1,0,0,0.26
ORD-00119,2024-01-13 21:18:58.547709,Morning,A,High,16,4,232.8,High,True,27.18,8.39,35.57,38,0,1,1,5,1,0.9361,-2.43,37.25,0,1,0,1.699
ORD-00120,2024-01-13 23:56:15.315063,Morning,B,Medium,8,4,84.4,Medium,True,11.42,11.21,22.63,45,0,1,1,5,1,0.5029,-22.37,6.75,0,0,0,1.428
ORD-00121,2024-01-14 02:33:32.082416,Evening,C,Low,29,3,195.4,Low,True,24.21,16.32,40.53,55,0,1,1,6,1,0.7369,-14.47,56.67,0,0,0,0.835
ORD-00122,2024-01-14 05:10:48.849769,Evening,A,Urgent,26,5,185.1,Low,False,18.28,20.4,38.68,28,0,1,1,6,1,1.3814,10.68,48.13,0,0,1,0.703
ORD-00123,2024-01-14 07:48:05.617123,Night,B,High,29,1,162.4,Medium,False,42.63,21.65,64.28,38,1,1,1,6,1,1.6916,26.28,47.1,0,0,1,1.47
ORD-00124,2024-01-14 10:25:22.384476,Morning,C,High,2,8,152.2,Medium,False,4.37,4.93,9.3,38,0,1,1,6,1,0.2447,-28.7,3.04,1,0,1,2.185
ORD-00125,2024-01-14 13:02:39.151830,Morning,A,High,21,8,224.2,Medium,True,19.95,16.31,36.26,38,0,1,1,6,1,0.9542,-1.74,47.08,1,0,0,0.95
ORD-00126,2024-01-14 15:39:55.919183,Night,E,High,5,10,248.8,High,True,8.51,11.88,20.39,38,0,1,1,6,1,0.5366,-17.61,12.44,1,1,0,1.702
ORD-00127,2024-01-14 18:17:12.686537,Evening,A,High,41,6,141.7,Medium,True,27.74,16.37,44.11,38,1,1,1,6,1,1.1608,6.11,58.1,0,0,0,0.677
ORD-00128,2024-01-14 20:54:29.453890,Evening,D,Urgent,5,10,156.3,Medium,True,7.99,8.39,16.38,28,0,1,1,6,1,0.585,-11.62,7.82,1,0,0,1.598
ORD-00129,2024-01-14 23:31:46.221244,Evening,C,Urgent,47,3,127.9,Low,True,34.16,21.41,55.57,28,1,1,1,6,1,1.9846,27.57,60.11,0,0,0,0.727
ORD-00130,2024-01-15 02:09:02.988597,Morning,A,Medium,3,5,103.2,Low,True,5.87,8.41,14.28,45,0,1,1,0,0,0.3173,-30.72,3.1,0,0,0,1.957
ORD-00131,2024-01-15 04:46:19.755951,Night,A,Low,31,8,168.5,Medium,True,18.97,16.42,35.39,55,0,1,1,0,0,0.6435,-19.61,52.24,1,0,0,0.612
ORD-00132,2024-01-15 07:23:36.523304,Evening,C,Low,17,8,160.0,Low,True,10.3,14.27,24.57,55,0,1,1,0,0,0.4467,-30.43,27.2,1,0,0,0.606
ORD-00133,2024-01-15 10:00:53.290658,Evening,B,Medium,6,8,85.6,High,False,6.37,8.36,14.73,45,0,1,1,0,0,0.3273,-30.27,5.14,1,1,1,1.062
ORD-00134,2024-01-15 12:38:10.058011,Evening,A,High,18,5,168.2,Low,True,13.23,10.44,23.67,38,1,1,1,0,0,0.6229,-14.33,30.28,0,0,0,0.735
ORD-00135,2024-01-15 15:15:26.825365,Morning,E,High,2,1,161.3,Low,True,7.79,2.91,10.7,38,0,1,1,0,0,0.2816,-27.3,3.23,0,0,0,3.895
ORD-00136,2024-01-15 17:52:43.592718,Morning,C,Medium,35,9,126.0,Medium,True,15.98,16.22,32.2,45,0,1,1,0,0,0.7156,-12.8,44.1,1,0,0,0.457
ORD-00137,2024-01-15 20:30:00.360072,Night,E,Medium,44,4,123.3,Medium,True,39.73,22.67,62.4,45,1,1,1,0,0,1.3867,17.4,54.25,0,0,0,0.903
ORD-00138,2024-01-15 23:07:17.127425,Evening,A,Medium,17,7,167.0,Low,False,8.07,13.69,21.76,45,0,1,1,0,0,0.4836,-23.24,28.39,1,0,1,0.475
ORD-00139,2024-01-16 01:44:33.894778,Morning,A,High,22,2,214.4,Medium,True,29.47,13.0,42.47,38,1,1,1,1,0,1.1176,4.47,47.17,0,0,0,1.34
ORD-00140,2024-01-16 04:21:50.662132,Morning,C,High,8,10,165.9,Medium,True,5.02,8.73,13.75,38,1,1,1,1,0,0.3618,-24.25,13.27,1,0,0,0.628
ORD-00141,2024-01-16 06:59:07.429485,Night,B,Low,25,3,181.2,Low,True,26.32,10.74,37.06,55,0,1,1,1,0,0.6738,-17.94,45.3,0,0,0,1.053
ORD-00142,2024-01-16 09:36:24.196839,Morning,A,Medium,48,10,116.7,Low,True,14.72,22.48,37.2,45,1,1,1,1,0,0.8267,-7.8,56.02,1,0,0,0.307
ORD-00143,2024-01-16 12:13:40.964192,Evening,A,Medium,27,8,133.4,Medium,True,13.72,10.97,24.69,45,0,1,1,1,0,0.5487,-20.31,36.02,1,0,0,0.508
ORD-00144,2024-01-16 14:50:57.731546,Evening,A,Medium,44,4,174.3,Medium,False,36.84,30.89,67.73,45,1,1,1,1,0,1.5051,22.73,76.69,0,0,1,0.837
ORD-00145,2024-01-16 17:28:14.498899,Night,D,High,40,4,95.7,Low,True,24.26,20.66,44.92,38,1,1,1,1,0,1.1821,6.92,38.28,0,0,0,0.606
ORD-00146,2024-01-16 20:05:31.266253,Evening,B,Urgent,7,10,158.3,Low,False,7.6,13.67,21.27,28,0,1,1,1,0,0.7596,-6.73,11.08,1,0,1,1.086
ORD-00147,2024-01-16 22:42:48.033606,Night,E,Low,3,6,169.7,Medium,True,16.41,5.59,22.0,55,0,1,1,1,0,0.4,-33.0,5.09,0,0,0,5.47
ORD-00148,2024-01-17 01:20:04.800960,Morning,A,Medium,19,7,148.5,Low,True,12.51,13.93,26.44,45,0,1,1,2,0,0.5876,-18.56,28.22,1,0,0,0.658
ORD-00149,2024-01-17 03:57:21.568313,Night,B,Medium,48,7,162.8,High,True,48.36,26.82,75.18,45,1,1,1,2,0,1.6707,30.18,78.14,1,1,0,1.008
ORD-00150,2024-01-17 06:34:38.335667,Night,B,Medium,9,3,152.3,Low,True,13.9,11.93,25.83,45,0,1,1,2,0,0.574,-19.17,13.71,0,0,0,1.544
ORD-00151,2024-01-17 09:11:55.103020,Evening,C,Medium,3,2,125.1,Medium,True,7.41,4.75,12.16,45,0,1,1,2,0,0.2702,-32.84,3.75,0,0,0,2.47
ORD-00152,2024-01-17 11:49:11.870374,Evening,E,Low,48,1,102.9,High,True,52.81,25.5,78.31,55,1,1,1,2,0,1.4238,23.31,49.39,0,1,0,1.1
ORD-00153,2024-01-17 14:26:28.637727,Morning,D,Low,10,5,146.4,Low,False,11.97,12.69,24.66,55,0,1,1,2,0,0.4484,-30.34,14.64,0,0,1,1.197
ORD-00154,2024-01-17 17:03:45.405081,Evening,A,High,18,7,202.2,Medium,True,17.88,12.24,30.12,38,0,1,1,2,0,0.7926,-7.88,36.4,1,0,0,0.993
ORD-00155,2024-01-17 19:41:02.172434,Morning,B,Low,40,4,191.0,Low,True,40.97,19.78,60.75,55,0,1,1,2,0,1.1045,5.75,76.4,0,0,0,1.024
ORD-00156,2024-01-17 22:18:18.939787,Morning,D,High,5,3,136.2,Medium,True,7.98,11.77,19.75,38,0,1,1,2,0,0.5197,-18.25,6.81,0,0,0,1.596
ORD-00157,2024-01-18 00:55:35.707141,Night,A,Medium,9,4,135.4,High,True,16.18,7.64,23.82,45,0,1,1,3,0,0.5293,-21.18,12.19,0,1,0,1.798
ORD-00158,2024-01-18 03:32:52.474494,Morning,C,Medium,37,3,132.4,High,True,39.77,22.55,62.32,45,1,1,1,3,0,1.3849,17.32,48.99,0,1,0,1.075
ORD-00159,2024-01-18 06:10:09.241848,Evening,B,Low,1,5,132.4,Low,True,8.67,5.36,14.03,55,0,1,1,3,0,0.2551,-40.97,1.32,0,0,0,8.67
ORD-00160,2024-01-18 08:47:26.009201,Morning,B,Low,36,6,161.5,High,False,39.79,25.1,64.89,55,0,1,1,3,0,1.1798,9.89,58.14,0,1,1,1.105
ORD-00161,2024-01-18 11:24:42.776555,Morning,B,Medium,28,3,192.3,High,True,43.37,16.59,59.96,45,0,1,1,3,0,1.3324,14.96,53.84,0,1,0,1.549
ORD-00162,2024-01-18 14:01:59.543908,Morning,B,High,13,1,240.5,Low,True,28.11,10.08,38.19,38,1,1,1,3,0,1.005,0.19,31.26,0,0,0,2.162
ORD-00163,2024-01-18 16:39:16.311262,Morning,E,Urgent,31,2,116.8,High,True,39.0,20.55,59.55,28,1,1,1,3,0,2.1268,31.55,36.21,0,1,0,1.258
ORD-00164,2024-01-18 19:16:33.078615,Evening,C,Low,17,5,176.0,Low,True,13.97,11.43,25.4,55,0,1,1,3,0,0.4618,-29.6,29.92,0,0,0,0.822
ORD-00165,2024-01-18 21:53:49.845969,Night,E,Low,48,2,171.7,High,True,57.84,24.53,82.37,55,1,1,1,3,0,1.4976,27.37,82.42,0,1,0,1.205
ORD-00166,2024-01-19 00:31:06.613322,Evening,D,Low,21,8,136.8,High,True,19.36,14.23,33.59,55,0,1,1,4,0,0.6107,-21.41,28.73,1,1,0,0.922
ORD-00167,2024-01-19 03:08:23.380676,Night,B,High,38,2,109.0,Medium,True,41.6,16.47,58.07,38,1,1,1,4,0,1.5282,20.07,41.42,0,0,0,1.095
ORD-00168,2024-01-19 05:45:40.148029,Evening,C,Medium,14,1,161.0,Low,True,13.68,13.74,27.42,45,1,1,1,4,0,0.6093,-17.58,22.54,0,0,0,0.977
ORD-00169,2024-01-19 08:22:56.915383,Evening,B,Medium,42,7,234.8,High,False,44.92,29.81,74.73,45,1,1,1,4,0,1.6607,29.73,98.62,1,1,1,1.07
ORD-00170,2024-01-19 11:00:13.682736,Morning,D,Urgent,15,7,160.8,Low,True,9.1,13.16,22.26,28,0,1,1,4,0,0.795,-5.74,24.12,1,0,0,0.607
ORD-00171,2024-01-19 13:37:30.450090,Morning,A,High,26,7,118.5,Medium,True,15.82,8.68,24.5,38,0,1,1,4,0,0.6447,-13.5,30.81,1,0,0,0.608
ORD-00172,2024-01-19 16:14:47.217443,Night,E,High,41,2,143.7,Medium,True,38.87,19.65,58.52,38,1,1,1,4,0,1.54,20.52,58.92,0,0,0,0.948
ORD-00173,2024-01-19 18:52:03.984796,Evening,C,Low,47,7,104.4,Low,True,23.35,24.58,47.93,55,0,1,1,4,0,0.8715,-7.07,49.07,1,0,0,0.497
ORD-00174,2024-01-19 21:29:20.752150,Evening,C,Medium,38,9,150.7,Low,True,17.01,19.59,36.6,45,1,1,1,4,0,0.8133,-8.4,57.27,1,0,0,0.448
ORD-00175,2024-01-20 00:06:37.519503,Night,C,Medium,34,7,177.3,Low,True,22.18,16.22,38.4,45,1,1,1,5,1,0.8533,-6.6,60.28,1,0,0,0.652
ORD-00176,2024-01-20 02:43:54.286857,Morning,C,High,35,4,122.3,High,True,32.5,17.49,49.99,38,1,1,1,5,1,1.3155,11.99,42.8,0,1,0,0.929
ORD-00177,2024-01-20 05:21:11.054210,Night,C,High,21,5,30.0,High,True,19.86,10.84,30.7,38,0,1,1,5,1,0.8079,-7.3,6.3,0,1,0,0.946
ORD-00178,2024-01-20 07:58:27.821564,Morning,C,Low,35,9,161.1,High,True,26.93,18.03,44.96,55,0,1,1,5,1,0.8175,-10.04,56.38,1,1,0,0.769
ORD-00179,2024-01-20 10:35:44.588917,Night,A,Urgent,29,2,129.9,Medium,True,28.8,17.44,46.24,28,1,1,1,5,1,1.6514,18.24,37.67,0,0,0,0.993
ORD-00180,2024-01-20 13:13:01.356271,Morning,C,Medium,27,8,120.0,Medium,True,15.16,20.5,35.66,45,0,1,1,5,1,0.7924,-9.34,32.4,1,0,0,0.561
ORD-00181,2024-01-20 15:50:18.123624,Morning,B,High,16,3,119.6,Medium,True,21.77,9.26,31.03,38,0,1,1,5,1,0.8166,-6.97,19.14,0,0,0,1.361
ORD-00182,2024-01-20 18:27:34.890978,Evening,C,Low,18,9,166.0,Medium,True,14.95,11.34,26.29,55,0,1,1,5,1,0.478,-28.71,29.88,1,0,0,0.831
ORD-00183,2024-01-20 21:04:51.658331,Morning,C,Medium,7,2,133.7,High,False,15.15,10.15,25.3,45,0,1,1,5,1,0.5622,-19.7,9.36,0,1,1,2.164
ORD-00184,2024-01-20 23:42:08.425685,Night,A,Low,37,6,187.2,Low,True,21.05,19.29,40.34,55,1,1,1,5,1,0.7335,-14.66,69.26,0,0,0,0.569
ORD-00185,2024-01-21 02:19:25.193038,Evening,D,High,2,5,188.1,High,True,9.51,3.87,13.38,38,0,1,1,6,1,0.3521,-24.62,3.76,0,1,0,4.755
ORD-00186,2024-01-21 04:56:41.960392,Morning,C,Low,6,5,139.2,High,True,10.78,5.48,16.26,55,0,1,1,6,1,0.2956,-38.74,8.35,0,1,0,1.797
ORD-00187,2024-01-21 07:33:58.727745,Morning,C,Medium,15,4,129.2,Low,True,10.63,11.66,22.29,45,0,1,1,6,1,0.4953,-22.71,19.38,0,0,0,0.709
ORD-00188,2024-01-21 10:11:15.495099,Night,D,High,8,1,155.1,High,True,24.47,7.1,31.57,38,1,1,1,6,1,0.8308,-6.43,12.41,0,1,0,3.059
ORD-00189,2024-01-21 12:48:32.262452,Evening,C,High,38,9,144.2,High,True,20.5,17.53,38.03,38,0,1,1,6,1,1.0008,0.03,54.8,1,1,0,0.539
ORD-00190,2024-01-21 15:25:49.029805,Night,D,High,7,6,79.9,Low,True,3.17,6.42,9.59,38,0,1,1,6,1,0.2524,-28.41,5.59,0,0,0,0.453
ORD-00191,2024-01-21 18:03:05.797159,Morning,A,High,23,7,226.6,Low,True,18.24,13.65,31.89,38,0,1,1,6,1,0.8392,-6.11,52.12,1,0,0,0.793
ORD-00192,2024-01-21 20:40:22.564512,Night,A,High,37,6,178.6,Medium,True,24.83,15.48,40.31,38,1,1,1,6,1,1.0608,2.31,66.08,0,0,0,0.671
ORD-00193,2024-01-21 23:17:39.331866,Evening,C,High,30,6,131.5,Medium,False,21.11,28.91,50.02,38,1,1,1,6,1,1.3163,12.02,39.45,0,0,1,0.704
ORD-00194,2024-01-22 01:54:56.099219,Evening,A,Medium,30,7,73.3,Low,True,15.43,18.95,34.38,45,1,1,1,0,0,0.764,-10.62,21.99,1,0,0,0.514
ORD-00195,2024-01-22 04:32:12.866573,Morning,A,Low,18,5,142.8,Medium,True,19.05,10.18,29.23,55,0,1,1,0,0,0.5315,-25.77,25.7,0,0,0,1.058
ORD-00196,2024-01-22 07:09:29.633926,Morning,A,Medium,23,2,126.5,Medium,True,21.74,14.2,35.94,45,0,1,1,0,0,0.7987,-9.06,29.1,0,0,0,0.945
ORD-00197,2024-01-22 09:46:46.401280,Night,B,Low,39,1,147.6,Low,True,43.86,22.2,66.06,55,0,1,1,0,0,1.2011,11.06,57.56,0,0,0,1.125
ORD-00198,2024-01-22 12:24:03.168633,Night,E,Medium,24,6,63.4,Low,True,9.71,11.92,21.63,45,0,1,1,0,0,0.4807,-23.37,15.22,0,0,0,0.405
ORD-00199,2024-01-22 15:01:19.935987,Morning,A,Medium,35,2,131.1,Low,True,24.51,18.61,43.12,45,0,1,1,0,0,0.9582,-1.88,45.88,0,0,0,0.7
ORD-00200,2024-01-22 17:38:36.703340,Night,B,Low,42,5,133.5,High,True,49.77,23.06,72.83,55,1,1,1,0,0,1.3242,17.83,56.07,0,1,0,1.185
ORD-00201,2024-01-22 20:15:53.470694,Morning,E,High,13,7,142.3,Low,False,15.87,14.2,30.07,38,1,1,1,0,0,0.7913,-7.93,18.5,1,0,1,1.221
ORD-00202,2024-01-22 22:53:10.238047,Morning,E,High,7,6,140.6,Medium,False,8.11,5.94,14.05,38,0,1,1,0,0,0.3697,-23.95,9.84,0,0,1,1.159
ORD-00203,2024-01-23 01:30:27.005401,Morning,A,Medium,24,2,152.1,Medium,False,21.67,20.55,42.22,45,1,1,1,1,0,0.9382,-2.78,36.5,0,0,1,0.903
ORD-00204,2024-01-23 04:07:43.772754,Morning,E,Urgent,20,7,210.8,High,True,24.82,15.34,40.16,28,1,1,1,1,0,1.4343,12.16,42.16,1,1,0,1.241
ORD-00205,2024-01-23 06:45:00.540108,Morning,A,Medium,8,10,129.4,High,True,8.3,6.17,14.47,45,0,1,1,1,0,0.3216,-30.53,10.35,1,1,0,1.038
ORD-00206,2024-01-23 09:22:17.307461,Morning,D,Medium,39,4,113.6,High,False,31.59,29.88,61.47,45,1,1,1,1,0,1.366,16.47,44.3,0,1,1,0.81
ORD-00207,2024-01-23 11:59:34.074814,Morning,A,Low,32,2,80.9,Medium,True,22.86,17.19,40.05,55,0,1,1,1,0,0.7282,-14.95,25.89,0,0,0,0.714
ORD-00208,2024-01-23 14:36:50.842168,Evening,B,Medium,33,6,129.6,Low,True,24.34,20.97,45.31,45,0,1,1,1,0,1.0069,0.31,42.77,0,0,0,0.738
ORD-00209,2024-01-23 17:14:07.609521,Night,A,Medium,36,7,93.9,Low,True,18.83,22.81,41.64,45,1,1,1,1,0,0.9253,-3.36,33.8,1,0,0,0.523
ORD-00210,2024-01-23 19:51:24.376875,Evening,D,High,22,4,188.4,Medium,True,20.3,15.66,35.96,38,1,1,1,1,0,0.9463,-2.04,41.45,0,0,0,0.923
ORD-00211,2024-01-23 22:28:41.144228,Morning,A,Medium,26,6,146.2,Low,True,19.47,11.75,31.22,45,0,1,1,1,0,0.6938,-13.78,38.01,0,0,0,0.749
ORD-00212,2024-01-24 01:05:57.911582,Night,C,Medium,12,8,187.6,Low,True,10.3,13.68,23.98,45,0,1,1,2,0,0.5329,-21.02,22.51,1,0,0,0.858
ORD-00213,2024-01-24 03:43:14.678935,Morning,D,Medium,37,6,208.6,Low,True,23.89,20.73,44.62,45,0,1,1,2,0,0.9916,-0.38,77.18,0,0,0,0.646
ORD-00214,2024-01-24 06:20:31.446289,Night,A,Medium,48,8,115.4,Low,True,21.82,25.82,47.64,45,1,1,1,2,0,1.0587,2.64,55.39,1,0,0,0.455
ORD-00215,2024-01-24 08:57:48.213642,Evening,E,High,44,2,136.1,Medium,False,39.7,31.47,71.17,38,1,1,1,2,0,1.8729,33.17,59.88,0,0,1,0.902
ORD-00216,2024-01-24 11:35:04.980996,Morning,B,High,21,3,203.3,High,False,41.69,14.64,56.33,38,1,1,1,2,0,1.4824,18.33,42.69,0,1,1,1.985
ORD-00217,2024-01-24 14:12:21.748349,Morning,A,High,3,6,157.6,Low,True,3.95,5.89,9.84,38,0,1,1,2,0,0.2589,-28.16,4.73,0,0,0,1.317
ORD-00218,2024-01-24 16:49:38.515703,Night,A,High,44,3,170.9,Low,True,29.68,22.15,51.83,38,1,1,1,2,0,1.3639,13.83,75.2,0,0,0,0.675
ORD-00219,2024-01-24 19:26:55.283056,Night,B,Medium,29,10,191.3,Medium,True,20.44,14.55,34.99,45,0,1,1,2,0,0.7776,-10.01,55.48,1,0,0,0.705
ORD-00220,2024-01-24 22:04:12.050410,Evening,A,Medium,39,7,185.9,Low,True,22.75,19.67,42.42,45,0,1,1,2,0,0.9427,-2.58,72.5,1,0,0,0.583
ORD-00221,2024-01-25 00:41:28.817763,Night,C,High,16,5,166.4,High,True,22.8,14.86,37.66,38,1,1,1,3,0,0.9911,-0.34,26.62,0,1,0,1.425
ORD-00222,2024-01-25 03:18:45.585117,Night,C,Medium,44,8,205.9,Low,True,21.51,22.18,43.69,45,0,1,1,3,0,0.9709,-1.31,90.6,1,0,0,0.489
ORD-00223,2024-01-25 05:56:02.352470,Morning,B,Medium,42,10,147.3,Low,True,19.59,18.2,37.79,45,0,1,1,3,0,0.8398,-7.21,61.87,1,0,0,0.466
ORD-00224,2024-01-25 08:33:19.119823,Evening,B,Low,1,1,170.8,Medium,True,14.76,7.75,22.51,55,0,1,1,3,0,0.4093,-32.49,1.71,0,0,0,14.76
ORD-00225,2024-01-25 11:10:35.887177,Morning,D,High,29,6,142.9,Medium,True,16.03,14.6,30.63,38,0,1,1,3,0,0.8061,-7.37,41.44,0,0,0,0.553
ORD-00226,2024-01-25 13:47:52.654530,Evening,B,Low,24,5,190.8,Medium,True,32.18,12.89,45.07,55,0,1,1,3,0,0.8195,-9.93,45.79,0,0,0,1.341
ORD-00227,2024-01-25 16:25:09.421884,Morning,C,Urgent,33,8,122.0,Low,True,16.06,17.96,34.02,28,1,1,1,3,0,1.215,6.02,40.26,1,0,0,0.487
ORD-00228,2024-01-25 19:02:26.189237,Night,E,Low,13,4,82.7,Low,True,8.02,11.07,19.09,55,0,1,1,3,0,0.3471,-35.91,10.75,0,0,0,0.617
ORD-00229,2024-01-25 21:39:42.956591,Evening,A,Medium,5,4,176.2,Low,False,6.87,8.31,15.18,45,0,1,1,3,0,0.3373,-29.82,8.81,0,0,1,1.374
ORD-00230,2024-01-26 00:16:59.723944,Morning,C,Medium,14,8,109.2,Medium,True,11.28,14.87,26.15,45,0,1,1,4,0,0.5811,-18.85,15.29,1,0,0,0.806
ORD-00231,2024-01-26 02:54:16.491298,Morning,E,Medium,27,9,105.2,Low,True,13.83,13.43,27.26,45,1,1,1,4,0,0.6058,-17.74,28.4,1,0,0,0.512
ORD-00232,2024-01-26 05:31:33.258651,Evening,C,Medium,14,2,200.6,Low,True,16.36,5.43,21.79,45,1,1,1,4,0,0.4842,-23.21,28.08,0,0,0,1.169
ORD-00233,2024-01-26 08:08:50.026005,Evening,E,High,24,7,188.7,Medium,True,20.34,16.66,37.0,38,1,1,1,4,0,0.9737,-1.0,45.29,1,0,0,0.848
ORD-00234,2024-01-26 10:46:06.793358,Night,B,Low,20,8,136.3,Medium,True,15.49,13.04,28.53,55,0,1,1,4,0,0.5187,-26.47,27.26,1,0,0,0.774
ORD-00235,2024-01-26 13:23:23.560712,Morning,C,Medium,35,2,30.0,Low,True,21.67,19.92,41.59,45,0,1,1,4,0,0.9242,-3.41,10.5,0,0,0,0.619
ORD-00236,2024-01-26 16:00:40.328065,Evening,B,Low,21,7,171.3,High,True,31.31,15.59,46.9,55,0,1,1,4,0,0.8527,-8.1,35.97,1,1,0,1.491
ORD-00237,2024-01-26 18:37:57.095419,Evening,A,Medium,8,10,176.5,Medium,True,13.37,6.16,19.53,45,0,1,1,4,0,0.434,-25.47,14.12,1,0,0,1.671
ORD-00238,2024-01-26 21:15:13.862772,Morning,E,Urgent,32,9,170.7,High,True,24.05,23.15,47.2,28,1,1,1,4,0,1.6857,19.2,54.62,1,1,0,0.752
ORD-00239,2024-01-26 23:52:30.630126,Evening,A,Medium,11,2,168.8,Low,False,15.28,9.01,24.29,45,0,1,1,4,0,0.5398,-20.71,18.57,0,0,1,1.389
ORD-00240,2024-01-27 02:29:47.397479,Morning,E,High,16,10,142.7,Medium,True,11.84,15.17,27.01,38,0,1,1,5,1,0.7108,-10.99,22.83,1,0,0,0.74
ORD-00241,2024-01-27 05:07:04.164832,Morning,C,Medium,36,4,133.6,Low,True,20.44,18.49,38.93,45,0,1,1,5,1,0.8651,-6.07,48.1,0,0,0,0.568
ORD-00242,2024-01-27 07:44:20.932186,Evening,E,Medium,14,5,105.8,Low,True,8.84,12.94,21.78,45,0,1,1,5,1,0.484,-23.22,14.81,0,0,0,0.631
ORD-00243,2024-01-27 10:21:37.699539,Night,E,High,4,3,122.1,Low,True,3.0,8.8,11.8,38,0,1,1,5,1,0.3105,-26.2,4.88,0,0,0,0.75
ORD-00244,2024-01-27 12:58:54.466893,Morning,C,Low,19,7,162.9,Low,True,14.8,12.47,27.27,55,0,1,1,5,1,0.4958,-27.73,30.95,1,0,0,0.779
ORD-00245,2024-01-27 15:36:11.234246,Morning,E,High,20,2,163.5,High,True,35.25,13.26,48.51,38,1,1,1,5,1,1.2766,10.51,32.7,0,1,0,1.762
ORD-00246,2024-01-27 18:13:28.001600,Evening,D,Medium,35,8,181.6,High,True,27.99,16.86,44.85,45,1,1,1,5,1,0.9967,-0.15,63.56,1,1,0,0.8
ORD-00247,2024-01-27 20:50:44.768953,Night,C,Medium,36,1,93.7,Low,False,27.71,24.45,52.16,45,0,1,1,5,1,1.1591,7.16,33.73,0,0,1,0.77
ORD-00248,2024-01-27 23:28:01.536307,Evening,C,Urgent,1,9,83.6,Low,True,3.0,4.99,7.99,28,0,1,1,5,1,0.2854,-20.01,0.84,1,0,0,3.0
ORD-00249,2024-01-28 02:05:18.303660,Morning,A,Medium,38,4,134.8,Low,True,23.74,20.15,43.89,45,1,1,1,6,1,0.9753,-1.11,51.22,0,0,0,0.625
ORD-00250,2024-01-28 04:42:35.071014,Evening,A,Urgent,38,6,109.2,Medium,True,26.73,20.85,47.58,28,1,1,1,6,1,1.6993,19.58,41.5,0,0,0,0.703
ORD-00251,2024-01-28 07:19:51.838367,Evening,B,Urgent,9,3,157.4,Low,True,16.46,8.06,24.52,28,0,1,1,6,1,0.8757,-3.48,14.17,0,0,0,1.829
ORD-00252,2024-01-28 09:57:08.605721,Evening,B,Medium,17,2,97.6,Medium,True,22.84,12.5,35.34,45,0,1,1,6,1,0.7853,-9.66,16.59,0,0,0,1.344
ORD-00253,2024-01-28 12:34:25.373074,Morning,A,Medium,39,1,197.2,Low,True,30.5,16.97,47.47,45,1,1,1,6,1,1.0549,2.47,76.91,0,0,0,0.782
ORD-00254,2024-01-28 15:11:42.140428,Morning,C,High,29,10,117.1,Medium,False,15.91,21.75,37.66,38,0,1,1,6,1,0.9911,-0.34,33.96,1,0,1,0.549
ORD-00255,2024-01-28 17:48:58.907781,Morning,C,Low,17,2,213.7,High,True,29.66,10.28,39.94,55,0,1,1,6,1,0.7262,-15.06,36.33,0,1,0,1.745
ORD-00256,2024-01-28 20:26:15.675135,Evening,C,High,39,1,171.0,Low,True,34.54,22.08,56.62,38,1,1,1,6,1,1.49,18.62,66.69,0,0,0,0.886
ORD-00257,2024-01-28 23:03:32.442488,Morning,E,Low,32,6,107.8,High,False,30.82,19.27,50.09,55,0,1,1,6,1,0.9107,-4.91,34.5,0,1,1,0.963
ORD-00258,2024-01-29 01:40:49.209841,Morning,E,Medium,26,10,233.8,High,True,17.68,16.85,34.53,45,0,1,1,0,0,0.7673,-10.47,60.79,1,1,0,0.68
ORD-00259,2024-01-29 04:18:05.977195,Evening,E,Medium,1,1,160.6,Medium,True,10.46,4.76,15.22,45,0,1,1,0,0,0.3382,-29.78,1.61,0,0,0,10.46
ORD-00260,2024-01-29 06:55:22.744548,Night,C,High,33,3,156.6,Low,True,24.69,18.36,43.05,38,0,1,1,0,0,1.1329,5.05,51.68,0,0,0,0.748
ORD-00261,2024-01-29 09:32:39.511902,Morning,A,High,9,6,147.4,Medium,True,9.56,10.23,19.79,38,0,1,1,0,0,0.5208,-18.21,13.27,0,0,0,1.062
ORD-00262,2024-01-29 12:09:56.279255,Evening,E,High,46,5,168.7,Low,True,28.04,19.96,48.0,38,0,1,1,0,0,1.2632,10.0,77.6,0,0,0,0.61
ORD-00263,2024-01-29 14:47:13.046609,Evening,A,Medium,10,2,171.0,High,True,18.11,10.19,28.3,45,0,1,1,0,0,0.6289,-16.7,17.1,0,1,0,1.811
ORD-00264,2024-01-29 17:24:29.813962,Morning,A,Medium,2,10,115.4,Medium,True,3.0,2.0,5.0,45,0,1,1,0,0,0.1111,-40.0,2.31,1,0,0,1.5
ORD-00265,2024-01-29 20:01:46.581316,Night,B,Medium,19,4,141.5,Medium,True,26.59,11.84,38.43,45,0,1,1,0,0,0.854,-6.57,26.88,0,0,0,1.399
ORD-00266,2024-01-29 22:39:03.348669,Night,C,Medium,18,7,154.6,Medium,True,16.25,11.95,28.2,45,0,1,1,0,0,0.6267,-16.8,27.83,1,0,0,0.903
ORD-00267,2024-01-30 01:16:20.116023,Morning,D,Medium,18,5,173.3,Low,True,15.15,8.74,23.89,45,0,1,1,1,0,0.5309,-21.11,31.19,0,0,0,0.842
ORD-00268,2024-01-30 03:53:36.883376,Morning,A,Medium,47,6,174.0,Medium,True,26.63,27.29,53.92,45,0,1,1,1,0,1.1982,8.92,81.78,0,0,0,0.567
ORD-00269,2024-01-30 06:30:53.650730,Morning,D,Medium,14,10,156.6,High,True,16.05,11.98,28.03,45,0,1,1,1,0,0.6229,-16.97,21.92,1,1,0,1.146
ORD-00270,2024-01-30 09:08:10.418083,Morning,A,Low,42,4,128.0,Low,True,25.31,18.61,43.92,55,0,1,1,1,0,0.7985,-11.08,53.76,0,0,0,0.603
ORD-00271,2024-01-30 11:45:27.185437,Evening,B,High,9,9,125.9,Low,True,13.13,12.95,26.08,38,0,1,1,1,0,0.6863,-11.92,11.33,1,0,0,1.459
ORD-00272,2024-01-30 14:22:43.952790,Night,B,Low,31,3,102.3,High,False,43.14,23.92,67.06,55,1,1,1,1,0,1.2193,12.06,31.71,0,1,1,1.392
ORD-00273,2024-01-30 17:00:00.720144,Night,B,Urgent,7,4,173.7,Low,True,13.92,10.81,24.73,28,0,1,1,1,0,0.8832,-3.27,12.16,0,0,0,1.989
ORD-00274,2024-01-30 19:37:17.487497,Morning,D,Medium,12,1,125.4,High,True,23.66,11.79,35.45,45,0,1,1,1,0,0.7878,-9.55,15.05,0,1,0,1.972
ORD-00275,2024-01-30 22:14:34.254850,Evening,A,Low,8,4,142.3,Low,False,11.35,9.75,21.1,55,0,1,1,1,0,0.3836,-33.9,11.38,0,0,1,1.419
ORD-00276,2024-01-31 00:51:51.022204,Morning,A,Urgent,17,6,159.5,Medium,False,14.92,16.06,30.98,28,0,1,1,2,0,1.1064,2.98,27.12,0,0,1,0.878
ORD-00277,2024-01-31 03:29:07.789557,Evening,A,Medium,23,7,150.2,Medium,True,15.79,14.1,29.89,45,0,1,1,2,0,0.6642,-15.11,34.55,1,0,0,0.687
ORD-00278,2024-01-31 06:06:24.556911,Morning,D,High,43,5,149.8,Low,True,27.18,23.72,50.9,38,1,1,1,2,0,1.3395,12.9,64.41,0,0,0,0.632
ORD-00279,2024-01-31 08:43:41.324264,Night,E,Medium,38,4,113.8,Low,True,24.77,19.33,44.1,45,1,1,1,2,0,0.98,-0.9,43.24,0,0,0,0.652
ORD-00280,2024-01-31 11:20:58.091618,Night,C,Medium,35,3,160.8,Low,False,26.16,20.39,46.55,45,1,1,1,2,0,1.0344,1.55,56.28,0,0,1,0.747
ORD-00281,2024-01-31 13:58:14.858971,Morning,C,High,25,10,137.5,Medium,True,12.06,11.54,23.6,38,0,1,1,2,0,0.6211,-14.4,34.38,1,0,0,0.482
ORD-00282,2024-01-31 16:35:31.626325,Evening,E,Medium,15,4,146.5,Low,True,13.08,12.97,26.05,45,0,1,1,2,0,0.5789,-18.95,21.98,0,0,0,0.872
ORD-00283,2024-01-31 19:12:48.393678,Evening,B,Medium,15,4,196.3,Low,True,19.43,12.02,31.45,45,1,1,1,2,0,0.6989,-13.55,29.44,0,0,0,1.295
ORD-00284,2024-01-31 21:50:05.161032,Night,A,Medium,7,10,170.2,Medium,True,11.93,9.2,21.13,45,0,1,1,2,0,0.4696,-23.87,11.91,1,0,0,1.704
ORD-00285,2024-02-01 00:27:21.928385,Evening,C,Medium,34,7,127.2,High,True,29.68,18.09,47.77,45,0,2,1,3,0,1.0616,2.77,43.25,1,1,0,0.873
ORD-00286,2024-02-01 03:04:38.695739,Morning,B,Low,40,9,144.0,Low,False,23.99,27.55,51.54,55,0,2,1,3,0,0.9371,-3.46,57.6,1,0,1,0.6
ORD-00287,2024-02-01 05:41:55.463092,Evening,C,High,28,4,214.0,Medium,True,27.03,20.21,47.24,38,1,2,1,3,0,1.2432,9.24,59.92,0,0,0,0.965
ORD-00288,2024-02-01 08:19:12.230446,Morning,C,Medium,29,5,137.7,High,True,27.38,16.51,43.89,45,1,2,1,3,0,0.9753,-1.11,39.93,0,1,0,0.944
ORD-00289,2024-02-01 10:56:28.997799,Evening,B,Urgent,19,8,151.6,Medium,True,17.56,14.32,31.88,28,1,2,1,3,0,1.1386,3.88,28.8,1,0,0,0.924
ORD-00290,2024-02-01 13:33:45.765153,Morning,C,Medium,49,10,176.6,High,True,33.57,25.71,59.28,45,1,2,1,3,0,1.3173,14.28,86.53,1,1,0,0.685
ORD-00291,2024-02-01 16:11:02.532506,Evening,B,Medium,45,8,158.6,Medium,True,34.73,22.87,57.6,45,1,2,1,3,0,1.28,12.6,71.37,1,0,0,0.772
ORD-00292,2024-02-01 18:48:19.299859,Night,A,Medium,21,5,135.1,Medium,True,19.63,15.98,35.61,45,0,2,1,3,0,0.7913,-9.39,28.37,0,0,0,0.935
ORD-00293,2024-02-01 21:25:36.067213,Morning,E,High,38,6,120.3,Medium,True,27.51,19.92,47.43,38,1,2,1,3,0,1.2482,9.43,45.71,0,0,0,0.724
ORD-00294,2024-02-02 00:02:52.834566,Evening,D,High,18,4,149.6,Low,True,12.26,12.28,24.54,38,0,2,1,4,0,0.6458,-13.46,26.93,0,0,0,0.681
ORD-00295,2024-02-02 02:40:09.601920,Evening,A,Medium,7,5,176.3,Medium,True,12.2,6.96,19.16,45,0,2,1,4,0,0.4258,-25.84,12.34,0,0,0,1.743
ORD-00296,2024-02-02 05:17:26.369273,Morning,A,Medium,15,4,202.8,Medium,False,16.13,14.53,30.66,45,0,2,1,4,0,0.6813,-14.34,30.42,0,0,1,1.075
ORD-00297,2024-02-02 07:54:43.136627,Evening,A,High,42,1,91.4,Low,True,32.76,21.99,54.75,38,1,2,1,4,0,1.4408,16.75,38.39,0,0,0,0.78
ORD-00298,2024-02-02 10:31:59.903980,Evening,A,Low,25,9,220.5,Medium,False,15.19,21.79,36.98,55,0,2,1,4,0,0.6724,-18.02,55.12,1,0,1,0.608
ORD-00299,2024-02-02 13:09:16.671334,Morning,A,Medium,44,2,138.5,Medium,True,35.71,26.02,61.73,45,1,2,1,4,0,1.3718,16.73,60.94,0,0,0,0.812
ORD-00300,2024-02-02 15:46:33.438687,Night,A,High,17,3,187.0,Low,True,19.41,11.55,30.96,38,0,2,1,4,0,0.8147,-7.04,31.79,0,0,0,1.142
ORD-00301,2024-02-02 18:23:50.206041,Evening,D,Medium,23,3,120.5,Low,True,15.0,13.41,28.41,45,0,2,1,4,0,0.6313,-16.59,27.72,0,0,0,0.652
ORD-00302,2024-02-02 21:01:06.973394,Evening,D,High,4,3,85.6,Low,False,5.09,9.85,14.94,38,1,2,1,4,0,0.3932,-23.06,3.42,0,0,1,1.272
ORD-00303,2024-02-02 23:38:23.740748,Morning,D,High,40,5,97.5,Low,True,14.74,21.56,36.3,38,0,2,1,4,0,0.9553,-1.7,39.0,0,0,0,0.368
ORD-00304,2024-02-03 02:15:40.508101,Morning,C,Low,16,10,136.8,Medium,True,9.38,8.37,17.75,55,0,2,1,5,1,0.3227,-37.25,21.89,1,0,0,0.586
ORD-00305,2024-02-03 04:52:57.275455,Morning,D,Medium,5,4,171.0,Low,True,10.63,5.71,16.34,45,0,2,1,5,1,0.3631,-28.66,8.55,0,0,0,2.126
ORD-00306,2024-02-03 07:30:14.042808,Night,D,Medium,11,8,151.2,Low,True,6.65,9.53,16.18,45,0,2,1,5,1,0.3596,-28.82,16.63,1,0,0,0.605
ORD-00307,2024-02-03 10:07:30.810162,Night,E,High,34,8,140.0,Low,True,19.82,16.23,36.05,38,0,2,1,5,1,0.9487,-1.95,47.6,1,0,0,0.583
ORD-00308,2024-02-03 12:44:47.577515,Night,D,Medium,41,8,194.7,High,True,28.86,22.11,50.97,45,1,2,1,5,1,1.1327,5.97,79.83,1,1,0,0.704
ORD-00309,2024-02-03 15:22:04.344868,Morning,D,Medium,48,7,150.1,High,True,36.06,27.53,63.59,45,1,2,1,5,1,1.4131,18.59,72.05,1,1,0,0.751
ORD-00310,2024-02-03 17:59:21.112222,Evening,D,Medium,12,8,161.2,Low,False,7.02,13.23,20.25,45,0,2,1,5,1,0.45,-24.75,19.34,1,0,1,0.585
ORD-00311,2024-02-03 20:36:37.879575,Night,C,Low,30,8,274.4,Low,False,19.75,21.76,41.51,55,0,2,1,5,1,0.7547,-13.49,82.32,1,0,1,0.658
ORD-00312,2024-02-03 23:13:54.646929,Evening,A,Low,23,7,149.7,Low,False,10.52,15.81,26.33,55,0,2,1,5,1,0.4787,-28.67,34.43,1,0,1,0.457
ORD-00313,2024-02-04 01:51:11.414282,Morning,A,Medium,36,6,122.2,Low,True,19.78,24.65,44.43,45,0,2,1,6,1,0.9873,-0.57,43.99,0,0,0,0.549
ORD-00314,2024-02-04 04:28:28.181636,Night,B,Low,34,1,169.2,Medium,True,44.92,18.62,63.54,55,0,2,1,6,1,1.1553,8.54,57.53,0,0,0,1.321
ORD-00315,2024-02-04 07:05:44.948989,Morning,A,Low,4,6,179.4,Medium,True,12.09,9.02,21.11,55,0,2,1,6,1,0.3838,-33.89,7.18,0,0,0,3.022
ORD-00316,2024-02-04 09:43:01.716343,Morning,A,High,8,8,162.0,Medium,False,7.74,8.21,15.95,38,0,2,1,6,1,0.4197,-22.05,12.96,1,0,1,0.968
ORD-00317,2024-02-04 12:20:18.483696,Night,A,High,30,4,156.3,High,True,30.13,13.21,43.34,38,1,2,1,6,1,1.1405,5.34,46.89,0,1,0,1.004
ORD-00318,2024-02-04 14:57:35.251050,Evening,B,Low,27,3,209.3,High,True,44.71,16.93,61.64,55,0,2,1,6,1,1.1207,6.64,56.51,0,1,0,1.656
ORD-00319,2024-02-04 17:34:52.018403,Morning,E,Medium,45,6,204.3,Low,True,29.63,25.72,55.35,45,1,2,1,6,1,1.23,10.35,91.94,0,0,0,0.658
ORD-00320,2024-02-04 20:12:08.785757,Evening,B,Low,43,2,145.3,Medium,True,54.72,22.31,77.03,55,1,2,1,6,1,1.4005,22.03,62.48,0,0,0,1.273
ORD-00321,2024-02-04 22:49:25.553110,Night,A,Medium,3,8,124.3,Low,True,3.0,11.27,14.27,45,0,2,1,6,1,0.3171,-30.73,3.73,1,0,0,1.0
ORD-00322,2024-02-05 01:26:42.320464,Morning,B,Urgent,30,10,167.2,Medium,True,20.88,16.7,37.58,28,1,2,1,0,0,1.3421,9.58,50.16,1,0,0,0.696
ORD-00323,2024-02-05 04:03:59.087817,Night,B,Medium,21,5,124.0,Low,True,22.68,15.89,38.57,45,0,2,1,0,0,0.8571,-6.43,26.04,0,0,0,1.08
ORD-00324,2024-02-05 06:41:15.855171,Morning,D,Low,25,1,185.4,Low,True,21.77,19.89,41.66,55,0,2,1,0,0,0.7575,-13.34,46.35,0,0,0,0.871
ORD-00325,2024-02-05 09:18:32.622524,Morning,C,Medium,4,3,167.0,Low,True,11.35,6.69,18.04,45,0,2,1,0,0,0.4009,-26.96,6.68,0,0,0,2.838
ORD-00326,2024-02-05 11:55:49.389877,Evening,A,High,42,1,256.8,Low,True,40.98,22.67,63.65,38,1,2,1,0,0,1.675,25.65,107.86,0,0,0,0.976
ORD-00327,2024-02-05 14:33:06.157231,Evening,C,Medium,9,5,208.9,Low,False,12.25,11.89,24.14,45,0,2,1,0,0,0.5364,-20.86,18.8,0,0,1,1.361
ORD-00328,2024-02-05 17:10:22.924584,Morning,A,Urgent,48,4,106.9,Medium,False,31.94,28.87,60.81,28,1,2,1,0,0,2.1718,32.81,51.31,0,0,1,0.665
ORD-00329,2024-02-05 19:47:39.691938,Evening,D,Medium,47,8,129.2,Low,True,22.46,27.21,49.67,45,1,2,1,0,0,1.1038,4.67,60.72,1,0,0,0.478
ORD-00330,2024-02-05 22:24:56.459291,Evening,E,Low,42,9,73.4,High,False,26.82,29.25,56.07,55,0,2,1,0,0,1.0195,1.07,30.83,1,1,1,0.639
ORD-00331,2024-02-06 01:02:13.226645,Evening,E,Medium,6,5,64.5,Low,True,5.68,3.14,8.82,45,0,2,1,1,0,0.196,-36.18,3.87,0,0,0,0.947
ORD-00332,2024-02-06 03:39:29.993998,Evening,A,High,21,10,154.6,High,True,16.27,11.82,28.09,38,0,2,1,1,0,0.7392,-9.91,32.47,1,1,0,0.775
ORD-00333,2024-02-06 06:16:46.761352,Night,D,Medium,2,5,102.3,Low,True,7.07,7.43,14.5,45,0,2,1,1,0,0.3222,-30.5,2.05,0,0,0,3.535
ORD-00334,2024-02-06 08:54:03.528705,Evening,D,Urgent,31,2,215.6,Low,True,26.23,17.22,43.45,28,1,2,1,1,0,1.5518,15.45,66.84,0,0,0,0.846
ORD-00335,2024-02-06 11:31:20.296059,Evening,E,Urgent,44,10,196.3,Low,True,20.68,20.3,40.98,28,1,2,1,1,0,1.4636,12.98,86.37,1,0,0,0.47
ORD-00336,2024-02-06 14:08:37.063412,Evening,B,Low,27,4,139.1,Low,True,27.36,18.09,45.45,55,1,2,1,1,0,0.8264,-9.55,37.56,0,0,0,1.013
ORD-00337,2024-02-06 16:45:53.830766,Evening,C,Low,2,9,136.9,Low,False,3.54,8.93,12.47,55,0,2,1,1,0,0.2267,-42.53,2.74,1,0,1,1.77
ORD-00338,2024-02-06 19:23:10.598119,Morning,A,Medium,16,8,209.4,Medium,True,17.44,10.74,28.18,45,0,2,1,1,0,0.6262,-16.82,33.5,1,0,0,1.09
ORD-00339,2024-02-06 22:00:27.365473,Morning,A,High,9,10,218.6,Low,True,5.59,8.49,14.08,38,0,2,1,1,0,0.3705,-23.92,19.67,1,0,0,0.621
ORD-00340,2024-02-07 00:37:44.132826,Morning,C,High,22,7,112.7,Low,True,12.86,16.88,29.74,38,0,2,1,2,0,0.7826,-8.26,24.79,1,0,0,0.585
ORD-00341,2024-02-07 03:15:00.900180,Morning,B,Medium,19,6,107.6,Low,False,18.28,13.62,31.9,45,0,2,1,2,0,0.7089,-13.1,20.44,0,0,1,0.962
ORD-00342,2024-02-07 05:52:17.667533,Night,A,Urgent,42,3,138.0,Medium,True,31.03,21.39,52.42,28,1,2,1,2,0,1.8721,24.42,57.96,0,0,0,0.739
ORD-00343,2024-02-07 08:29:34.434886,Evening,D,Medium,12,3,167.2,Low,True,15.32,12.2,27.52,45,1,2,1,2,0,0.6116,-17.48,20.06,0,0,0,1.277
ORD-00344,2024-02-07 11:06:51.202240,Evening,C,High,16,4,129.5,Low,True,14.54,10.13,24.67,38,0,2,1,2,0,0.6492,-13.33,20.72,0,0,0,0.909
ORD-00345,2024-02-07 13:44:07.969593,Evening,E,High,12,4,168.1,Low,True,17.62,12.51,30.13,38,1,2,1,2,0,0.7929,-7.87,20.17,0,0,0,1.468
ORD-00346,2024-02-07 16:21:24.736947,Evening,D,Low,45,6,228.0,Medium,True,32.62,25.37,57.99,55,0,2,1,2,0,1.0544,2.99,102.6,0,0,0,0.725
ORD-00347,2024-02-07 18:58:41.504300,Evening,E,Medium,15,9,93.8,Medium,True,9.47,13.85,23.32,45,0,2,1,2,0,0.5182,-21.68,14.07,1,0,0,0.631
ORD-00348,2024-02-07 21:35:58.271654,Evening,D,Medium,50,1,132.2,Medium,False,41.62,30.23,71.85,45,1,2,1,2,0,1.5967,26.85,66.1,0,0,1,0.832
ORD-00349,2024-02-08 00:13:15.039007,Evening,A,Urgent,34,7,94.5,Medium,True,20.43,18.43,38.86,28,0,2,1,3,0,1.3879,10.86,32.13,1,0,0,0.601
ORD-00350,2024-02-08 02:50:31.806361,Morning,A,Medium,16,8,116.5,Low,False,14.48,16.45,30.93,45,0,2,1,3,0,0.6873,-14.07,18.64,1,0,1,0.905
ORD-00351,2024-02-08 05:27:48.573714,Evening,E,High,30,5,138.2,Medium,True,25.36,16.0,41.36,38,0,2,1,3,0,1.0884,3.36,41.46,0,0,0,0.845
ORD-00352,2024-02-08 08:05:05.341068,Evening,A,Medium,7,3,120.9,Medium,False,10.4,7.03,17.43,45,0,2,1,3,0,0.3873,-27.57,8.46,0,0,1,1.486
ORD-00353,2024-02-08 10:42:22.108421,Night,B,Medium,46,5,170.8,Medium,True,44.29,20.83,65.12,45,1,2,1,3,0,1.4471,20.12,78.57,0,0,0,0.963
ORD-00354,2024-02-08 13:19:38.875775,Night,C,Urgent,48,9,156.0,Low,True,21.82,27.46,49.28,28,1,2,1,3,0,1.76,21.28,74.88,1,0,0,0.455
ORD-00355,2024-02-08 15:56:55.643128,Night,A,Medium,15,10,162.0,Medium,False,7.25,11.45,18.7,45,0,2,1,3,0,0.4156,-26.3,24.3,1,0,1,0.483
ORD-00356,2024-02-08 18:34:12.410482,Evening,A,High,9,7,137.7,Medium,True,8.71,7.43,16.14,38,0,2,1,3,0,0.4247,-21.86,12.39,1,0,0,0.968
ORD-00357,2024-02-08 21:11:29.177835,Morning,C,Medium,22,5,141.4,Medium,True,17.0,13.81,30.81,45,0,2,1,3,0,0.6847,-14.19,31.11,0,0,0,0.773
ORD-00358,2024-02-08 23:48:45.945189,Evening,B,Low,39,7,136.0,Medium,False,29.87,24.72,54.59,55,0,2,1,3,0,0.9925,-0.41,53.04,1,0,1,0.766
ORD-00359,2024-02-09 02:26:02.712542,Night,D,Low,32,7,140.1,Medium,False,21.59,23.25,44.84,55,0,2,1,4,0,0.8153,-10.16,44.83,1,0,1,0.675
ORD-00360,2024-02-09 05:03:19.479895,Night,A,Medium,2,8,166.8,Low,True,5.9,4.32,10.22,45,0,2,1,4,0,0.2271,-34.78,3.34,1,0,0,2.95
ORD-00361,2024-02-09 07:40:36.247249,Night,C,High,1,2,73.1,Low,True,3.0,5.99,8.99,38,0,2,1,4,0,0.2366,-29.01,0.73,0,0,0,3.0
ORD-00362,2024-02-09 10:17:53.014602,Morning,A,Medium,12,1,161.5,Low,True,14.9,10.89,25.79,45,0,2,1,4,0,0.5731,-19.21,19.38,0,0,0,1.242
ORD-00363,2024-02-09 12:55:09.781956,Evening,C,Medium,38,4,115.3,Low,True,24.38,19.23,43.61,45,0,2,1,4,0,0.9691,-1.39,43.81,0,0,0,0.642
ORD-00364,2024-02-09 15:32:26.549309,Night,A,Low,14,3,136.4,Medium,True,16.1,6.54,22.64,55,0,2,1,4,0,0.4116,-32.36,19.1,0,0,0,1.15
ORD-00365,2024-02-09 18:09:43.316663,Evening,A,High,45,7,87.5,Medium,True,20.91,23.24,44.15,38,0,2,1,4,0,1.1618,6.15,39.38,1,0,0,0.465
ORD-00366,2024-02-09 20:47:00.084016,Evening,D,High,15,6,135.7,Medium,True,10.05,11.21,21.26,38,0,2,1,4,0,0.5595,-16.74,20.36,0,0,0,0.67
ORD-00367,2024-02-09 23:24:16.851370,Evening,A,High,45,10,161.1,Medium,False,17.08,29.71,46.79,38,1,2,1,4,0,1.2313,8.79,72.5,1,0,1,0.38
ORD-00368,2024-02-10 02:01:33.618723,Evening,D,Urgent,46,8,168.3,Medium,True,22.42,25.37,47.79,28,1,2,1,5,1,1.7068,19.79,77.42,1,0,0,0.487
ORD-00369,2024-02-10 04:38:50.386077,Morning,B,Low,37,2,102.5,Low,True,33.03,17.0,50.03,55,0,2,1,5,1,0.9096,-4.97,37.92,0,0,0,0.893
ORD-00370,2024-02-10 07:16:07.153430,Morning,A,Low,9,9,166.4,Low,False,5.04,6.07,11.11,55,0,2,1,5,1,0.202,-43.89,14.98,1,0,1,0.56
ORD-00371,2024-02-10 09:53:23.920784,Night,B,Medium,4,8,195.6,Low,True,11.96,7.41,19.37,45,0,2,1,5,1,0.4304,-25.63,7.82,1,0,0,2.99
ORD-00372,2024-02-10 12:30:40.688137,Night,E,Medium,9,4,130.3,Medium,True,17.49,7.4,24.89,45,0,2,1,5,1,0.5531,-20.11,11.73,0,0,0,1.943
ORD-00373,2024-02-10 15:07:57.455491,Night,B,High,32,1,150.0,Low,False,38.11,23.43,61.54,38,1,2,1,5,1,1.6195,23.54,48.0,0,0,1,1.191
ORD-00374,2024-02-10 17:45:14.222844,Morning,A,High,35,8,67.3,Low,False,13.48,24.34,37.82,38,0,2,1,5,1,0.9953,-0.18,23.55,1,0,1,0.385
ORD-00375,2024-02-10 20:22:30.990198,Morning,C,Low,50,2,114.1,Low,True,35.93,27.54,63.47,55,0,2,1,5,1,1.154,8.47,57.05,0,0,0,0.719
ORD-00376,2024-02-10 22:59:47.757551,Morning,B,Urgent,48,3,160.8,Medium,True,52.0,28.23,80.23,28,1,2,1,5,1,2.8654,52.23,77.18,0,0,0,1.083
ORD-00377,2024-02-11 01:37:04.524904,Night,D,Low,16,5,188.2,High,True,18.85,9.88,28.73,55,0,2,1,6,1,0.5224,-26.27,30.11,0,1,0,1.178
ORD-00378,2024-02-11 04:14:21.292258,Evening,E,High,20,1,126.0,High,True,32.5,11.42,43.92,38,1,2,1,6,1,1.1558,5.92,25.2,0,1,0,1.625
ORD-00379,2024-02-11 06:51:38.059611,Night,C,Medium,39,4,256.8,Low,True,36.73,20.49,57.22,45,1,2,1,6,1,1.2716,12.22,100.15,0,0,0,0.942
ORD-00380,2024-02-11 09:28:54.826965,Morning,C,High,39,3,162.6,Medium,True,31.05,17.05,48.1,38,1,2,1,6,1,1.2658,10.1,63.41,0,0,0,0.796
ORD-00381,2024-02-11 12:06:11.594318,Evening,B,Low,16,1,99.1,Low,True,23.25,11.99,35.24,55,0,2,1,6,1,0.6407,-19.76,15.86,0,0,0,1.453
ORD-00382,2024-02-11 14:43:28.361672,Night,E,Urgent,2,10,201.5,Medium,True,5.84,7.62,13.46,28,0,2,1,6,1,0.4807,-14.54,4.03,1,0,0,2.92
ORD-00383,2024-02-11 17:20:45.129025,Morning,C,Urgent,5,3,99.9,Low,False,6.81,12.75,19.56,28,0,2,1,6,1,0.6986,-8.44,5.0,0,0,1,1.362
ORD-00384,2024-02-11 19:58:01.896379,Night,A,Medium,42,6,163.1,Low,True,24.8,23.03,47.83,45,1,2,1,6,1,1.0629,2.83,68.5,0,0,0,0.59
ORD-00385,2024-02-11 22:35:18.663732,Evening,E,Medium,18,9,112.8,Medium,True,15.72,6.78,22.5,45,0,2,1,6,1,0.5,-22.5,20.3,1,0,0,0.873
ORD-00386,2024-02-12 01:12:35.431086,Morning,E,High,37,5,95.7,Low,True,23.79,18.53,42.32,38,1,2,1,0,0,1.1137,4.32,35.41,0,0,0,0.643
ORD-00387,2024-02-12 03:49:52.198439,Morning,B,Medium,41,3,188.5,High,True,60.23,21.32,81.55,45,1,2,1,0,0,1.8122,36.55,77.28,0,1,0,1.469
ORD-00388,2024-02-12 06:27:08.965793,Night,B,Medium,45,8,139.6,Low,True,30.17,23.1,53.27,45,0,2,1,0,0,1.1838,8.27,62.82,1,0,0,0.67
ORD-00389,2024-02-12 09:04:25.733146,Evening,D,Medium,25,7,219.0,High,False,26.36,21.93,48.29,45,0,2,1,0,0,1.0731,3.29,54.75,1,1,1,1.054
ORD-00390,2024-02-12 11:41:42.500500,Night,D,High,32,1,109.3,Low,True,24.71,15.99,40.7,38,0,2,1,0,0,1.0711,2.7,34.98,0,0,0,0.772
ORD-00391,2024-02-12 14:18:59.267853,Night,C,High,10,9,87.6,Low,True,8.6,15.73,24.33,38,0,2,1,0,0,0.6403,-13.67,8.76,1,0,0,0.86
ORD-00392,2024-02-12 16:56:16.035207,Evening,B,Low,48,2,130.8,Medium,True,51.67,24.33,76.0,55,1,2,1,0,0,1.3818,21.0,62.78,0,0,0,1.076
ORD-00393,2024-02-12 19:33:32.802560,Night,B,Urgent,45,8,265.6,Medium,True,34.88,25.07,59.95,28,1,2,1,0,0,2.1411,31.95,119.52,1,0,0,0.775
ORD-00394,2024-02-12 22:10:49.569913,Night,B,Medium,20,1,183.4,High,True,46.0,8.82,54.82,45,1,2,1,0,0,1.2182,9.82,36.68,0,1,0,2.3
ORD-00395,2024-02-13 00:48:06.337267,Morning,A,Low,19,1,172.2,Medium,True,21.02,14.27,35.29,55,0,2,1,1,0,0.6416,-19.71,32.72,0,0,0,1.106
ORD-00396,2024-02-13 03:25:23.104620,Night,D,Urgent,37,2,173.5,Medium,False,31.35,24.55,55.9,28,1,2,1,1,0,1.9964,27.9,64.2,0,0,1,0.847
ORD-00397,2024-02-13 06:02:39.871974,Morning,A,Medium,21,8,130.6,Low,True,10.86,13.11,23.97,45,0,2,1,1,0,0.5327,-21.03,27.43,1,0,0,0.517
ORD-00398,2024-02-13 08:39:56.639327,Morning,B,Low,37,5,259.2,High,True,52.27,17.49,69.76,55,0,2,1,1,0,1.2684,14.76,95.9,0,1,0,1.413
ORD-00399,2024-02-13 11:17:13.406681,Evening,D,Medium,5,7,168.3,Medium,True,6.72,2.59,9.31,45,0,2,1,1,0,0.2069,-35.69,8.42,1,0,0,1.344
ORD-00400,2024-02-13 13:54:30.174034,Night,B,High,14,3,164.6,Medium,True,24.71,7.27,31.98,38,1,2,1,1,0,0.8416,-6.02,23.04,0,0,0,1.765
ORD-00401,2024-02-13 16:31:46.941388,Morning,B,Low,40,2,189.4,Medium,True,51.54,21.56,73.1,55,1,2,1,1,0,1.3291,18.1,75.76,0,0,0,1.288
ORD-00402,2024-02-13 19:09:03.708741,Evening,E,Medium,47,8,99.1,Low,True,23.84,24.29,48.13,45,1,2,1,1,0,1.0696,3.13,46.58,1,0,0,0.507
ORD-00403,2024-02-13 21:46:20.476095,Evening,A,Low,2,9,114.8,High,False,6.98,7.54,14.52,55,0,2,1,1,0,0.264,-40.48,2.3,1,1,1,3.49
ORD-00404,2024-02-14 00:23:37.243448,Morning,E,Medium,39,9,140.2,Medium,True,20.89,21.59,42.48,45,0,2,1,2,0,0.944,-2.52,54.68,1,0,0,0.536
ORD-00405,2024-02-14 03:00:54.010802,Night,A,Medium,4,1,189.7,High,False,16.19,13.71,29.9,45,0,2,1,2,0,0.6644,-15.1,7.59,0,1,1,4.048
ORD-00406,2024-02-14 05:38:10.778155,Night,B,Low,44,10,98.1,Medium,True,27.73,22.53,50.26,55,1,2,1,2,0,0.9138,-4.74,43.16,1,0,0,0.63
ORD-00407,2024-02-14 08:15:27.545509,Morning,C,Urgent,13,6,147.3,Medium,True,12.27,11.04,23.31,28,0,2,1,2,0,0.8325,-4.69,19.15,0,0,0,0.944
ORD-00408,2024-02-14 10:52:44.312862,Morning,B,High,19,2,141.6,Medium,True,26.45,13.06,39.51,38,0,2,1,2,0,1.0397,1.51,26.9,0,0,0,1.392
ORD-00409,2024-02-14 13:30:01.080216,Night,C,High,36,2,87.0,Medium,False,32.69,24.38,57.07,38,1,2,1,2,0,1.5018,19.07,31.32,0,0,1,0.908
ORD-00410,2024-02-14 16:07:17.847569,Morning,A,Urgent,43,6,129.6,Low,True,23.27,18.6,41.87,28,1,2,1,2,0,1.4954,13.87,55.73,0,0,0,0.541
ORD-00411,2024-02-14 18:44:34.614922,Morning,C,Urgent,21,7,171.7,Medium,True,16.24,14.99,31.23,28,0,2,1,2,0,1.1154,3.23,36.06,1,0,0,0.773
ORD-00412,2024-02-14 21:21:51.382276,Night,A,High,16,1,90.7,Medium,True,15.44,15.55,30.99,38,0,2,1,2,0,0.8155,-7.01,14.51,0,0,0,0.965
ORD-00413,2024-02-14 23:59:08.149629,Night,D,Medium,49,5,206.5,High,True,45.37,25.59,70.96,45,1,2,1,2,0,1.5769,25.96,101.18,0,1,0,0.926
ORD-00414,2024-02-15 02:36:24.916983,Evening,C,High,49,3,168.7,High,True,52.67,25.12,77.79,38,1,2,1,3,0,2.0471,39.79,82.66,0,1,0,1.075
ORD-00415,2024-02-15 05:13:41.684336,Evening,C,Medium,27,10,163.8,Low,True,13.4,15.56,28.96,45,0,2,1,3,0,0.6436,-16.04,44.23,1,0,0,0.496
ORD-00416,2024-02-15 07:50:58.451690,Night,A,Medium,2,7,150.3,Low,True,3.0,8.91,11.91,45,0,2,1,3,0,0.2647,-33.09,3.01,1,0,0,1.5
ORD-00417,2024-02-15 10:28:15.219043,Evening,C,Medium,49,4,106.3,Low,True,30.98,28.46,59.44,45,0,2,1,3,0,1.3209,14.44,52.09,0,0,0,0.632
ORD-00418,2024-02-15 13:05:31.986397,Evening,C,Medium,31,5,124.0,Medium,True,23.37,15.78,39.15,45,0,2,1,3,0,0.87,-5.85,38.44,0,0,0,0.754
ORD-00419,2024-02-15 15:42:48.753750,Night,B,Medium,28,9,164.5,High,True,24.93,12.67,37.6,45,0,2,1,3,0,0.8356,-7.4,46.06,1,1,0,0.89
ORD-00420,2024-02-15 18:20:05.521104,Evening,D,High,6,7,123.9,Medium,True,5.82,12.85,18.67,38,0,2,1,3,0,0.4913,-19.33,7.43,1,0,0,0.97
ORD-00421,2024-02-15 20:57:22.288457,Evening,A,Medium,50,4,157.5,High,True,47.51,22.7,70.21,45,1,2,1,3,0,1.5602,25.21,78.75,0,1,0,0.95
ORD-00422,2024-02-15 23:34:39.055811,Morning,A,Medium,36,9,114.0,Medium,True,21.0,14.72,35.72,45,0,2,1,3,0,0.7938,-9.28,41.04,1,0,0,0.583
ORD-00423,2024-02-16 02:11:55.823164,Evening,D,Low,11,7,168.1,Medium,False,8.57,14.77,23.34,55,0,2,1,4,0,0.4244,-31.66,18.49,1,0,1,0.779
ORD-00424,2024-02-16 04:49:12.590518,Evening,A,High,19,1,171.0,High,True,26.6,13.8,40.4,38,1,2,1,4,0,1.0632,2.4,32.49,0,1,0,1.4
ORD-00425,2024-02-16 07:26:29.357871,Morning,A,Medium,18,7,84.9,Low,True,11.77,11.23,23.0,45,0,2,1,4,0,0.5111,-22.0,15.28,1,0,0,0.654
ORD-00426,2024-02-16 10:03:46.125225,Evening,C,Medium,44,10,152.7,Low,True,16.85,22.17,39.02,45,1,2,1,4,0,0.8671,-5.98,67.19,1,0,0,0.383
ORD-00427,2024-02-16 12:41:02.892578,Night,D,High,24,9,89.1,Low,True,11.33,11.06,22.39,38,0,2,1,4,0,0.5892,-15.61,21.38,1,0,0,0.472
ORD-00428,2024-02-16 15:18:19.659931,Evening,A,High,44,1,75.6,Low,True,29.12,21.4,50.52,38,1,2,1,4,0,1.3295,12.52,33.26,0,0,0,0.662
ORD-00429,2024-02-16 17:55:36.427285,Morning,A,Medium,35,9,126.2,Medium,False,19.35,24.26,43.61,45,0,2,1,4,0,0.9691,-1.39,44.17,1,0,1,0.553
ORD-00430,2024-02-16 20:32:53.194638,Morning,B,High,19,10,261.9,Low,True,13.1,14.29,27.39,38,0,2,1,4,0,0.7208,-10.61,49.76,1,0,0,0.689
ORD-00431,2024-02-16 23:10:09.961992,Morning,C,Medium,21,2,181.0,Medium,True,26.71,15.01,41.72,45,0,2,1,4,0,0.9271,-3.28,38.01,0,0,0,1.272
ORD-00432,2024-02-17 01:47:26.729345,Night,C,Urgent,41,7,205.7,Low,False,19.17,26.91,46.08,28,1,2,1,5,1,1.6457,18.08,84.34,1,0,1,0.468
ORD-00433,2024-02-17 04:24:43.496699,Evening,C,Medium,25,8,174.3,Low,False,17.53,17.33,34.86,45,1,2,1,5,1,0.7747,-10.14,43.58,1,0,1,0.701
ORD-00434,2024-02-17 07:02:00.264052,Morning,D,High,35,1,158.2,Low,True,27.38,18.9,46.28,38,0,2,1,5,1,1.2179,8.28,55.37,0,0,0,0.782
ORD-00435,2024-02-17 09:39:17.031406,Night,E,Low,7,9,185.8,High,True,13.06,8.62,21.68,55,0,2,1,5,1,0.3942,-33.32,13.01,1,1,0,1.866
ORD-00436,2024-02-17 12:16:33.798759,Morning,B,High,22,4,124.4,Medium,False,26.37,18.49,44.86,38,0,2,1,5,1,1.1805,6.86,27.37,0,0,1,1.199
ORD-00437,2024-02-17 14:53:50.566113,Morning,A,Medium,29,3,168.8,Medium,True,22.84,15.79,38.63,45,0,2,1,5,1,0.8584,-6.37,48.95,0,0,0,0.788
ORD-00438,2024-02-17 17:31:07.333466,Night,B,Medium,18,3,197.1,Medium,True,32.66,10.01,42.67,45,0,2,1,5,1,0.9482,-2.33,35.48,0,0,0,1.814
ORD-00439,2024-02-17 20:08:24.100820,Evening,A,High,43,6,178.0,Low,False,25.9,32.23,58.13,38,1,2,1,5,1,1.5297,20.13,76.54,0,0,1,0.602
ORD-00440,2024-02-17 22:45:40.868173,Night,B,High,11,8,199.7,Medium,True,18.04,11.03,29.07,38,0,2,1,5,1,0.765,-8.93,21.97,1,0,0,1.64
ORD-00441,2024-02-18 01:22:57.635527,Night,E,Medium,43,9,157.3,Low,True,18.58,20.96,39.54,45,0,2,1,6,1,0.8787,-5.46,67.64,1,0,0,0.432
ORD-00442,2024-02-18 04:00:14.402880,Night,B,High,4,3,217.7,Low,False,16.54,12.32,28.86,38,1,2,1,6,1,0.7595,-9.14,8.71,0,0,1,4.135
ORD-00443,2024-02-18 06:37:31.170234,Morning,A,Medium,22,9,141.7,Medium,True,10.02,11.47,21.49,45,0,2,1,6,1,0.4776,-23.51,31.17,1,0,0,0.455
ORD-00444,2024-02-18 09:14:47.937587,Night,C,Medium,26,9,234.7,Medium,True,19.19,15.83,35.02,45,0,2,1,6,1,0.7782,-9.98,61.02,1,0,0,0.738
ORD-00445,2024-02-18 11:52:04.704940,Evening,E,Low,13,1,172.9,High,True,23.88,10.0,33.88,55,0,2,1,6,1,0.616,-21.12,22.48,0,1,0,1.837
ORD-00446,2024-02-18 14:29:21.472294,Morning,A,Medium,28,4,134.6,Low,True,32.13,13.5,45.63,45,0,2,1,6,1,1.014,0.63,37.69,0,0,0,1.148
ORD-00447,2024-02-18 17:06:38.239647,Night,D,Urgent,46,1,102.8,Medium,True,38.21,18.76,56.97,28,1,2,1,6,1,2.0346,28.97,47.29,0,0,0,0.831
ORD-00448,2024-02-18 19:43:55.007001,Evening,D,Low,23,10,117.7,Medium,True,14.36,19.07,33.43,55,1,2,1,6,1,0.6078,-21.57,27.07,1,0,0,0.624
ORD-00449,2024-02-18 22:21:11.774354,Night,B,Urgent,27,5,111.6,Medium,True,26.36,17.07,43.43,28,1,2,1,6,1,1.5511,15.43,30.13,0,0,0,0.976
ORD-00450,2024-02-19 00:58:28.541708,Evening,C,Medium,48,3,146.5,High,True,49.89,23.26,73.15,45,1,2,1,0,0,1.6256,28.15,70.32,0,1,0,1.039
ORD-00451,2024-02-19 03:35:45.309061,Evening,B,High,47,9,99.0,Medium,True,31.6,21.92,53.52,38,1,2,1,0,0,1.4084,15.52,46.53,1,0,0,0.672
ORD-00452,2024-02-19 06:13:02.076415,Morning,B,Low,1,7,201.7,Low,True,6.93,9.21,16.14,55,0,2,1,0,0,0.2935,-38.86,2.02,1,0,0,6.93
ORD-00453,2024-02-19 08:50:18.843768,Night,B,High,37,10,154.4,Medium,False,22.15,25.18,47.33,38,1,2,1,0,0,1.2455,9.33,57.13,1,0,1,0.599
ORD-00454,2024-02-19 11:27:35.611122,Evening,A,Urgent,43,9,152.8,Medium,True,24.35,20.58,44.93,28,1,2,1,0,0,1.6046,16.93,65.7,1,0,0,0.566
ORD-00455,2024-02-19 14:04:52.378475,Morning,D,Medium,48,10,103.4,High,False,22.85,30.52,53.37,45,1,2,1,0,0,1.186,8.37,49.63,1,1,1,0.476
ORD-00456,2024-02-19 16:42:09.145829,Morning,D,Medium,41,3,119.2,Medium,True,28.58,25.67,54.25,45,1,2,1,0,0,1.2056,9.25,48.87,0,0,0,0.697
ORD-00457,2024-02-19 19:19:25.913182,Night,B,High,5,3,61.2,High,True,8.97,5.04,14.01,38,0,2,1,0,0,0.3687,-23.99,3.06,0,1,0,1.794
ORD-00458,2024-02-19 21:56:42.680536,Morning,C,High,38,1,214.7,Low,True,32.16,22.91,55.07,38,1,2,1,0,0,1.4492,17.07,81.59,0,0,0,0.846
ORD-00459,2024-02-20 00:33:59.447889,Evening,A,Low,43,4,93.3,Medium,True,25.06,23.47,48.53,55,1,2,1,1,0,0.8824,-6.47,40.12,0,0,0,0.583
ORD-00460,2024-02-20 03:11:16.215243,Evening,A,High,27,6,96.3,Low,True,10.94,13.6,24.54,38,0,2,1,1,0,0.6458,-13.46,26.0,0,0,0,0.405
ORD-00461,2024-02-20 05:48:32.982596,Morning,C,High,2,6,206.5,Medium,True,10.43,4.82,15.25,38,0,2,1,1,0,0.4013,-22.75,4.13,0,0,0,5.215
ORD-00462,2024-02-20 08:25:49.749949,Evening,A,High,10,7,165.5,High,True,15.48,7.31,22.79,38,1,2,1,1,0,0.5997,-15.21,16.55,1,1,0,1.548
ORD-00463,2024-02-20 11:03:06.517303,Morning,D,Medium,14,8,154.8,Medium,False,17.35,12.97,30.32,45,0,2,1,1,0,0.6738,-14.68,21.67,1,0,1,1.239
ORD-00464,2024-02-20 13:40:23.284656,Night,B,Medium,44,9,163.6,Medium,True,30.5,18.92,49.42,45,0,2,1,1,0,1.0982,4.42,71.98,1,0,0,0.693
ORD-00465,2024-02-20 16:17:40.052010,Night,D,Urgent,7,6,188.2,Low,False,6.14,10.78,16.92,28,0,2,1,1,0,0.6043,-11.08,13.17,0,0,1,0.877
ORD-00466,2024-02-20 18:54:56.819363,Morning,B,Medium,38,3,154.0,Low,True,36.53,19.73,56.26,45,1,2,1,1,0,1.2502,11.26,58.52,0,0,0,0.961
ORD-00467,2024-02-20 21:32:13.586717,Evening,B,Medium,9,5,88.3,Medium,True,13.92,5.65,19.57,45,0,2,1,1,0,0.4349,-25.43,7.95,0,0,0,1.547
ORD-00468,2024-02-21 00:09:30.354070,Evening,D,Urgent,42,9,179.3,Low,True,20.61,23.07,43.68,28,1,2,1,2,0,1.56,15.68,75.31,1,0,0,0.491
ORD-00469,2024-02-21 02:46:47.121424,Night,C,Medium,1,9,166.9,Low,True,7.55,8.9,16.45,45,0,2,1,2,0,0.3656,-28.55,1.67,1,0,0,7.55
ORD-00470,2024-02-21 05:24:03.888777,Morning,A,Medium,12,10,196.9,Medium,True,11.49,6.84,18.33,45,0,2,1,2,0,0.4073,-26.67,23.63,1,0,0,0.958
ORD-00471,2024-02-21 08:01:20.656131,Evening,E,High,6,6,100.0,Medium,True,8.3,6.51,14.81,38,0,2,1,2,0,0.3897,-23.19,6.0,0,0,0,1.383
ORD-00472,2024-02-21 10:38:37.423484,Night,B,High,28,8,120.8,Low,True,20.69,16.72,37.41,38,0,2,1,2,0,0.9845,-0.59,33.82,1,0,0,0.739
ORD-00473,2024-02-21 13:15:54.190838,Morning,A,Urgent,40,5,165.7,Low,True,22.15,22.3,44.45,28,1,2,1,2,0,1.5875,16.45,66.28,0,0,0,0.554
ORD-00474,2024-02-21 15:53:10.958191,Evening,B,High,21,1,112.2,Low,True,19.56,12.63,32.19,38,0,2,1,2,0,0.8471,-5.81,23.56,0,0,0,0.931
ORD-00475,2024-02-21 18:30:27.725545,Morning,C,Medium,27,8,55.9,Medium,True,19.62,18.37,37.99,45,0,2,1,2,0,0.8442,-7.01,15.09,1,0,0,0.727
ORD-00476,2024-02-21 21:07:44.492898,Evening,C,Medium,32,1,157.9,High,False,41.13,23.69,64.82,45,1,2,1,2,0,1.4404,19.82,50.53,0,1,1,1.285
ORD-00477,2024-02-21 23:45:01.260252,Morning,D,Low,23,7,185.8,Low,True,15.96,16.93,32.89,55,0,2,1,2,0,0.598,-22.11,42.73,1,0,0,0.694
ORD-00478,2024-02-22 02:22:18.027605,Night,C,Urgent,38,10,144.8,Low,True,8.77,22.99,31.76,28,1,2,1,3,0,1.1343,3.76,55.02,1,0,0,0.231
ORD-00479,2024-02-22 04:59:34.794958,Evening,A,Low,15,1,171.9,High,True,29.37,7.62,36.99,55,0,2,1,3,0,0.6725,-18.01,25.78,0,1,0,1.958
ORD-00480,2024-02-22 07:36:51.562312,Morning,B,Medium,9,8,166.1,Low,True,14.2,8.53,22.73,45,0,2,1,3,0,0.5051,-22.27,14.95,1,0,0,1.578
ORD-00481,2024-02-22 10:14:08.329665,Night,A,Medium,10,9,150.4,Medium,True,4.95,6.63,11.58,45,0,2,1,3,0,0.2573,-33.42,15.04,1,0,0,0.495
ORD-00482,2024-02-22 12:51:25.097019,Night,D,Low,9,7,155.4,Low,True,7.55,7.27,14.82,55,0,2,1,3,0,0.2695,-40.18,13.99,1,0,0,0.839
ORD-00483,2024-02-22 15:28:41.864372,Evening,A,Medium,2,7,204.0,High,True,11.69,4.56,16.25,45,0,2,1,3,0,0.3611,-28.75,4.08,1,1,0,5.845
ORD-00484,2024-02-22 18:05:58.631726,Evening,C,High,3,10,111.4,Medium,True,3.0,4.26,7.26,38,0,2,1,3,0,0.1911,-30.74,3.34,1,0,0,1.0
ORD-00485,2024-02-22 20:43:15.399079,Morning,C,Low,3,8,180.9,Low,True,8.18,8.05,16.23,55,0,2,1,3,0,0.2951,-38.77,5.43,1,0,0,2.727
ORD-00486,2024-02-22 23:20:32.166433,Evening,D,Urgent,8,1,102.8,Low,False,12.06,10.21,22.27,28,0,2,1,3,0,0.7954,-5.73,8.22,0,0,1,1.508
ORD-00487,2024-02-23 01:57:48.933786,Morning,A,Urgent,32,8,118.2,Low,True,16.16,16.47,32.63,28,1,2,1,4,0,1.1654,4.63,37.82,1,0,0,0.505
ORD-00488,2024-02-23 04:35:05.701140,Morning,A,Low,13,8,197.8,Low,True,6.89,9.79,16.68,55,0,2,1,4,0,0.3033,-38.32,25.71,1,0,0,0.53
ORD-00489,2024-02-23 07:12:22.468493,Night,E,High,30,3,101.6,Low,True,19.98,16.89,36.87,38,0,2,1,4,0,0.9703,-1.13,30.48,0,0,0,0.666
ORD-00490,2024-02-23 09:49:39.235847,Evening,C,Medium,4,7,140.3,Medium,True,7.47,10.67,18.14,45,0,2,1,4,0,0.4031,-26.86,5.61,1,0,0,1.868
ORD-00491,2024-02-23 12:26:56.003200,Morning,C,Low,41,9,244.5,Medium,True,24.72,25.34,50.06,55,1,2,1,4,0,0.9102,-4.94,100.24,1,0,0,0.603
ORD-00492,2024-02-23 15:04:12.770554,Morning,D,Medium,18,9,191.0,Low,False,10.17,13.91,24.08,45,0,2,1,4,0,0.5351,-20.92,34.38,1,0,1,0.565
ORD-00493,2024-02-23 17:41:29.537907,Night,E,High,23,9,120.5,Low,True,11.45,18.08,29.53,38,0,2,1,4,0,0.7771,-8.47,27.72,1,0,0,0.498
ORD-00494,2024-02-23 20:18:46.305261,Morning,B,High,34,8,127.4,High,True,27.51,21.14,48.65,38,1,2,1,4,0,1.2803,10.65,43.32,1,1,0,0.809
ORD-00495,2024-02-23 22:56:03.072614,Morning,E,Medium,50,2,143.2,Low,False,40.62,28.7,69.32,45,1,2,1,4,0,1.5404,24.32,71.6,0,0,1,0.812
ORD-00496,2024-02-24 01:33:19.839967,Morning,A,High,40,5,202.5,Medium,True,32.89,18.71,51.6,38,1,2,1,5,1,1.3579,13.6,81.0,0,0,0,0.822
ORD-00497,2024-02-24 04:10:36.607321,Morning,E,High,21,3,109.9,Medium,True,22.18,15.46,37.64,38,0,2,1,5,1,0.9905,-0.36,23.08,0,0,0,1.056
ORD-00498,2024-02-24 06:47:53.374674,Morning,A,High,18,1,107.5,Medium,False,20.16,16.76,36.92,38,0,2,1,5,1,0.9716,-1.08,19.35,0,0,1,1.12
ORD-00499,2024-02-24 09:25:10.142028,Night,B,Medium,17,3,178.5,Medium,True,26.37,14.74,41.11,45,1,2,1,5,1,0.9136,-3.89,30.34,0,0,0,1.551
ORD-00500,2024-02-24 12:02:26.909381,Morning,A,High,5,10,82.8,High,True,3.66,9.45,13.11,38,0,2,1,5,1,0.345,-24.89,4.14,1,1,0,0.732
ORD-00501,2024-02-24 14:39:43.676735,Evening,D,High,17,6,113.6,Low,True,8.35,14.55,22.9,38,0,2,1,5,1,0.6026,-15.1,19.31,0,0,0,0.491
ORD-00502,2024-02-24 17:17:00.444088,Evening,E,Low,38,8,146.6,Low,False,24.11,25.28,49.39,55,1,2,1,5,1,0.898,-5.61,55.71,1,0,1,0.634
ORD-00503,2024-02-24 19:54:17.211442,Evening,B,High,14,6,148.6,Low,True,15.38,10.69,26.07,38,0,2,1,5,1,0.6861,-11.93,20.8,0,0,0,1.099
ORD-00504,2024-02-24 22:31:33.978795,Evening,B,Medium,20,4,95.4,Low,True,14.71,9.76,24.47,45,0,2,1,5,1,0.5438,-20.53,19.08,0,0,0,0.736
ORD-00505,2024-02-25 01:08:50.746149,Evening,B,High,4,5,164.1,Low,False,11.06,8.4,19.46,38,0,2,1,6,1,0.5121,-18.54,6.56,0,0,1,2.765
ORD-00506,2024-02-25 03:46:07.513502,Evening,A,High,13,10,172.2,Low,True,3.0,10.86,13.86,38,0,2,1,6,1,0.3647,-24.14,22.39,1,0,0,0.231
ORD-00507,2024-02-25 06:23:24.280856,Evening,D,Medium,4,3,123.5,Medium,False,9.16,8.89,18.05,45,0,2,1,6,1,0.4011,-26.95,4.94,0,0,1,2.29
ORD-00508,2024-02-25 09:00:41.048209,Night,A,Low,24,4,216.4,Low,True,21.37,13.81,35.18,55,0,2,1,6,1,0.6396,-19.82,51.94,0,0,0,0.89
ORD-00509,2024-02-25 11:37:57.815563,Evening,E,High,15,9,163.6,High,True,13.87,6.45,20.32,38,0,2,1,6,1,0.5347,-17.68,24.54,1,1,0,0.925
ORD-00510,2024-02-25 14:15:14.582916,Night,E,High,49,4,109.8,Low,True,29.63,23.39,53.02,38,1,2,1,6,1,1.3953,15.02,53.8,0,0,0,0.605
ORD-00511,2024-02-25 16:52:31.350270,Morning,A,High,30,10,214.8,Medium,True,18.36,18.86,37.22,38,0,2,1,6,1,0.9795,-0.78,64.44,1,0,0,0.612
ORD-00512,2024-02-25 19:29:48.117623,Evening,C,High,19,10,129.1,Low,True,9.17,13.03,22.2,38,0,2,1,6,1,0.5842,-15.8,24.53,1,0,0,0.483
ORD-00513,2024-02-25 22:07:04.884976,Evening,E,Medium,27,1,157.2,Low,True,21.61,12.35,33.96,45,0,2,1,6,1,0.7547,-11.04,42.44,0,0,0,0.8
ORD-00514,2024-02-26 00:44:21.652330,Morning,E,Medium,48,7,130.5,Medium,True,33.58,23.67,57.25,45,1,2,1,0,0,1.2722,12.25,62.64,1,0,0,0.7
ORD-00515,2024-02-26 03:21:38.419683,Night,D,High,10,1,175.0,Low,False,11.66,12.38,24.04,38,0,2,1,0,0,0.6326,-13.96,17.5,0,0,1,1.166
ORD-00516,2024-02-26 05:58:55.187037,Morning,A,Medium,13,9,130.7,Medium,False,6.1,19.1,25.2,45,0,2,1,0,0,0.56,-19.8,16.99,1,0,1,0.469
ORD-00517,2024-02-26 08:36:11.954390,Morning,A,High,28,2,133.2,Medium,True,29.54,11.29,40.83,38,1,2,1,0,0,1.0745,2.83,37.3,0,0,0,1.055
ORD-00518,2024-02-26 11:13:28.721744,Night,D,Medium,6,9,143.6,Medium,True,9.36,10.31,19.67,45,0,2,1,0,0,0.4371,-25.33,8.62,1,0,0,1.56
ORD-00519,2024-02-26 13:50:45.489097,Morning,B,Low,26,8,129.9,Medium,True,20.46,18.25,38.71,55,0,2,1,0,0,0.7038,-16.29,33.77,1,0,0,0.787
ORD-00520,2024-02-26 16:28:02.256451,Evening,C,High,8,6,192.9,High,False,12.75,4.71,17.46,38,0,2,1,0,0,0.4595,-20.54,15.43,0,1,1,1.594
ORD-00521,2024-02-26 19:05:19.023804,Morning,D,High,44,3,99.7,Low,False,24.23,34.31,58.54,38,1,2,1,0,0,1.5405,20.54,43.87,0,0,1,0.551
ORD-00522,2024-02-26 21:42:35.791158,Night,B,High,39,3,148.5,High,False,52.54,25.82,78.36,38,1,2,1,0,0,2.0621,40.36,57.92,0,1,1,1.347
ORD-00523,2024-02-27 00:19:52.558511,Evening,A,Medium,3,5,153.6,Low,True,10.41,8.49,18.9,45,0,2,1,1,0,0.42,-26.1,4.61,0,0,0,3.47
ORD-00524,2024-02-27 02:57:09.325865,Evening,B,High,27,9,145.0,Medium,True,23.99,15.76,39.75,38,0,2,1,1,0,1.0461,1.75,39.15,1,0,0,0.889
ORD-00525,2024-02-27 05:34:26.093218,Night,E,Medium,11,9,188.7,High,True,14.62,5.63,20.25,45,0,2,1,1,0,0.45,-24.75,20.76,1,1,0,1.329
ORD-00526,2024-02-27 08:11:42.860572,Evening,B,High,30,6,89.8,Low,True,23.55,18.75,42.3,38,1,2,1,1,0,1.1132,4.3,26.94,0,0,0,0.785
ORD-00527,2024-02-27 10:48:59.627925,Night,A,High,28,3,172.7,High,True,32.26,17.4,49.66,38,1,2,1,1,0,1.3068,11.66,48.36,0,1,0,1.152
ORD-00528,2024-02-27 13:26:16.395279,Night,E,Medium,49,6,100.2,Medium,True,30.08,22.23,52.31,45,0,2,1,1,0,1.1624,7.31,49.1,0,0,0,0.614
ORD-00529,2024-02-27 16:03:33.162632,Evening,D,High,9,9,129.6,High,True,5.34,7.55,12.89,38,0,2,1,1,0,0.3392,-25.11,11.66,1,1,0,0.593
ORD-00530,2024-02-27 18:40:49.929985,Night,C,Medium,26,6,96.1,Low,True,16.28,17.64,33.92,45,0,2,1,1,0,0.7538,-11.08,24.99,0,0,0,0.626
ORD-00531,2024-02-27 21:18:06.697339,Evening,D,Medium,49,9,136.7,Medium,True,24.82,22.3,47.12,45,0,2,1,1,0,1.0471,2.12,66.98,1,0,0,0.507
ORD-00532,2024-02-27 23:55:23.464692,Morning,B,High,6,1,126.9,Low,True,12.15,4.34,16.49,38,0,2,1,1,0,0.4339,-21.51,7.61,0,0,0,2.025
ORD-00533,2024-02-28 02:32:40.232046,Morning,E,Low,13,6,215.5,Low,True,17.73,12.88,30.61,55,0,2,1,2,0,0.5565,-24.39,28.01,0,0,0,1.364
ORD-00534,2024-02-28 05:09:56.999399,Evening,E,Urgent,36,1,159.7,Medium,True,37.44,19.79,57.23,28,1,2,1,2,0,2.0439,29.23,57.49,0,0,0,1.04
ORD-00535,2024-02-28 07:47:13.766753,Morning,B,Medium,6,7,167.6,Medium,True,12.93,7.33,20.26,45,0,2,1,2,0,0.4502,-24.74,10.06,1,0,0,2.155
ORD-00536,2024-02-28 10:24:30.534106,Evening,B,Medium,11,7,105.7,Medium,True,12.07,8.82,20.89,45,0,2,1,2,0,0.4642,-24.11,11.63,1,0,0,1.097
ORD-00537,2024-02-28 13:01:47.301460,Morning,B,High,48,4,179.6,Medium,True,53.24,25.36,78.6,38,1,2,1,2,0,2.0684,40.6,86.21,0,0,0,1.109
ORD-00538,2024-02-28 15:39:04.068813,Evening,C,Medium,30,8,215.5,Medium,True,23.02,18.18,41.2,45,0,2,1,2,0,0.9156,-3.8,64.65,1,0,0,0.767
ORD-00539,2024-02-28 18:16:20.836167,Morning,C,Urgent,3,10,184.8,Medium,True,6.69,5.43,12.12,28,0,2,1,2,0,0.4329,-15.88,5.54,1,0,0,2.23
ORD-00540,2024-02-28 20:53:37.603520,Night,C,Medium,43,5,97.5,Low,True,25.24,22.14,47.38,45,1,2,1,2,0,1.0529,2.38,41.92,0,0,0,0.587
ORD-00541,2024-02-28 23:30:54.370874,Morning,E,Medium,27,5,131.4,Medium,True,20.02,12.93,32.95,45,0,2,1,2,0,0.7322,-12.05,35.48,0,0,0,0.741
ORD-00542,2024-02-29 02:08:11.138227,Morning,C,Low,24,2,154.3,Medium,True,20.29,14.35,34.64,55,0,2,1,3,0,0.6298,-20.36,37.03,0,0,0,0.845
ORD-00543,2024-02-29 04:45:27.905581,Evening,D,Low,50,1,126.9,Low,False,33.2,31.04,64.24,55,1,2,1,3,0,1.168,9.24,63.45,0,0,1,0.664
ORD-00544,2024-02-29 07:22:44.672934,Evening,C,Low,16,5,251.3,Low,True,17.62,10.13,27.75,55,0,2,1,3,0,0.5045,-27.25,40.21,0,0,0,1.101
ORD-00545,2024-02-29 10:00:01.440288,Evening,C,Low,19,5,130.7,Low,True,15.98,11.02,27.0,55,0,2,1,3,0,0.4909,-28.0,24.83,0,0,0,0.841
ORD-00546,2024-02-29 12:37:18.207641,Evening,A,Medium,29,8,148.3,Medium,True,17.49,19.79,37.28,45,0,2,1,3,0,0.8284,-7.72,43.01,1,0,0,0.603
ORD-00547,2024-02-29 15:14:34.974994,Morning,C,Medium,13,9,126.0,Low,True,7.05,11.07,18.12,45,0,2,1,3,0,0.4027,-26.88,16.38,1,0,0,0.542
ORD-00548,2024-02-29 17:51:51.742348,Night,C,Medium,7,2,159.3,Medium,True,6.87,5.28,12.15,45,0,2,1,3,0,0.27,-32.85,11.15,0,0,0,0.981
ORD-00549,2024-02-29 20:29:08.509701,Evening,A,Medium,7,2,205.3,Medium,True,17.44,7.87,25.31,45,1,2,1,3,0,0.5624,-19.69,14.37,0,0,0,2.491
ORD-00550,2024-02-29 23:06:25.277055,Morning,D,Low,16,6,154.6,High,True,17.77,10.44,28.21,55,0,2,1,3,0,0.5129,-26.79,24.74,0,1,0,1.111
ORD-00551,2024-03-01 01:43:42.044408,Night,C,Low,4,4,141.2,Low,True,10.31,4.58,14.89,55,0,3,1,4,0,0.2707,-40.11,5.65,0,0,0,2.578
ORD-00552,2024-03-01 04:20:58.811762,Evening,B,Low,26,8,107.0,High,False,25.13,21.04,46.17,55,0,3,1,4,0,0.8395,-8.83,27.82,1,1,1,0.967
ORD-00553,2024-03-01 06:58:15.579115,Evening,D,Medium,50,4,198.4,Medium,False,40.16,30.19,70.35,45,1,3,1,4,0,1.5633,25.35,99.2,0,0,1,0.803
ORD-00554,2024-03-01 09:35:32.346469,Evening,B,Low,13,5,144.3,Low,True,14.39,8.9,23.29,55,0,3,1,4,0,0.4235,-31.71,18.76,0,0,0,1.107
ORD-00555,2024-03-01 12:12:49.113822,Evening,C,Medium,3,5,142.5,Low,True,7.19,3.37,10.56,45,0,3,1,4,0,0.2347,-34.44,4.28,0,0,0,2.397
ORD-00556,2024-03-01 14:50:05.881176,Evening,C,Urgent,2,7,56.4,Low,True,3.42,2.0,5.42,28,0,3,1,4,0,0.1936,-22.58,1.13,1,0,0,1.71
ORD-00557,2024-03-01 17:27:22.648529,Morning,A,Medium,9,1,144.9,Low,True,14.29,11.67,25.96,45,0,3,1,4,0,0.5769,-19.04,13.04,0,0,0,1.588
ORD-00558,2024-03-01 20:04:39.415883,Morning,B,Low,30,9,134.0,Low,True,19.57,15.18,34.75,55,0,3,1,4,0,0.6318,-20.25,40.2,1,0,0,0.652
ORD-00559,2024-03-01 22:41:56.183236,Night,A,High,24,4,77.0,Low,True,16.4,15.5,31.9,38,0,3,1,4,0,0.8395,-6.1,18.48,0,0,0,0.683
ORD-00560,2024-03-02 01:19:12.950590,Evening,A,Medium,21,3,189.6,High,False,29.13,15.23,44.36,45,0,3,1,5,1,0.9858,-0.64,39.82,0,1,1,1.387
ORD-00561,2024-03-02 03:56:29.717943,Evening,C,Low,38,7,128.6,Low,True,19.98,19.58,39.56,55,1,3,1,5,1,0.7193,-15.44,48.87,1,0,0,0.526
ORD-00562,2024-03-02 06:33:46.485297,Morning,A,High,20,2,225.8,Low,False,24.25,16.28,40.53,38,1,3,1,5,1,1.0666,2.53,45.16,0,0,1,1.212
ORD-00563,2024-03-02 09:11:03.252650,Evening,E,High,31,6,206.6,Medium,False,22.93,22.23,45.16,38,1,3,1,5,1,1.1884,7.16,64.05,0,0,1,0.74
ORD-00564,2024-03-02 11:48:20.020004,Morning,B,Urgent,50,1,121.2,High,True,69.01,23.68,92.69,28,1,3,1,5,1,3.3104,64.69,60.6,0,1,0,1.38
ORD-00565,2024-03-02 14:25:36.787357,Morning,B,Urgent,9,3,204.8,High,True,31.19,7.67,38.86,28,1,3,1,5,1,1.3879,10.86,18.43,0,1,0,3.466
ORD-00566,2024-03-02 17:02:53.554710,Morning,E,Medium,6,8,214.4,High,True,12.28,5.31,17.59,45,0,3,1,5,1,0.3909,-27.41,12.86,1,1,0,2.047
ORD-00567,2024-03-02 19:40:10.322064,Evening,C,High,11,4,127.6,High,True,16.27,8.54,24.81,38,0,3,1,5,1,0.6529,-13.19,14.04,0,1,0,1.479
ORD-00568,2024-03-02 22:17:27.089417,Evening,C,Medium,8,10,108.7,Low,False,8.84,14.34,23.18,45,0,3,1,5,1,0.5151,-21.82,8.7,1,0,1,1.105
ORD-00569,2024-03-03 00:54:43.856771,Morning,D,Urgent,42,4,63.8,Medium,False,26.21,23.53,49.74,28,1,3,1,6,1,1.7764,21.74,26.8,0,0,1,0.624
ORD-00570,2024-03-03 03:32:00.624124,Morning,E,Medium,44,7,165.2,Low,True,23.33,17.81,41.14,45,0,3,1,6,1,0.9142,-3.86,72.69,1,0,0,0.53
ORD-00571,2024-03-03 06:09:17.391478,Evening,A,Medium,28,1,111.1,High,True,35.41,11.44,46.85,45,0,3,1,6,1,1.0411,1.85,31.11,0,1,0,1.265
ORD-00572,2024-03-03 08:46:34.158831,Evening,A,Low,7,10,166.4,Low,False,5.54,12.67,18.21,55,0,3,1,6,1,0.3311,-36.79,11.65,1,0,1,0.791
ORD-00573,2024-03-03 11:23:50.926185,Evening,E,Medium,43,7,127.3,Medium,True,27.28,24.13,51.41,45,1,3,1,6,1,1.1424,6.41,54.74,1,0,0,0.634
ORD-00574,2024-03-03 14:01:07.693538,Morning,A,Medium,46,8,118.8,Low,True,15.55,24.47,40.02,45,1,3,1,6,1,0.8893,-4.98,54.65,1,0,0,0.338
ORD-00575,2024-03-03 16:38:24.460892,Evening,D,High,21,4,127.5,High,True,21.46,14.8,36.26,38,1,3,1,6,1,0.9542,-1.74,26.78,0,1,0,1.022
ORD-00576,2024-03-03 19:15:41.228245,Night,C,Low,34,3,98.0,Low,True,25.32,20.27,45.59,55,1,3,1,6,1,0.8289,-9.41,33.32,0,0,0,0.745
ORD-00577,2024-03-03 21:52:57.995599,Evening,C,High,31,5,127.5,High,True,28.5,14.22,42.72,38,0,3,1,6,1,1.1242,4.72,39.52,0,1,0,0.919
ORD-00578,2024-03-04 00:30:14.762952,Morning,D,Low,27,3,120.5,High,True,24.01,14.41,38.42,55,0,3,1,0,0,0.6985,-16.58,32.54,0,1,0,0.889
ORD-00579,2024-03-04 03:07:31.530306,Evening,E,Medium,18,1,149.4,Low,True,18.9,12.34,31.24,45,1,3,1,0,0,0.6942,-13.76,26.89,0,0,0,1.05
ORD-00580,2024-03-04 05:44:48.297659,Morning,A,Medium,14,7,154.2,Medium,True,11.14,11.32,22.46,45,0,3,1,0,0,0.4991,-22.54,21.59,1,0,0,0.796
ORD-00581,2024-03-04 08:22:05.065013,Morning,C,Medium,14,8,107.2,Low,True,8.2,11.6,19.8,45,0,3,1,0,0,0.44,-25.2,15.01,1,0,0,0.586
ORD-00582,2024-03-04 10:59:21.832366,Morning,D,Medium,18,7,194.0,Low,True,11.69,14.92,26.61,45,0,3,1,0,0,0.5913,-18.39,34.92,1,0,0,0.649
ORD-00583,2024-03-04 13:36:38.599719,Night,B,Medium,38,6,143.6,Low,True,33.39,19.57,52.96,45,0,3,1,0,0,1.1769,7.96,54.57,0,0,0,0.879
ORD-00584,2024-03-04 16:13:55.367073,Evening,E,Low,42,6,210.1,Medium,False,34.23,25.83,60.06,55,0,3,1,0,0,1.092,5.06,88.24,0,0,1,0.815
ORD-00585,2024-03-04 18:51:12.134426,Night,C,High,6,10,159.6,Low,True,3.0,14.75,17.75,38,0,3,1,0,0,0.4671,-20.25,9.58,1,0,0,0.5
ORD-00586,2024-03-04 21:28:28.901780,Evening,A,Medium,3,6,152.8,Medium,True,8.22,6.94,15.16,45,0,3,1,0,0,0.3369,-29.84,4.58,0,0,0,2.74
ORD-00587,2024-03-05 00:05:45.669133,Evening,E,High,24,8,130.4,Medium,True,16.49,13.63,30.12,38,0,3,1,1,0,0.7926,-7.88,31.3,1,0,0,0.687
ORD-00588,2024-03-05 02:43:02.436487,Morning,E,High,39,5,174.6,Low,False,30.48,28.12,58.6,38,1,3,1,1,0,1.5421,20.6,68.09,0,0,1,0.782
ORD-00589,2024-03-05 05:20:19.203840,Evening,A,Low,29,1,151.3,Low,True,24.57,17.2,41.77,55,0,3,1,1,0,0.7595,-13.23,43.88,0,0,0,0.847
ORD-00590,2024-03-05 07:57:35.971194,Morning,D,Urgent,42,4,184.3,Low,True,26.78,25.69,52.47,28,1,3,1,1,0,1.8739,24.47,77.41,0,0,0,0.638
ORD-00591,2024-03-05 10:34:52.738547,Evening,A,High,36,8,214.2,Low,False,24.4,24.6,49.0,38,1,3,1,1,0,1.2895,11.0,77.11,1,0,1,0.678
ORD-00592,2024-03-05 13:12:09.505901,Morning,A,High,36,7,120.9,High,True,24.05,20.4,44.45,38,1,3,1,1,0,1.1697,6.45,43.52,1,1,0,0.668
ORD-00593,2024-03-05 15:49:26.273254,Morning,B,High,27,7,174.5,Low,True,24.43,15.19,39.62,38,0,3,1,1,0,1.0426,1.62,47.12,1,0,0,0.905
ORD-00594,2024-03-05 18:26:43.040608,Evening,E,Medium,3,8,173.4,Medium,True,8.46,5.26,13.72,45,0,3,1,1,0,0.3049,-31.28,5.2,1,0,0,2.82
ORD-00595,2024-03-05 21:03:59.807961,Morning,A,Urgent,9,3,168.3,High,True,16.55,13.4,29.95,28,1,3,1,1,0,1.0696,1.95,15.15,0,1,0,1.839
ORD-00596,2024-03-05 23:41:16.575315,Morning,A,Low,38,9,132.7,Low,True,14.73,22.79,37.52,55,0,3,1,1,0,0.6822,-17.48,50.43,1,0,0,0.388
ORD-00597,2024-03-06 02:18:33.342668,Night,D,Low,16,8,133.5,Medium,False,14.55,9.76,24.31,55,0,3,1,2,0,0.442,-30.69,21.36,1,0,1,0.909
ORD-00598,2024-03-06 04:55:50.110022,Morning,B,High,37,4,126.6,High,False,47.7,24.91,72.61,38,1,3,1,2,0,1.9108,34.61,46.84,0,1,1,1.289
ORD-00599,2024-03-06 07:33:06.877375,Morning,A,Medium,17,6,125.9,Medium,True,15.56,15.2,30.76,45,0,3,1,2,0,0.6836,-14.24,21.4,0,0,0,0.915
ORD-00600,2024-03-06 10:10:23.644728,Morning,A,High,1,9,116.4,Low,False,5.79,4.84,10.63,38,0,3,1,2,0,0.2797,-27.37,1.16,1,0,1,5.79
ORD-00601,2024-03-06 12:47:40.412082,Morning,D,Medium,34,2,145.8,Medium,False,30.17,24.87,55.04,45,1,3,1,2,0,1.2231,10.04,49.57,0,0,1,0.887
ORD-00602,2024-03-06 15:24:57.179435,Evening,C,Medium,45,4,119.7,High,True,39.2,24.73,63.93,45,0,3,1,2,0,1.4207,18.93,53.86,0,1,0,0.871
ORD-00603,2024-03-06 18:02:13.946789,Morning,D,Urgent,23,2,167.4,Medium,True,19.54,14.89,34.43,28,1,3,1,2,0,1.2296,6.43,38.5,0,0,0,0.85
ORD-00604,2024-03-06 20:39:30.714142,Evening,A,Low,7,4,152.3,Medium,True,15.47,8.13,23.6,55,0,3,1,2,0,0.4291,-31.4,10.66,0,0,0,2.21
ORD-00605,2024-03-06 23:16:47.481496,Evening,C,Low,21,3,156.8,Medium,True,23.03,13.06,36.09,55,1,3,1,2,0,0.6562,-18.91,32.93,0,0,0,1.097
ORD-00606,2024-03-07 01:54:04.248849,Morning,D,High,49,9,139.1,Medium,False,22.84,29.85,52.69,38,1,3,1,3,0,1.3866,14.69,68.16,1,0,1,0.466
ORD-00607,2024-03-07 04:31:21.016203,Night,B,High,16,10,152.8,Low,True,16.15,11.85,28.0,38,0,3,1,3,0,0.7368,-10.0,24.45,1,0,0,1.009
ORD-00608,2024-03-07 07:08:37.783556,Night,A,High,4,10,140.1,High,True,4.16,7.84,12.0,38,0,3,1,3,0,0.3158,-26.0,5.6,1,1,0,1.04
ORD-00609,2024-03-07 09:45:54.550910,Morning,B,Medium,39,4,181.2,Low,True,30.21,20.8,51.01,45,1,3,1,3,0,1.1336,6.01,70.67,0,0,0,0.775
ORD-00610,2024-03-07 12:23:11.318263,Morning,B,Urgent,12,10,132.3,High,True,8.99,8.86,17.85,28,0,3,1,3,0,0.6375,-10.15,15.88,1,1,0,0.749
ORD-00611,2024-03-07 15:00:28.085617,Morning,A,High,2,1,165.0,Low,True,8.12,7.73,15.85,38,0,3,1,3,0,0.4171,-22.15,3.3,0,0,0,4.06
ORD-00612,2024-03-07 17:37:44.852970,Morning,E,High,35,2,97.7,Medium,True,32.03,21.05,53.08,38,1,3,1,3,0,1.3968,15.08,34.2,0,0,0,0.915
ORD-00613,2024-03-07 20:15:01.620324,Evening,C,Low,17,4,178.5,High,True,27.74,14.13,41.87,55,1,3,1,3,0,0.7613,-13.13,30.34,0,1,0,1.632
ORD-00614,2024-03-07 22:52:18.387677,Evening,C,Medium,7,3,127.6,Medium,True,13.76,11.18,24.94,45,0,3,1,3,0,0.5542,-20.06,8.93,0,0,0,1.966
ORD-00615,2024-03-08 01:29:35.155031,Evening,A,Medium,3,10,113.5,Low,True,3.0,6.36,9.36,45,0,3,1,4,0,0.208,-35.64,3.4,1,0,0,1.0
ORD-00616,2024-03-08 04:06:51.922384,Morning,C,Medium,10,8,104.4,Medium,True,15.5,11.43,26.93,45,0,3,1,4,0,0.5984,-18.07,10.44,1,0,0,1.55
ORD-00617,2024-03-08 06:44:08.689737,Morning,C,Low,8,8,101.3,Low,False,5.3,11.37,16.67,55,0,3,1,4,0,0.3031,-38.33,8.1,1,0,1,0.662
ORD-00618,2024-03-08 09:21:25.457091,Night,E,Medium,1,9,130.7,Low,True,7.43,5.98,13.41,45,0,3,1,4,0,0.298,-31.59,1.31,1,0,0,7.43
ORD-00619,2024-03-08 11:58:42.224444,Night,B,High,19,8,209.9,Medium,True,22.68,15.57,38.25,38,0,3,1,4,0,1.0066,0.25,39.88,1,0,0,1.194
ORD-00620,2024-03-08 14:35:58.991798,Morning,D,Medium,42,6,124.3,High,False,31.27,27.5,58.77,45,1,3,1,4,0,1.306,13.77,52.21,0,1,1,0.745
ORD-00621,2024-03-08 17:13:15.759151,Evening,B,Medium,20,1,61.6,High,True,28.93,9.27,38.2,45,0,3,1,4,0,0.8489,-6.8,12.32,0,1,0,1.446
ORD-00622,2024-03-08 19:50:32.526505,Evening,C,Medium,2,1,164.6,Medium,True,8.9,2.32,11.22,45,0,3,1,4,0,0.2493,-33.78,3.29,0,0,0,4.45
ORD-00623,2024-03-08 22:27:49.293858,Evening,E,High,45,10,105.4,Medium,True,17.72,21.74,39.46,38,1,3,1,4,0,1.0384,1.46,47.43,1,0,0,0.394
ORD-00624,2024-03-09 01:05:06.061212,Evening,C,Medium,32,6,182.6,Low,False,21.07,28.48,49.55,45,0,3,1,5,1,1.1011,4.55,58.43,0,0,1,0.658
ORD-00625,2024-03-09 03:42:22.828565,Night,D,Medium,49,10,133.2,Low,True,13.66,26.03,39.69,45,1,3,1,5,1,0.882,-5.31,65.27,1,0,0,0.279
ORD-00626,2024-03-09 06:19:39.595919,Morning,E,Urgent,30,1,139.0,Medium,False,36.5,22.63,59.13,28,1,3,1,5,1,2.1118,31.13,41.7,0,0,1,1.217
ORD-00627,2024-03-09 08:56:56.363272,Morning,E,High,24,7,197.9,Medium,False,21.27,16.78,38.05,38,0,3,1,5,1,1.0013,0.05,47.5,1,0,1,0.886
ORD-00628,2024-03-09 11:34:13.130626,Night,A,Medium,26,3,174.7,Medium,False,30.76,16.12,46.88,45,1,3,1,5,1,1.0418,1.88,45.42,0,0,1,1.183
ORD-00629,2024-03-09 14:11:29.897979,Morning,A,High,1,4,100.1,Low,True,3.58,4.65,8.23,38,0,3,1,5,1,0.2166,-29.77,1.0,0,0,0,3.58
ORD-00630,2024-03-09 16:48:46.665333,Morning,C,Urgent,19,7,106.0,Low,True,10.21,9.33,19.54,28,1,3,1,5,1,0.6979,-8.46,20.14,1,0,0,0.537
ORD-00631,2024-03-09 19:26:03.432686,Evening,E,Low,23,5,78.7,Low,False,16.65,18.31,34.96,55,0,3,1,5,1,0.6356,-20.04,18.1,0,0,1,0.724
ORD-00632,2024-03-09 22:03:20.200040,Night,C,High,15,2,254.1,Medium,True,24.75,13.05,37.8,38,1,3,1,5,1,0.9947,-0.2,38.12,0,0,0,1.65
ORD-00633,2024-03-10 00:40:36.967393,Evening,B,Low,42,10,115.5,Low,True,23.34,21.77,45.11,55,1,3,1,6,1,0.8202,-9.89,48.51,1,0,0,0.556
ORD-00634,2024-03-10 03:17:53.734746,Night,C,High,48,8,196.8,Low,True,28.39,25.5,53.89,38,1,3,1,6,1,1.4182,15.89,94.46,1,0,0,0.591
ORD-00635,2024-03-10 05:55:10.502100,Evening,A,High,24,4,128.7,Medium,True,23.24,13.96,37.2,38,0,3,1,6,1,0.9789,-0.8,30.89,0,0,0,0.968
ORD-00636,2024-03-10 08:32:27.269453,Morning,A,Urgent,40,7,106.8,Low,True,22.97,23.32,46.29,28,0,3,1,6,1,1.6532,18.29,42.72,1,0,0,0.574
ORD-00637,2024-03-10 11:09:44.036807,Evening,A,High,12,2,150.9,Low,False,15.97,13.46,29.43,38,1,3,1,6,1,0.7745,-8.57,18.11,0,0,1,1.331
ORD-00638,2024-03-10 13:47:00.804160,Night,A,Low,47,5,136.9,Medium,True,30.79,25.04,55.83,55,1,3,1,6,1,1.0151,0.83,64.34,0,0,0,0.655
ORD-00639,2024-03-10 16:24:17.571514,Night,D,Medium,36,5,182.1,Low,True,25.54,15.92,41.46,45,1,3,1,6,1,0.9213,-3.54,65.56,0,0,0,0.709
ORD-00640,2024-03-10 19:01:34.338867,Morning,B,Urgent,37,4,182.6,Medium,True,43.33,21.43,64.76,28,1,3,1,6,1,2.3129,36.76,67.56,0,0,0,1.171
ORD-00641,2024-03-10 21:38:51.106221,Morning,A,Medium,30,5,126.4,High,True,25.88,15.75,41.63,45,1,3,1,6,1,0.9251,-3.37,37.92,0,1,0,0.863
ORD-00642,2024-03-11 00:16:07.873574,Night,C,Low,42,10,92.4,Low,True,14.43,24.68,39.11,55,0,3,1,0,0,0.7111,-15.89,38.81,1,0,0,0.344
ORD-00643,2024-03-11 02:53:24.640928,Morning,B,High,27,1,102.1,Low,True,28.53,18.04,46.57,38,1,3,1,0,0,1.2255,8.57,27.57,0,0,0,1.057
ORD-00644,2024-03-11 05:30:41.408281,Morning,B,Medium,49,6,58.7,Medium,True,39.98,26.61,66.59,45,1,3,1,0,0,1.4798,21.59,28.76,0,0,0,0.816
ORD-00645,2024-03-11 08:07:58.175635,Night,B,Low,34,10,139.0,Medium,False,22.08,21.56,43.64,55,0,3,1,0,0,0.7935,-11.36,47.26,1,0,1,0.649
ORD-00646,2024-03-11 10:45:14.942988,Evening,A,Medium,23,9,149.5,High,False,17.12,21.36,38.48,45,0,3,1,0,0,0.8551,-6.52,34.39,1,1,1,0.744
ORD-00647,2024-03-11 13:22:31.710342,Morning,D,Medium,11,9,104.3,Low,True,5.84,7.1,12.94,45,0,3,1,0,0,0.2876,-32.06,11.47,1,0,0,0.531
ORD-00648,2024-03-11 15:59:48.477695,Morning,A,High,46,5,99.5,High,True,35.85,21.48,57.33,38,1,3,1,0,0,1.5087,19.33,45.77,0,1,0,0.779
ORD-00649,2024-03-11 18:37:05.245049,Morning,A,Medium,3,6,149.4,Medium,True,4.99,10.34,15.33,45,0,3,1,0,0,0.3407,-29.67,4.48,0,0,0,1.663
ORD-00650,2024-03-11 21:14:22.012402,Night,A,Medium,3,6,124.7,Low,True,7.79,2.85,10.64,45,0,3,1,0,0,0.2364,-34.36,3.74,0,0,0,2.597
ORD-00651,2024-03-11 23:51:38.779755,Evening,B,High,2,9,141.5,Medium,True,4.78,5.31,10.09,38,0,3,1,0,0,0.2655,-27.91,2.83,1,0,0,2.39
ORD-00652,2024-03-12 02:28:55.547109,Morning,A,Medium,6,10,135.3,Low,False,5.35,10.57,15.92,45,0,3,1,1,0,0.3538,-29.08,8.12,1,0,1,0.892
ORD-00653,2024-03-12 05:06:12.314462,Morning,B,High,13,3,159.9,Low,True,17.93,11.46,29.39,38,0,3,1,1,0,0.7734,-8.61,20.79,0,0,0,1.379
ORD-00654,2024-03-12 07:43:29.081816,Morning,A,Medium,25,2,127.4,Low,False,22.1,18.08,40.18,45,1,3,1,1,0,0.8929,-4.82,31.85,0,0,1,0.884
ORD-00655,2024-03-12 10:20:45.849169,Morning,A,Medium,14,3,130.5,Low,True,12.41,11.05,23.46,45,1,3,1,1,0,0.5213,-21.54,18.27,0,0,0,0.886
ORD-00656,2024-03-12 12:58:02.616523,Morning,E,Medium,23,3,74.7,Medium,False,17.72,19.61,37.33,45,0,3,1,1,0,0.8296,-7.67,17.18,0,0,1,0.77
ORD-00657,2024-03-12 15:35:19.383876,Evening,B,High,23,4,148.0,Low,True,26.32,14.77,41.09,38,0,3,1,1,0,1.0813,3.09,34.04,0,0,0,1.144
ORD-00658,2024-03-12 18:12:36.151230,Morning,A,Urgent,22,10,153.5,Low,False,8.37,17.18,25.55,28,0,3,1,1,0,0.9125,-2.45,33.77,1,0,1,0.38
ORD-00659,2024-03-12 20:49:52.918583,Morning,C,Medium,3,3,142.9,Low,True,8.74,6.3,15.04,45,0,3,1,1,0,0.3342,-29.96,4.29,0,0,0,2.913
ORD-00660,2024-03-12 23:27:09.685937,Evening,A,Low,27,5,226.5,Medium,True,28.45,17.02,45.47,55,0,3,1,1,0,0.8267,-9.53,61.16,0,0,0,1.054
ORD-00661,2024-03-13 02:04:26.453290,Evening,D,Medium,15,4,156.5,High,True,17.49,10.84,28.33,45,0,3,1,2,0,0.6296,-16.67,23.48,0,1,0,1.166
ORD-00662,2024-03-13 04:41:43.220644,Morning,A,Medium,27,3,143.7,Low,True,20.53,16.7,37.23,45,0,3,1,2,0,0.8273,-7.77,38.8,0,0,0,0.76
ORD-00663,2024-03-13 07:18:59.987997,Morning,C,Medium,4,2,170.0,High,False,14.6,10.91,25.51,45,0,3,1,2,0,0.5669,-19.49,6.8,0,1,1,3.65
ORD-00664,2024-03-13 09:56:16.755351,Morning,E,Urgent,44,10,234.5,Medium,False,25.07,27.9,52.97,28,1,3,1,2,0,1.8918,24.97,103.18,1,0,1,0.57
ORD-00665,2024-03-13 12:33:33.522704,Morning,A,High,37,7,160.1,High,True,29.03,20.54,49.57,38,1,3,1,2,0,1.3045,11.57,59.24,1,1,0,0.785
ORD-00666,2024-03-13 15:10:50.290058,Evening,A,Medium,18,2,61.1,Medium,True,17.74,12.81,30.55,45,1,3,1,2,0,0.6789,-14.45,11.0,0,0,0,0.986
ORD-00667,2024-03-13 17:48:07.057411,Morning,C,Medium,18,7,167.3,Medium,False,14.28,16.73,31.01,45,0,3,1,2,0,0.6891,-13.99,30.11,1,0,1,0.793
ORD-00668,2024-03-13 20:25:23.824764,Night,E,Low,16,7,114.8,Medium,True,16.46,11.25,27.71,55,0,3,1,2,0,0.5038,-27.29,18.37,1,0,0,1.029
ORD-00669,2024-03-13 23:02:40.592118,Evening,B,Medium,50,4,73.1,Medium,True,48.69,24.96,73.65,45,1,3,1,2,0,1.6367,28.65,36.55,0,0,0,0.974
ORD-00670,2024-03-14 01:39:57.359471,Morning,C,Medium,36,8,217.9,High,True,30.88,16.79,47.67,45,1,3,1,3,0,1.0593,2.67,78.44,1,1,0,0.858
ORD-00671,2024-03-14 04:17:14.126825,Morning,A,Urgent,24,9,209.3,High,False,18.05,18.32,36.37,28,1,3,1,3,0,1.2989,8.37,50.23,1,1,1,0.752
ORD-00672,2024-03-14 06:54:30.894178,Morning,C,Medium,33,8,113.8,Medium,True,19.2,16.64,35.84,45,0,3,1,3,0,0.7964,-9.16,37.55,1,0,0,0.582
ORD-00673,2024-03-14 09:31:47.661532,Morning,B,Low,4,7,114.1,Medium,True,8.3,10.48,18.78,55,0,3,1,3,0,0.3415,-36.22,4.56,1,0,0,2.075
ORD-00674,2024-03-14 12:09:04.428885,Evening,C,Low,42,5,156.4,Medium,True,36.25,20.42,56.67,55,0,3,1,3,0,1.0304,1.67,65.69,0,0,0,0.863
ORD-00675,2024-03-14 14:46:21.196239,Morning,A,Low,30,3,114.6,Medium,True,24.63,20.07,44.7,55,0,3,1,3,0,0.8127,-10.3,34.38,0,0,0,0.821
ORD-00676,2024-03-14 17:23:37.963592,Night,C,Urgent,16,1,144.6,Medium,True,24.31,15.94,40.25,28,1,3,1,3,0,1.4375,12.25,23.14,0,0,0,1.519
ORD-00677,2024-03-14 20:00:54.730946,Evening,A,High,35,10,121.5,Medium,False,16.25,28.51,44.76,38,1,3,1,3,0,1.1779,6.76,42.53,1,0,1,0.464
ORD-00678,2024-03-14 22:38:11.498299,Evening,D,High,1,9,134.0,Low,True,3.97,7.34,11.31,38,0,3,1,3,0,0.2976,-26.69,1.34,1,0,0,3.97
ORD-00679,2024-03-15 01:15:28.265653,Night,D,High,25,3,93.8,High,False,23.22,17.86,41.08,38,0,3,1,4,0,1.0811,3.08,23.45,0,1,1,0.929
ORD-00680,2024-03-15 03:52:45.033006,Evening,D,Low,48,9,183.1,Low,True,19.38,22.97,42.35,55,0,3,1,4,0,0.77,-12.65,87.89,1,0,0,0.404
ORD-00681,2024-03-15 06:30:01.800360,Night,E,High,38,1,198.2,Low,True,38.21,19.33,57.54,38,1,3,1,4,0,1.5142,19.54,75.32,0,0,0,1.006
ORD-00682,2024-03-15 09:07:18.567713,Night,C,High,3,3,146.0,Low,True,6.67,6.04,12.71,38,1,3,1,4,0,0.3345,-25.29,4.38,0,0,0,2.223
ORD-00683,2024-03-15 11:44:35.335067,Morning,D,Medium,30,2,148.6,Low,False,25.22,24.77,49.99,45,1,3,1,4,0,1.1109,4.99,44.58,0,0,1,0.841
ORD-00684,2024-03-15 14:21:52.102420,Morning,A,Medium,35,4,175.2,Medium,True,32.87,19.31,52.18,45,0,3,1,4,0,1.1596,7.18,61.32,0,0,0,0.939
ORD-00685,2024-03-15 16:59:08.869773,Morning,E,High,27,4,150.1,Low,True,20.25,15.5,35.75,38,0,3,1,4,0,0.9408,-2.25,40.53,0,0,0,0.75
ORD-00686,2024-03-15 19:36:25.637127,Morning,C,Urgent,17,6,219.2,Low,True,19.07,12.58,31.65,28,1,3,1,4,0,1.1304,3.65,37.26,0,0,0,1.122
ORD-00687,2024-03-15 22:13:42.404480,Evening,B,Low,34,5,97.3,Low,True,29.15,18.79,47.94,55,0,3,1,4,0,0.8716,-7.06,33.08,0,0,0,0.857
ORD-00688,2024-03-16 00:50:59.171834,Morning,B,Urgent,22,2,184.4,Low,False,30.76,19.47,50.23,28,1,3,1,5,1,1.7939,22.23,40.57,0,0,1,1.398
ORD-00689,2024-03-16 03:28:15.939187,Evening,D,Urgent,48,2,145.4,High,True,45.34,26.36,71.7,28,1,3,1,5,1,2.5607,43.7,69.79,0,1,0,0.945
ORD-00690,2024-03-16 06:05:32.706541,Night,D,Urgent,42,9,105.2,Medium,True,18.67,24.15,42.82,28,1,3,1,5,1,1.5293,14.82,44.18,1,0,0,0.445
ORD-00691,2024-03-16 08:42:49.473894,Morning,D,Low,46,6,239.9,Low,True,26.86,24.75,51.61,55,1,3,1,5,1,0.9384,-3.39,110.35,0,0,0,0.584
ORD-00692,2024-03-16 11:20:06.241248,Evening,C,Medium,21,10,245.4,Medium,True,20.63,15.53,36.16,45,0,3,1,5,1,0.8036,-8.84,51.53,1,0,0,0.982
ORD-00693,2024-03-16 13:57:23.008601,Morning,B,High,34,2,141.7,Medium,False,41.33,24.21,65.54,38,1,3,1,5,1,1.7247,27.54,48.18,0,0,1,1.216
ORD-00694,2024-03-16 16:34:39.775955,Night,E,Medium,8,4,167.8,Medium,True,13.81,9.56,23.37,45,0,3,1,5,1,0.5193,-21.63,13.42,0,0,0,1.726
ORD-00695,2024-03-16 19:11:56.543308,Evening,C,Low,38,2,131.2,Low,False,26.25,27.33,53.58,55,1,3,1,5,1,0.9742,-1.42,49.86,0,0,1,0.691
ORD-00696,2024-03-16 21:49:13.310662,Morning,C,High,38,10,137.6,Medium,True,15.96,20.19,36.15,38,1,3,1,5,1,0.9513,-1.85,52.29,1,0,0,0.42
ORD-00697,2024-03-17 00:26:30.078015,Evening,C,Low,39,2,104.7,Low,True,26.69,20.01,46.7,55,0,3,1,6,1,0.8491,-8.3,40.83,0,0,0,0.684
ORD-00698,2024-03-17 03:03:46.845369,Morning,C,Medium,2,9,98.8,Low,True,4.49,5.48,9.97,45,0,3,1,6,1,0.2216,-35.03,1.98,1,0,0,2.245
ORD-00699,2024-03-17 05:41:03.612722,Evening,D,Urgent,23,2,223.8,High,True,28.95,11.67,40.62,28,1,3,1,6,1,1.4507,12.62,51.47,0,1,0,1.259
ORD-00700,2024-03-17 08:18:20.380076,Evening,C,Medium,14,8,148.4,Low,True,8.49,7.87,16.36,45,0,3,1,6,1,0.3636,-28.64,20.78,1,0,0,0.606
ORD-00701,2024-03-17 10:55:37.147429,Evening,E,Urgent,46,5,152.0,Low,True,25.46,25.82,51.28,28,1,3,1,6,1,1.8314,23.28,69.92,0,0,0,0.553
ORD-00702,2024-03-17 13:32:53.914782,Evening,E,Medium,27,10,117.6,Low,True,15.65,17.83,33.48,45,0,3,1,6,1,0.744,-11.52,31.75,1,0,0,0.58
ORD-00703,2024-03-17 16:10:10.682136,Night,B,Medium,31,1,157.6,Medium,True,42.45,18.03,60.48,45,0,3,1,6,1,1.344,15.48,48.86,0,0,0,1.369
ORD-00704,2024-03-17 18:47:27.449489,Night,A,Low,22,4,89.8,Low,True,15.52,14.42,29.94,55,0,3,1,6,1,0.5444,-25.06,19.76,0,0,0,0.705
ORD-00705,2024-03-17 21:24:44.216843,Evening,C,Medium,6,8,119.1,Low,True,3.41,9.33,12.74,45,0,3,1,6,1,0.2831,-32.26,7.15,1,0,0,0.568
ORD-00706,2024-03-18 00:02:00.984196,Evening,C,Medium,32,10,102.0,Low,True,15.66,21.23,36.89,45,0,3,1,0,0,0.8198,-8.11,32.64,1,0,0,0.489
ORD-00707,2024-03-18 02:39:17.751550,Evening,C,High,31,6,201.7,Low,True,25.51,19.75,45.26,38,1,3,1,0,0,1.1911,7.26,62.53,0,0,0,0.823
ORD-00708,2024-03-18 05:16:34.518903,Night,E,Urgent,20,1,83.9,Medium,True,21.19,14.3,35.49,28,1,3,1,0,0,1.2675,7.49,16.78,0,0,0,1.06
ORD-00709,2024-03-18 07:53:51.286257,Night,A,Low,32,7,102.8,Low,False,15.03,24.15,39.18,55,0,3,1,0,0,0.7124,-15.82,32.9,1,0,1,0.47
ORD-00710,2024-03-18 10:31:08.053610,Morning,B,Low,20,5,68.1,Medium,True,20.47,15.73,36.2,55,1,3,1,0,0,0.6582,-18.8,13.62,0,0,0,1.023
ORD-00711,2024-03-18 13:08:24.820964,Morning,E,High,34,8,114.4,Low,True,19.4,19.92,39.32,38,0,3,1,0,0,1.0347,1.32,38.9,1,0,0,0.571
ORD-00712,2024-03-18 15:45:41.588317,Morning,E,Medium,18,6,131.6,High,True,22.2,11.73,33.93,45,0,3,1,0,0,0.754,-11.07,23.69,0,1,0,1.233
ORD-00713,2024-03-18 18:22:58.355671,Morning,B,Medium,39,9,189.1,Medium,True,30.74,20.59,51.33,45,0,3,1,0,0,1.1407,6.33,73.75,1,0,0,0.788
ORD-00714,2024-03-18 21:00:15.123024,Morning,A,Medium,45,2,141.1,Low,True,34.57,20.9,55.47,45,1,3,1,0,0,1.2327,10.47,63.5,0,0,0,0.768
ORD-00715,2024-03-18 23:37:31.890378,Morning,B,Medium,25,7,133.6,Low,True,17.78,13.42,31.2,45,0,3,1,0,0,0.6933,-13.8,33.4,1,0,0,0.711
ORD-00716,2024-03-19 02:14:48.657731,Evening,C,Medium,1,8,162.0,Medium,True,8.87,3.5,12.37,45,0,3,1,1,0,0.2749,-32.63,1.62,1,0,0,8.87
ORD-00717,2024-03-19 04:52:05.425085,Morning,C,Low,35,5,132.3,Medium,True,25.48,18.8,44.28,55,0,3,1,1,0,0.8051,-10.72,46.31,0,0,0,0.728
ORD-00718,2024-03-19 07:29:22.192438,Morning,B,High,47,5,246.4,Low,True,36.27,19.55,55.82,38,1,3,1,1,0,1.4689,17.82,115.81,0,0,0,0.772
ORD-00719,2024-03-19 10:06:38.959791,Evening,B,Medium,36,7,126.4,Low,False,23.97,20.45,44.42,45,1,3,1,1,0,0.9871,-0.58,45.5,1,0,1,0.666
ORD-00720,2024-03-19 12:43:55.727145,Morning,C,Medium,18,5,166.5,Medium,True,17.05,10.62,27.67,45,0,3,1,1,0,0.6149,-17.33,29.97,0,0,0,0.947
ORD-00721,2024-03-19 15:21:12.494498,Evening,C,Medium,29,4,183.1,Low,True,23.84,23.18,47.02,45,0,3,1,1,0,1.0449,2.02,53.1,0,0,0,0.822
ORD-00722,2024-03-19 17:58:29.261852,Night,C,Medium,19,6,125.2,Low,True,15.49,12.59,28.08,45,1,3,1,1,0,0.624,-16.92,23.79,0,0,0,0.815
ORD-00723,2024-03-19 20:35:46.029205,Night,B,Urgent,39,9,156.6,Low,True,23.9,21.67,45.57,28,1,3,1,1,0,1.6275,17.57,61.07,1,0,0,0.613
ORD-00724,2024-03-19 23:13:02.796559,Evening,B,High,37,2,130.0,Medium,True,48.2,19.3,67.5,38,1,3,1,1,0,1.7763,29.5,48.1,0,0,0,1.303
ORD-00725,2024-03-20 01:50:19.563912,Morning,B,High,32,9,161.0,Low,True,19.12,20.18,39.3,38,1,3,1,2,0,1.0342,1.3,51.52,1,0,0,0.598
ORD-00726,2024-03-20 04:27:36.331266,Morning,E,Medium,20,3,154.0,Low,False,14.29,13.72,28.01,45,1,3,1,2,0,0.6224,-16.99,30.8,0,0,1,0.714
ORD-00727,2024-03-20 07:04:53.098619,Night,B,Medium,9,1,144.4,Low,True,17.73,10.66,28.39,45,0,3,1,2,0,0.6309,-16.61,13.0,0,0,0,1.97
ORD-00728,2024-03-20 09:42:09.865973,Evening,C,Medium,31,2,103.8,Medium,True,26.48,19.82,46.3,45,0,3,1,2,0,1.0289,1.3,32.18,0,0,0,0.854
ORD-00729,2024-03-20 12:19:26.633326,Night,C,Medium,17,1,224.5,Medium,True,23.83,12.25,36.08,45,1,3,1,2,0,0.8018,-8.92,38.16,0,0,0,1.402
ORD-00730,2024-03-20 14:56:43.400680,Evening,E,Medium,46,10,173.5,Medium,False,22.8,33.41,56.21,45,1,3,1,2,0,1.2491,11.21,79.81,1,0,1,0.496
ORD-00731,2024-03-20 17:34:00.168033,Morning,B,Medium,4,3,86.5,Medium,True,7.56,5.01,12.57,45,0,3,1,2,0,0.2793,-32.43,3.46,0,0,0,1.89
ORD-00732,2024-03-20 20:11:16.935387,Evening,B,Low,43,8,133.2,Medium,True,29.89,23.14,53.03,55,0,3,1,2,0,0.9642,-1.97,57.28,1,0,0,0.695
ORD-00733,2024-03-20 22:48:33.702740,Night,D,Medium,39,2,87.2,Medium,False,33.2,29.51,62.71,45,1,3,1,2,0,1.3936,17.71,34.01,0,0,1,0.851
ORD-00734,2024-03-21 01:25:50.470094,Night,A,Low,26,6,180.5,High,False,26.1,19.34,45.44,55,0,3,1,3,0,0.8262,-9.56,46.93,0,1,1,1.004
ORD-00735,2024-03-21 04:03:07.237447,Morning,C,Medium,50,5,149.1,High,True,43.69,23.27,66.96,45,1,3,1,3,0,1.488,21.96,74.55,0,1,0,0.874
ORD-00736,2024-03-21 06:40:24.004800,Evening,B,Medium,36,7,150.2,Low,True,30.19,18.76,48.95,45,1,3,1,3,0,1.0878,3.95,54.07,1,0,0,0.839
ORD-00737,2024-03-21 09:17:40.772154,Morning,E,Urgent,3,10,116.3,Medium,True,4.2,3.89,8.09,28,0,3,1,3,0,0.2889,-19.91,3.49,1,0,0,1.4
ORD-00738,2024-03-21 11:54:57.539507,Night,D,Low,20,7,137.4,Low,True,8.88,12.01,20.89,55,0,3,1,3,0,0.3798,-34.11,27.48,1,0,0,0.444
ORD-00739,2024-03-21 14:32:14.306861,Morning,A,Low,43,8,181.5,Low,True,18.0,18.56,36.56,55,0,3,1,3,0,0.6647,-18.44,78.04,1,0,0,0.419
ORD-00740,2024-03-21 17:09:31.074214,Evening,D,Medium,39,3,192.2,Low,True,27.68,19.11,46.79,45,1,3,1,3,0,1.0398,1.79,74.96,0,0,0,0.71
ORD-00741,2024-03-21 19:46:47.841568,Morning,D,Low,9,2,183.9,Medium,False,11.35,9.85,21.2,55,0,3,1,3,0,0.3855,-33.8,16.55,0,0,1,1.261
ORD-00742,2024-03-21 22:24:04.608921,Evening,C,High,9,1,87.9,High,True,11.98,8.32,20.3,38,0,3,1,3,0,0.5342,-17.7,7.91,0,1,0,1.331
ORD-00743,2024-03-22 01:01:21.376275,Evening,A,Low,47,4,142.6,Medium,True,33.79,24.4,58.19,55,0,3,1,4,0,1.058,3.19,67.02,0,0,0,0.719
ORD-00744,2024-03-22 03:38:38.143628,Morning,A,Urgent,3,6,160.1,Medium,False,11.19,7.29,18.48,28,0,3,1,4,0,0.66,-9.52,4.8,0,0,1,3.73
ORD-00745,2024-03-22 06:15:54.910982,Night,C,High,48,1,120.6,Low,True,39.8,26.7,66.5,38,1,3,1,4,0,1.75,28.5,57.89,0,0,0,0.829
ORD-00746,2024-03-22 08:53:11.678335,Night,B,Medium,28,3,83.6,High,False,38.15,20.64,58.79,45,1,3,1,4,0,1.3064,13.79,23.41,0,1,1,1.362
ORD-00747,2024-03-22 11:30:28.445689,Night,E,Urgent,41,7,98.5,Low,True,21.64,22.02,43.66,28,1,3,1,4,0,1.5593,15.66,40.38,1,0,0,0.528
ORD-00748,2024-03-22 14:07:45.213042,Morning,B,High,11,9,210.0,High,True,17.17,12.52,29.69,38,0,3,1,4,0,0.7813,-8.31,23.1,1,1,0,1.561
ORD-00749,2024-03-22 16:45:01.980396,Evening,C,Urgent,18,10,102.3,Low,True,9.33,15.47,24.8,28,1,3,1,4,0,0.8857,-3.2,18.41,1,0,0,0.518
ORD-00750,2024-03-22 19:22:18.747749,Evening,A,Medium,37,3,151.9,Low,True,30.94,23.16,54.1,45,0,3,1,4,0,1.2022,9.1,56.2,0,0,0,0.836
ORD-00751,2024-03-22 21:59:35.515103,Evening,C,Urgent,9,2,143.7,Medium,True,15.08,2.4,17.48,28,0,3,1,4,0,0.6243,-10.52,12.93,0,0,0,1.676
ORD-00752,2024-03-23 00:36:52.282456,Evening,A,Low,6,6,143.8,Low,True,6.64,5.29,11.93,55,0,3,1,5,1,0.2169,-43.07,8.63,0,0,0,1.107
ORD-00753,2024-03-23 03:14:09.049809,Evening,B,Medium,31,10,137.2,Low,True,16.79,17.04,33.83,45,0,3,1,5,1,0.7518,-11.17,42.53,1,0,0,0.542
ORD-00754,2024-03-23 05:51:25.817163,Morning,A,Urgent,1,5,181.6,Medium,True,8.22,2.36,10.58,28,0,3,1,5,1,0.3779,-17.42,1.82,0,0,0,8.22
ORD-00755,2024-03-23 08:28:42.584516,Evening,C,Medium,47,10,151.4,Medium,True,23.53,23.22,46.75,45,1,3,1,5,1,1.0389,1.75,71.16,1,0,0,0.501
ORD-00756,2024-03-23 11:05:59.351870,Morning,B,Medium,34,8,125.0,Low,True,20.08,16.74,36.82,45,0,3,1,5,1,0.8182,-8.18,42.5,1,0,0,0.591
ORD-00757,2024-03-23 13:43:16.119223,Morning,D,Low,36,9,152.1,Medium,True,19.2,14.89,34.09,55,0,3,1,5,1,0.6198,-20.91,54.76,1,0,0,0.533
ORD-00758,2024-03-23 16:20:32.886577,Morning,A,Low,26,10,98.9,Medium,True,13.54,13.8,27.34,55,0,3,1,5,1,0.4971,-27.66,25.71,1,0,0,0.521
ORD-00759,2024-03-23 18:57:49.653930,Morning,C,Medium,32,2,169.0,Low,True,28.28,20.22,48.5,45,0,3,1,5,1,1.0778,3.5,54.08,0,0,0,0.884
ORD-00760,2024-03-23 21:35:06.421284,Night,C,Medium,48,5,122.8,Low,True,25.82,24.19,50.01,45,1,3,1,5,1,1.1113,5.01,58.94,0,0,0,0.538
ORD-00761,2024-03-24 00:12:23.188637,Evening,A,Medium,1,1,125.1,Medium,False,7.72,6.22,13.94,45,0,3,1,6,1,0.3098,-31.06,1.25,0,0,1,7.72
ORD-00762,2024-03-24 02:49:39.955991,Morning,A,High,13,1,170.5,High,False,22.35,12.39,34.74,38,0,3,1,6,1,0.9142,-3.26,22.16,0,1,1,1.719
ORD-00763,2024-03-24 05:26:56.723344,Night,B,Low,35,5,133.7,Low,True,28.88,20.38,49.26,55,1,3,1,6,1,0.8956,-5.74,46.8,0,0,0,0.825
ORD-00764,2024-03-24 08:04:13.490698,Night,C,High,7,7,136.0,Medium,True,7.42,3.23,10.65,38,0,3,1,6,1,0.2803,-27.35,9.52,1,0,0,1.06
ORD-00765,2024-03-24 10:41:30.258051,Night,E,Medium,13,9,196.7,Medium,True,15.83,12.28,28.11,45,0,3,1,6,1,0.6247,-16.89,25.57,1,0,0,1.218
ORD-00766,2024-03-24 13:18:47.025405,Night,A,High,2,2,111.1,Medium,True,8.0,4.49,12.49,38,0,3,1,6,1,0.3287,-25.51,2.22,0,0,0,4.0
ORD-00767,2024-03-24 15:56:03.792758,Night,D,High,3,1,169.9,Medium,True,7.5,8.48,15.98,38,0,3,1,6,1,0.4205,-22.02,5.1,0,0,0,2.5
ORD-00768,2024-03-24 18:33:20.560112,Evening,D,Urgent,23,2,188.0,Medium,True,21.24,14.44,35.68,28,1,3,1,6,1,1.2743,7.68,43.24,0,0,0,0.923
ORD-00769,2024-03-24 21:10:37.327465,Night,C,Low,34,10,196.7,Low,True,18.89,15.98,34.87,55,0,3,1,6,1,0.634,-20.13,66.88,1,0,0,0.556
ORD-00770,2024-03-24 23:47:54.094818,Night,C,Medium,6,7,237.1,High,True,15.24,4.96,20.2,45,0,3,1,6,1,0.4489,-24.8,14.23,1,1,0,2.54
ORD-00771,2024-03-25 02:25:10.862172,Morning,E,Urgent,50,5,124.3,Medium,False,35.59,30.58,66.17,28,1,3,1,0,0,2.3632,38.17,62.15,0,0,1,0.712
ORD-00772,2024-03-25 05:02:27.629525,Night,C,High,39,2,115.3,Medium,True,36.95,16.05,53.0,38,1,3,1,0,0,1.3947,15.0,44.97,0,0,0,0.947
ORD-00773,2024-03-25 07:39:44.396879,Night,D,Low,34,4,182.7,Medium,False,27.21,24.71,51.92,55,0,3,1,0,0,0.944,-3.08,62.12,0,0,1,0.8
ORD-00774,2024-03-25 10:17:01.164232,Night,B,High,4,2,187.6,Low,True,12.03,6.15,18.18,38,0,3,1,0,0,0.4784,-19.82,7.5,0,0,0,3.008
ORD-00775,2024-03-25 12:54:17.931586,Night,D,High,26,1,118.4,Medium,False,21.3,16.26,37.56,38,1,3,1,0,0,0.9884,-0.44,30.78,0,0,1,0.819
ORD-00776,2024-03-25 15:31:34.698939,Morning,E,Medium,47,5,169.4,Medium,True,38.59,22.13,60.72,45,1,3,1,0,0,1.3493,15.72,79.62,0,0,0,0.821
ORD-00777,2024-03-25 18:08:51.466293,Evening,E,High,12,6,259.0,Low,True,21.08,10.5,31.58,38,0,3,1,0,0,0.8311,-6.42,31.08,0,0,0,1.757
ORD-00778,2024-03-25 20:46:08.233646,Evening,B,High,28,5,154.2,Low,True,27.83,20.01,47.84,38,1,3,1,0,0,1.2589,9.84,43.18,0,0,0,0.994
ORD-00779,2024-03-25 23:23:25.001000,Evening,D,Medium,29,9,186.9,Medium,True,15.7,14.81,30.51,45,0,3,1,0,0,0.678,-14.49,54.2,1,0,0,0.541
ORD-00780,2024-03-26 02:00:41.768353,Night,A,Low,35,10,213.1,Medium,True,18.11,17.76,35.87,55,0,3,1,1,0,0.6522,-19.13,74.58,1,0,0,0.517
ORD-00781,2024-03-26 04:37:58.535707,Night,D,Medium,46,2,250.1,Medium,True,42.58,21.01,63.59,45,1,3,1,1,0,1.4131,18.59,115.05,0,0,0,0.926
ORD-00782,2024-03-26 07:15:15.303060,Evening,B,Medium,7,3,159.8,Low,True,9.58,7.4,16.98,45,0,3,1,1,0,0.3773,-28.02,11.19,0,0,0,1.369
ORD-00783,2024-03-26 09:52:32.070414,Night,C,Medium,4,6,200.1,Medium,True,11.16,5.89,17.05,45,0,3,1,1,0,0.3789,-27.95,8.0,0,0,0,2.79
ORD-00784,2024-03-26 12:29:48.837767,Morning,B,High,5,5,118.5,Low,False,10.83,10.42,21.25,38,0,3,1,1,0,0.5592,-16.75,5.93,0,0,1,2.166
ORD-00785,2024-03-26 15:07:05.605121,Night,A,Medium,14,5,151.0,Medium,True,19.07,8.85,27.92,45,0,3,1,1,0,0.6204,-17.08,21.14,0,0,0,1.362
ORD-00786,2024-03-26 17:44:22.372474,Morning,A,High,18,8,132.1,Medium,True,15.28,7.75,23.03,38,0,3,1,1,0,0.6061,-14.97,23.78,1,0,0,0.849
ORD-00787,2024-03-26 20:21:39.139827,Evening,A,High,44,2,74.6,Medium,True,38.4,23.42,61.82,38,1,3,1,1,0,1.6268,23.82,32.82,0,0,0,0.873
ORD-00788,2024-03-26 22:58:55.907181,Morning,B,High,27,9,85.9,High,False,26.49,14.52,41.01,38,0,3,1,1,0,1.0792,3.01,23.19,1,1,1,0.981
ORD-00789,2024-03-27 01:36:12.674534,Evening,D,Medium,38,3,167.2,Low,False,29.8,26.85,56.65,45,1,3,1,2,0,1.2589,11.65,63.54,0,0,1,0.784
ORD-00790,2024-03-27 04:13:29.441888,Morning,D,Low,29,4,168.0,Low,True,20.49,17.55,38.04,55,0,3,1,2,0,0.6916,-16.96,48.72,0,0,0,0.707
ORD-00791,2024-03-27 06:50:46.209241,Morning,D,High,48,3,108.3,Medium,True,34.96,25.48,60.44,38,1,3,1,2,0,1.5905,22.44,51.98,0,0,0,0.728
ORD-00792,2024-03-27 09:28:02.976595,Evening,D,Low,17,7,212.3,Medium,True,11.38,12.25,23.63,55,0,3,1,2,0,0.4296,-31.37,36.09,1,0,0,0.669
ORD-00793,2024-03-27 12:05:19.743948,Evening,B,Medium,34,7,105.6,Medium,True,27.6,16.78,44.38,45,0,3,1,2,0,0.9862,-0.62,35.9,1,0,0,0.812
ORD-00794,2024-03-27 14:42:36.511302,Morning,C,Low,14,7,160.3,High,True,18.08,10.66,28.74,55,0,3,1,2,0,0.5225,-26.26,22.44,1,1,0,1.291
ORD-00795,2024-03-27 17:19:53.278655,Evening,C,Medium,12,5,133.4,Medium,True,12.66,12.61,25.27,45,0,3,1,2,0,0.5616,-19.73,16.01,0,0,0,1.055
ORD-00796,2024-03-27 19:57:10.046009,Morning,A,High,50,4,154.3,Low,True,27.58,23.86,51.44,38,1,3,1,2,0,1.3537,13.44,77.15,0,0,0,0.552
ORD-00797,2024-03-27 22:34:26.813362,Morning,C,Medium,2,7,185.9,Low,True,11.3,5.65,16.95,45,0,3,1,2,0,0.3767,-28.05,3.72,1,0,0,5.65
ORD-00798,2024-03-28 01:11:43.580716,Morning,D,Medium,14,2,180.3,High,True,23.67,9.73,33.4,45,0,3,1,3,0,0.7422,-11.6,25.24,0,1,0,1.691
ORD-00799,2024-03-28 03:49:00.348069,Evening,C,Low,20,4,178.3,Low,True,22.6,12.45,35.05,55,0,3,1,3,0,0.6373,-19.95,35.66,0,0,0,1.13
ORD-00800,2024-03-28 06:26:17.115423,Night,D,Medium,7,7,173.2,Medium,True,11.47,7.05,18.52,45,0,3,1,3,0,0.4116,-26.48,12.12,1,0,0,1.639
ORD-00801,2024-03-28 09:03:33.882776,Evening,A,Medium,39,7,99.1,High,True,30.83,16.3,47.13,45,1,3,1,3,0,1.0473,2.13,38.65,1,1,0,0.791
ORD-00802,2024-03-28 11:40:50.650130,Night,D,High,18,3,195.4,Medium,False,23.4,14.2,37.6,38,0,3,1,3,0,0.9895,-0.4,35.17,0,0,1,1.3
ORD-00803,2024-03-28 14:18:07.417483,Evening,A,Urgent,23,4,107.6,Low,True,14.28,11.72,26.0,28,1,3,1,3,0,0.9286,-2.0,24.75,0,0,0,0.621
ORD-00804,2024-03-28 16:55:24.184836,Night,E,Urgent,16,4,145.8,Medium,True,17.0,15.97,32.97,28,1,3,1,3,0,1.1775,4.97,23.33,0,0,0,1.062
ORD-00805,2024-03-28 19:32:40.952190,Night,A,Low,45,9,135.9,Low,True,17.7,23.2,40.9,55,0,3,1,3,0,0.7436,-14.1,61.16,1,0,0,0.393
ORD-00806,2024-03-28 22:09:57.719543,Morning,C,Medium,22,6,164.0,High,False,21.12,19.02,40.14,45,1,3,1,3,0,0.892,-4.86,36.08,0,1,1,0.96
ORD-00807,2024-03-29 00:47:14.486897,Morning,C,Medium,40,2,130.6,Medium,True,40.14,17.55,57.69,45,1,3,1,4,0,1.282,12.69,52.24,0,0,0,1.004
ORD-00808,2024-03-29 03:24:31.254250,Morning,B,High,32,2,143.7,Medium,True,39.8,20.05,59.85,38,1,3,1,4,0,1.575,21.85,45.98,0,0,0,1.244
ORD-00809,2024-03-29 06:01:48.021604,Evening,B,High,48,1,214.8,Low,True,54.53,21.24,75.77,38,1,3,1,4,0,1.9939,37.77,103.1,0,0,0,1.136
ORD-00810,2024-03-29 08:39:04.788957,Evening,A,High,31,3,98.2,Low,True,17.57,13.6,31.17,38,0,3,1,4,0,0.8203,-6.83,30.44,0,0,0,0.567
ORD-00811,2024-03-29 11:16:21.556311,Morning,C,Medium,50,3,149.9,Low,True,37.04,29.94,66.98,45,1,3,1,4,0,1.4884,21.98,74.95,0,0,0,0.741
ORD-00812,2024-03-29 13:53:38.323664,Night,E,Medium,35,5,105.4,Medium,True,25.5,15.91,41.41,45,0,3,1,4,0,0.9202,-3.59,36.89,0,0,0,0.729
ORD-00813,2024-03-29 16:30:55.091018,Night,B,Urgent,3,8,177.0,Medium,True,13.52,3.33,16.85,28,0,3,1,4,0,0.6018,-11.15,5.31,1,0,0,4.507
ORD-00814,2024-03-29 19:08:11.858371,Morning,C,Medium,8,9,120.9,High,True,7.46,4.52,11.98,45,0,3,1,4,0,0.2662,-33.02,9.67,1,1,0,0.932
ORD-00815,2024-03-29 21:45:28.625725,Morning,E,High,40,6,151.5,Low,True,28.41,21.29,49.7,38,1,3,1,4,0,1.3079,11.7,60.6,0,0,0,0.71
ORD-00816,2024-03-30 00:22:45.393078,Morning,C,High,3,8,97.0,Low,True,6.62,5.79,12.41,38,0,3,1,5,1,0.3266,-25.59,2.91,1,0,0,2.207
ORD-00817,2024-03-30 03:00:02.160432,Morning,D,Low,10,7,201.7,Medium,True,10.86,6.13,16.99,55,0,3,1,5,1,0.3089,-38.01,20.17,1,0,0,1.086
ORD-00818,2024-03-30 05:37:18.927785,Night,B,Urgent,40,4,152.9,Medium,True,45.55,24.21,69.76,28,1,3,1,5,1,2.4914,41.76,61.16,0,0,0,1.139
ORD-00819,2024-03-30 08:14:35.695139,Evening,B,High,18,7,155.5,Medium,True,22.6,12.44,35.04,38,1,3,1,5,1,0.9221,-2.96,27.99,1,0,0,1.256
ORD-00820,2024-03-30 10:51:52.462492,Morning,A,High,11,4,183.2,Low,False,14.36,7.43,21.79,38,0,3,1,5,1,0.5734,-16.21,20.15,0,0,1,1.305
ORD-00821,2024-03-30 13:29:09.229845,Evening,A,Low,10,4,99.9,Low,True,6.68,7.87,14.55,55,0,3,1,5,1,0.2645,-40.45,9.99,0,0,0,0.668
ORD-00822,2024-03-30 16:06:25.997199,Morning,C,Low,16,10,125.4,Medium,True,11.83,10.72,22.55,55,0,3,1,5,1,0.41,-32.45,20.06,1,0,0,0.739
ORD-00823,2024-03-30 18:43:42.764552,Evening,D,High,42,10,156.8,High,True,22.92,18.55,41.47,38,1,3,1,5,1,1.0913,3.47,65.86,1,1,0,0.546
ORD-00824,2024-03-30 21:20:59.531906,Evening,A,Low,23,7,79.5,High,True,17.31,13.31,30.62,55,0,3,1,5,1,0.5567,-24.38,18.28,1,1,0,0.753
ORD-00825,2024-03-30 23:58:16.299259,Evening,E,Low,48,6,83.8,Medium,True,31.11,24.32,55.43,55,1,3,1,5,1,1.0078,0.43,40.22,0,0,0,0.648
ORD-00826,2024-03-31 02:35:33.066613,Evening,B,Medium,36,7,117.1,Medium,True,29.08,19.68,48.76,45,1,3,1,6,1,1.0836,3.76,42.16,1,0,0,0.808
ORD-00827,2024-03-31 05:12:49.833966,Night,B,Low,14,8,104.4,Medium,True,11.1,14.08,25.18,55,1,3,1,6,1,0.4578,-29.82,14.62,1,0,0,0.793
ORD-00828,2024-03-31 07:50:06.601320,Morning,E,High,9,1,136.2,Medium,True,12.06,11.03,23.09,38,0,3,1,6,1,0.6076,-14.91,12.26,0,0,0,1.34
ORD-00829,2024-03-31 10:27:23.368673,Night,E,Medium,48,4,170.9,Low,True,29.93,24.09,54.02,45,0,3,1,6,1,1.2004,9.02,82.03,0,0,0,0.624
ORD-00830,2024-03-31 13:04:40.136027,Morning,C,Low,46,2,180.0,Low,True,37.04,20.39,57.43,55,1,3,1,6,1,1.0442,2.43,82.8,0,0,0,0.805
ORD-00831,2024-03-31 15:41:56.903380,Morning,B,Medium,7,6,222.4,High,True,15.6,6.42,22.02,45,0,3,1,6,1,0.4893,-22.98,15.57,0,1,0,2.229
ORD-00832,2024-03-31 18:19:13.670734,Night,A,Low,17,3,149.1,High,False,24.57,18.31,42.88,55,0,3,1,6,1,0.7796,-12.12,25.35,0,1,1,1.445
ORD-00833,2024-03-31 20:56:30.438087,Evening,B,Low,38,4,156.2,Medium,True,41.9,21.58,63.48,55,1,3,1,6,1,1.1542,8.48,59.36,0,0,0,1.103
ORD-00834,2024-03-31 23:33:47.205441,Morning,D,Medium,50,9,149.0,Low,True,19.01,23.17,42.18,45,0,3,1,6,1,0.9373,-2.82,74.5,1,0,0,0.38
ORD-00835,2024-04-01 02:11:03.972794,Evening,B,Medium,46,3,162.8,Medium,False,53.17,32.86,86.03,45,1,4,2,0,0,1.9118,41.03,74.89,0,0,1,1.156
ORD-00836,2024-04-01 04:48:20.740148,Evening,D,Medium,15,10,165.9,Low,False,7.56,15.52,23.08,45,0,4,2,0,0,0.5129,-21.92,24.88,1,0,1,0.504
ORD-00837,2024-04-01 07:25:37.507501,Night,A,High,45,5,186.9,Low,True,29.31,23.27,52.58,38,1,4,2,0,0,1.3837,14.58,84.1,0,0,0,0.651
ORD-00838,2024-04-01 10:02:54.274854,Evening,C,Medium,37,2,186.7,Medium,True,32.01,21.7,53.71,45,0,4,2,0,0,1.1936,8.71,69.08,0,0,0,0.865
ORD-00839,2024-04-01 12:40:11.042208,Morning,B,Medium,24,2,170.8,Medium,True,28.91,12.49,41.4,45,0,4,2,0,0,0.92,-3.6,40.99,0,0,0,1.205
ORD-00840,2024-04-01 15:17:27.809561,Evening,C,Medium,19,8,210.4,Low,True,13.48,13.93,27.41,45,0,4,2,0,0,0.6091,-17.59,39.98,1,0,0,0.709
ORD-00841,2024-04-01 17:54:44.576915,Morning,C,High,41,10,151.1,Medium,True,20.98,23.89,44.87,38,1,4,2,0,0,1.1808,6.87,61.95,1,0,0,0.512
ORD-00842,2024-04-01 20:32:01.344268,Morning,E,Medium,42,9,125.5,Medium,True,25.07,23.44,48.51,45,0,4,2,0,0,1.078,3.51,52.71,1,0,0,0.597
ORD-00843,2024-04-01 23:09:18.111622,Evening,E,Low,46,2,132.1,Low,True,35.09,22.4,57.49,55,1,4,2,0,0,1.0453,2.49,60.77,0,0,0,0.763
ORD-00844,2024-04-02 01:46:34.878975,Night,D,High,24,9,145.8,Low,True,12.06,14.23,26.29,38,0,4,2,1,0,0.6918,-11.71,34.99,1,0,0,0.503
ORD-00845,2024-04-02 04:23:51.646329,Morning,A,High,14,3,106.7,Medium,False,16.37,17.16,33.53,38,0,4,2,1,0,0.8824,-4.47,14.94,0,0,1,1.169
ORD-00846,2024-04-02 07:01:08.413682,Night,E,Low,44,5,125.5,High,True,40.22,24.68,64.9,55,1,4,2,1,0,1.18,9.9,55.22,0,1,0,0.914
ORD-00847,2024-04-02 09:38:25.181036,Evening,E,High,16,1,104.4,High,True,25.11,12.85,37.96,38,0,4,2,1,0,0.9989,-0.04,16.7,0,1,0,1.569
ORD-00848,2024-04-02 12:15:41.948389,Night,E,High,38,3,163.8,Low,True,27.48,18.15,45.63,38,1,4,2,1,0,1.2008,7.63,62.24,0,0,0,0.723
ORD-00849,2024-04-02 14:52:58.715743,Morning,C,Low,26,4,164.2,Medium,True,20.44,19.56,40.0,55,0,4,2,1,0,0.7273,-15.0,42.69,0,0,0,0.786
ORD-00850,2024-04-02 17:30:15.483096,Morning,A,Urgent,30,10,79.2,High,True,14.59,18.0,32.59,28,0,4,2,1,0,1.1639,4.59,23.76,1,1,0,0.486
ORD-00851,2024-04-02 20:07:32.250450,Morning,D,Medium,11,3,123.8,Low,True,12.74,9.05,21.79,45,0,4,2,1,0,0.4842,-23.21,13.62,0,0,0,1.158
ORD-00852,2024-04-02 22:44:49.017803,Morning,B,High,13,3,223.0,Medium,True,25.06,11.27,36.33,38,1,4,2,1,0,0.9561,-1.67,28.99,0,0,0,1.928
ORD-00853,2024-04-03 01:22:05.785157,Morning,B,Urgent,33,3,175.2,Low,True,35.9,17.66,53.56,28,1,4,2,2,0,1.9129,25.56,57.82,0,0,0,1.088
ORD-00854,2024-04-03 03:59:22.552510,Morning,B,Urgent,13,3,168.2,Medium,True,20.39,8.81,29.2,28,1,4,2,2,0,1.0429,1.2,21.87,0,0,0,1.568
ORD-00855,2024-04-03 06:36:39.319863,Morning,C,Medium,34,6,123.4,Low,True,18.69,18.75,37.44,45,0,4,2,2,0,0.832,-7.56,41.96,0,0,0,0.55
ORD-00856,2024-04-03 09:13:56.087217,Morning,B,High,50,3,161.5,Low,True,46.3,26.31,72.61,38,1,4,2,2,0,1.9108,34.61,80.75,0,0,0,0.926
ORD-00857,2024-04-03 11:51:12.854570,Night,D,Medium,5,3,149.4,Low,True,7.17,6.98,14.15,45,0,4,2,2,0,0.3144,-30.85,7.47,0,0,0,1.434
ORD-00858,2024-04-03 14:28:29.621924,Night,C,Medium,47,6,118.1,Low,True,24.62,25.17,49.79,45,0,4,2,2,0,1.1064,4.79,55.51,0,0,0,0.524
ORD-00859,2024-04-03 17:05:46.389277,Morning,C,High,9,8,130.2,Low,True,3.0,11.54,14.54,38,0,4,2,2,0,0.3826,-23.46,11.72,1,0,0,0.333
ORD-00860,2024-04-03 19:43:03.156631,Night,A,Medium,7,2,131.1,Low,True,12.26,7.74,20.0,45,0,4,2,2,0,0.4444,-25.0,9.18,0,0,0,1.751
ORD-00861,2024-04-03 22:20:19.923984,Morning,E,High,42,4,90.5,Medium,True,31.86,21.74,53.6,38,1,4,2,2,0,1.4105,15.6,38.01,0,0,0,0.759
ORD-00862,2024-04-04 00:57:36.691338,Evening,B,Low,11,6,97.1,Low,True,8.81,13.58,22.39,55,0,4,2,3,0,0.4071,-32.61,10.68,0,0,0,0.801
ORD-00863,2024-04-04 03:34:53.458691,Night,B,Medium,33,10,142.0,Low,True,22.74,17.67,40.41,45,0,4,2,3,0,0.898,-4.59,46.86,1,0,0,0.689
ORD-00864,2024-04-04 06:12:10.226045,Evening,C,Low,6,10,116.1,Low,True,3.0,6.43,9.43,55,0,4,2,3,0,0.1715,-45.57,6.97,1,0,0,0.5
ORD-00865,2024-04-04 08:49:26.993398,Morning,B,Medium,5,9,138.0,High,True,9.48,5.59,15.07,45,0,4,2,3,0,0.3349,-29.93,6.9,1,1,0,1.896
ORD-00866,2024-04-04 11:26:43.760752,Morning,D,Low,11,6,85.8,Low,True,5.07,11.71,16.78,55,0,4,2,3,0,0.3051,-38.22,9.44,0,0,0,0.461
ORD-00867,2024-04-04 14:04:00.528105,Evening,A,Medium,27,1,182.1,Medium,True,32.62,16.63,49.25,45,1,4,2,3,0,1.0944,4.25,49.17,0,0,0,1.208
ORD-00868,2024-04-04 16:41:17.295459,Evening,E,Urgent,15,10,233.2,Low,True,14.95,9.91,24.86,28,1,4,2,3,0,0.8879,-3.14,34.98,1,0,0,0.997
ORD-00869,2024-04-04 19:18:34.062812,Evening,A,High,12,7,191.1,Low,False,14.5,14.78,29.28,38,0,4,2,3,0,0.7705,-8.72,22.93,1,0,1,1.208
ORD-00870,2024-04-04 21:55:50.830166,Evening,E,High,42,10,195.2,High,True,31.19,20.1,51.29,38,1,4,2,3,0,1.3497,13.29,81.98,1,1,0,0.743
ORD-00871,2024-04-05 00:33:07.597519,Morning,C,Low,9,10,175.0,Medium,False,7.27,14.1,21.37,55,0,4,2,4,0,0.3885,-33.63,15.75,1,0,1,0.808
ORD-00872,2024-04-05 03:10:24.364872,Evening,A,Medium,5,8,160.6,Medium,False,12.13,7.5,19.63,45,0,4,2,4,0,0.4362,-25.37,8.03,1,0,1,2.426
ORD-00873,2024-04-05 05:47:41.132226,Morning,C,High,6,5,153.5,Low,True,8.72,10.47,19.19,38,0,4,2,4,0,0.505,-18.81,9.21,0,0,0,1.453
ORD-00874,2024-04-05 08:24:57.899579,Night,B,Low,45,7,113.4,Low,True,25.55,23.07,48.62,55,1,4,2,4,0,0.884,-6.38,51.03,1,0,0,0.568
ORD-00875,2024-04-05 11:02:14.666933,Evening,E,Medium,24,7,177.6,Low,True,16.01,15.85,31.86,45,0,4,2,4,0,0.708,-13.14,42.62,1,0,0,0.667
ORD-00876,2024-04-05 13:39:31.434286,Evening,D,Urgent,49,9,175.2,Low,True,20.95,27.89,48.84,28,1,4,2,4,0,1.7443,20.84,85.85,1,0,0,0.428
ORD-00877,2024-04-05 16:16:48.201640,Evening,C,Low,41,3,131.5,High,False,40.58,22.34,62.92,55,1,4,2,4,0,1.144,7.92,53.92,0,1,1,0.99
ORD-00878,2024-04-05 18:54:04.968993,Morning,B,Urgent,15,6,171.0,Low,False,17.48,13.74,31.22,28,1,4,2,4,0,1.115,3.22,25.65,0,0,1,1.165
ORD-00879,2024-04-05 21:31:21.736347,Morning,E,Low,40,6,122.2,Low,True,25.26,21.25,46.51,55,0,4,2,4,0,0.8456,-8.49,48.88,0,0,0,0.632
ORD-00880,2024-04-06 00:08:38.503700,Evening,C,Low,23,3,124.8,Low,True,19.73,14.3,34.03,55,0,4,2,5,1,0.6187,-20.97,28.7,0,0,0,0.858
ORD-00881,2024-04-06 02:45:55.271054,Evening,C,Low,29,5,181.0,Low,True,23.24,16.86,40.1,55,0,4,2,5,1,0.7291,-14.9,52.49,0,0,0,0.801
ORD-00882,2024-04-06 05:23:12.038407,Evening,B,Urgent,27,10,167.2,Low,True,16.13,16.68,32.81,28,0,4,2,5,1,1.1718,4.81,45.14,1,0,0,0.597
ORD-00883,2024-04-06 08:00:28.805761,Night,B,High,38,1,140.7,Low,False,38.46,27.87,66.33,38,1,4,2,5,1,1.7455,28.33,53.47,0,0,1,1.012
ORD-00884,2024-04-06 10:37:45.573114,Morning,D,High,11,6,136.1,High,True,9.66,5.28,14.94,38,0,4,2,5,1,0.3932,-23.06,14.97,0,1,0,0.878
ORD-00885,2024-04-06 13:15:02.340468,Morning,C,Medium,3,7,157.0,Medium,True,7.75,9.02,16.77,45,0,4,2,5,1,0.3727,-28.23,4.71,1,0,0,2.583
ORD-00886,2024-04-06 15:52:19.107821,Evening,D,High,37,10,76.6,Low,False,11.02,22.55,33.57,38,0,4,2,5,1,0.8834,-4.43,28.34,1,0,1,0.298
ORD-00887,2024-04-06 18:29:35.875175,Morning,C,Medium,48,3,119.7,Low,True,32.17,18.22,50.39,45,1,4,2,5,1,1.1198,5.39,57.46,0,0,0,0.67
ORD-00888,2024-04-06 21:06:52.642528,Morning,C,Medium,29,4,99.4,Medium,True,17.92,14.96,32.88,45,0,4,2,5,1,0.7307,-12.12,28.83,0,0,0,0.618
ORD-00889,2024-04-06 23:44:09.409881,Night,C,High,6,1,150.5,Low,True,7.89,10.46,18.35,38,0,4,2,5,1,0.4829,-19.65,9.03,0,0,0,1.315
ORD-00890,2024-04-07 02:21:26.177235,Night,D,High,6,4,193.5,High,True,16.51,7.32,23.83,38,0,4,2,6,1,0.6271,-14.17,11.61,0,1,0,2.752
ORD-00891,2024-04-07 04:58:42.944588,Night,B,High,28,10,169.1,Medium,True,16.03,12.91,28.94,38,1,4,2,6,1,0.7616,-9.06,47.35,1,0,0,0.572
ORD-00892,2024-04-07 07:35:59.711942,Morning,E,Low,45,8,129.5,Medium,True,26.08,22.45,48.53,55,0,4,2,6,1,0.8824,-6.47,58.28,1,0,0,0.58
ORD-00893,2024-04-07 10:13:16.479295,Morning,B,High,31,5,121.7,Medium,True,28.51,17.8,46.31,38,1,4,2,6,1,1.2187,8.31,37.73,0,0,0,0.92
ORD-00894,2024-04-07 12:50:33.246649,Evening,D,Medium,16,7,119.8,Low,True,7.64,6.9,14.54,45,1,4,2,6,1,0.3231,-30.46,19.17,1,0,0,0.478
ORD-00895,2024-04-07 15:27:50.014002,Night,E,Urgent,32,10,230.0,Low,True,17.1,17.63,34.73,28,1,4,2,6,1,1.2404,6.73,73.6,1,0,0,0.534
ORD-00896,2024-04-07 18:05:06.781356,Morning,D,Medium,8,5,152.7,Medium,True,10.91,9.59,20.5,45,1,4,2,6,1,0.4556,-24.5,12.22,0,0,0,1.364
ORD-00897,2024-04-07 20:42:23.548709,Morning,B,Low,24,3,158.0,Low,False,28.13,11.04,39.17,55,0,4,2,6,1,0.7122,-15.83,37.92,0,0,1,1.172
ORD-00898,2024-04-07 23:19:40.316063,Morning,D,Medium,50,9,65.6,Low,True,14.81,24.44,39.25,45,0,4,2,6,1,0.8722,-5.75,32.8,1,0,0,0.296
ORD-00899,2024-04-08 01:56:57.083416,Night,A,Medium,32,9,102.8,High,True,17.4,18.54,35.94,45,0,4,2,0,0,0.7987,-9.06,32.9,1,1,0,0.544
ORD-00900,2024-04-08 04:34:13.850770,Night,A,Medium,6,6,148.2,Medium,True,12.19,6.23,18.42,45,0,4,2,0,0,0.4093,-26.58,8.89,0,0,0,2.032
ORD-00901,2024-04-08 07:11:30.618123,Evening,D,High,11,1,130.1,Low,True,11.89,9.99,21.88,38,0,4,2,0,0,0.5758,-16.12,14.31,0,0,0,1.081
ORD-00902,2024-04-08 09:48:47.385477,Morning,D,High,3,1,155.3,High,True,14.09,9.52,23.61,38,0,4,2,0,0,0.6213,-14.39,4.66,0,1,0,4.697
ORD-00903,2024-04-08 12:26:04.152830,Evening,A,Medium,21,2,154.8,Low,True,17.97,10.8,28.77,45,0,4,2,0,0,0.6393,-16.23,32.51,0,0,0,0.856
ORD-00904,2024-04-08 15:03:20.920184,Evening,E,Medium,12,7,174.0,High,True,18.05,7.49,25.54,45,0,4,2,0,0,0.5676,-19.46,20.88,1,1,0,1.504
ORD-00905,2024-04-08 17:40:37.687537,Morning,B,High,49,2,75.2,Low,True,36.06,26.86,62.92,38,1,4,2,0,0,1.6558,24.92,36.85,0,0,0,0.736
ORD-00906,2024-04-08 20:17:54.454890,Morning,E,Urgent,16,1,105.8,Medium,True,22.21,14.41,36.62,28,1,4,2,0,0,1.3079,8.62,16.93,0,0,0,1.388
ORD-00907,2024-04-08 22:55:11.222244,Evening,D,Medium,2,7,146.0,Medium,True,5.21,6.64,11.85,45,0,4,2,0,0,0.2633,-33.15,2.92,1,0,0,2.605
ORD-00908,2024-04-09 01:32:27.989597,Morning,E,Urgent,22,5,124.1,Low,True,13.48,15.34,28.82,28,0,4,2,1,0,1.0293,0.82,27.3,0,0,0,0.613
ORD-00909,2024-04-09 04:09:44.756951,Night,D,Low,37,6,137.6,High,True,26.27,22.36,48.63,55,0,4,2,1,0,0.8842,-6.37,50.91,0,1,0,0.71
ORD-00910,2024-04-09 06:47:01.524304,Evening,E,High,35,2,154.4,Low,True,29.18,15.69,44.87,38,0,4,2,1,0,1.1808,6.87,54.04,0,0,0,0.834
ORD-00911,2024-04-09 09:24:18.291658,Morning,C,High,49,3,120.2,High,True,47.65,25.9,73.55,38,1,4,2,1,0,1.9355,35.55,58.9,0,1,0,0.972
ORD-00912,2024-04-09 12:01:35.059011,Evening,A,Medium,19,3,157.7,Low,True,17.5,8.01,25.51,45,0,4,2,1,0,0.5669,-19.49,29.96,0,0,0,0.921
ORD-00913,2024-04-09 14:38:51.826365,Evening,B,Low,27,7,171.8,Low,True,19.33,14.46,33.79,55,0,4,2,1,0,0.6144,-21.21,46.39,1,0,0,0.716
ORD-00914,2024-04-09 17:16:08.593718,Morning,D,High,28,10,152.6,Low,True,13.78,14.32,28.1,38,0,4,2,1,0,0.7395,-9.9,42.73,1,0,0,0.492
ORD-00915,2024-04-09 19:53:25.361072,Evening,A,Medium,2,10,178.8,Low,True,3.76,4.94,8.7,45,0,4,2,1,0,0.1933,-36.3,3.58,1,0,0,1.88
ORD-00916,2024-04-09 22:30:42.128425,Morning,E,Low,1,2,63.1,Medium,True,3.17,7.88,11.05,55,0,4,2,1,0,0.2009,-43.95,0.63,0,0,0,3.17
ORD-00917,2024-04-10 01:07:58.895779,Morning,A,Low,40,7,126.6,Medium,True,23.29,19.81,43.1,55,0,4,2,2,0,0.7836,-11.9,50.64,1,0,0,0.582
ORD-00918,2024-04-10 03:45:15.663132,Evening,E,High,20,8,185.7,High,True,22.4,14.33,36.73,38,1,4,2,2,0,0.9666,-1.27,37.14,1,1,0,1.12
ORD-00919,2024-04-10 06:22:32.430486,Evening,C,Low,35,1,115.4,Medium,True,33.08,20.7,53.78,55,0,4,2,2,0,0.9778,-1.22,40.39,0,0,0,0.945
ORD-00920,2024-04-10 08:59:49.197839,Morning,D,Medium,48,7,110.0,Medium,True,24.28,21.8,46.08,45,0,4,2,2,0,1.024,1.08,52.8,1,0,0,0.506
ORD-00921,2024-04-10 11:37:05.965193,Morning,E,Urgent,13,5,144.9,Low,True,12.06,9.05,21.11,28,0,4,2,2,0,0.7539,-6.89,18.84,0,0,0,0.928
ORD-00922,2024-04-10 14:14:22.732546,Evening,B,High,39,2,149.3,Medium,True,49.48,22.07,71.55,38,1,4,2,2,0,1.8829,33.55,58.23,0,0,0,1.269
ORD-00923,2024-04-10 16:51:39.499899,Morning,D,Medium,11,8,128.6,High,True,13.61,8.68,22.29,45,0,4,2,2,0,0.4953,-22.71,14.15,1,1,0,1.237
ORD-00924,2024-04-10 19:28:56.267253,Night,A,Medium,38,10,223.7,Low,True,17.91,19.79,37.7,45,0,4,2,2,0,0.8378,-7.3,85.01,1,0,0,0.471
ORD-00925,2024-04-10 22:06:13.034606,Evening,D,Low,8,6,161.5,Low,True,9.21,8.84,18.05,55,0,4,2,2,0,0.3282,-36.95,12.92,0,0,0,1.151
ORD-00926,2024-04-11 00:43:29.801960,Night,D,Medium,16,3,113.9,Low,True,18.7,11.88,30.58,45,1,4,2,3,0,0.6796,-14.42,18.22,0,0,0,1.169
ORD-00927,2024-04-11 03:20:46.569313,Morning,B,Low,24,5,92.4,Low,False,21.13,20.03,41.16,55,1,4,2,3,0,0.7484,-13.84,22.18,0,0,1,0.88
ORD-00928,2024-04-11 05:58:03.336667,Night,A,Low,25,6,166.2,Medium,True,20.32,15.3,35.62,55,0,4,2,3,0,0.6476,-19.38,41.55,0,0,0,0.813
ORD-00929,2024-04-11 08:35:20.104020,Morning,B,Low,2,10,112.9,Low,True,4.12,3.43,7.55,55,0,4,2,3,0,0.1373,-47.45,2.26,1,0,0,2.06
ORD-00930,2024-04-11 11:12:36.871374,Morning,A,High,43,8,236.1,High,True,34.21,19.68,53.89,38,1,4,2,3,0,1.4182,15.89,101.52,1,1,0,0.796
ORD-00931,2024-04-11 13:49:53.638727,Morning,D,Low,1,7,167.1,Low,True,3.0,4.73,7.73,55,0,4,2,3,0,0.1405,-47.27,1.67,1,0,0,3.0
ORD-00932,2024-04-11 16:27:10.406081,Morning,B,Low,45,8,172.4,Low,True,31.96,21.94,53.9,55,0,4,2,3,0,0.98,-1.1,77.58,1,0,0,0.71
ORD-00933,2024-04-11 19:04:27.173434,Night,E,High,11,7,159.9,Low,True,7.52,7.61,15.13,38,0,4,2,3,0,0.3982,-22.87,17.59,1,0,0,0.684
ORD-00934,2024-04-11 21:41:43.940788,Evening,E,Low,36,4,194.9,Low,False,26.94,27.79,54.73,55,1,4,2,3,0,0.9951,-0.27,70.16,0,0,1,0.748
ORD-00935,2024-04-12 00:19:00.708141,Evening,E,High,36,2,54.2,Medium,False,26.3,22.51,48.81,38,1,4,2,4,0,1.2845,10.81,19.51,0,0,1,0.731
ORD-00936,2024-04-12 02:56:17.475495,Evening,C,Medium,23,9,101.9,High,True,14.14,16.21,30.35,45,1,4,2,4,0,0.6744,-14.65,23.44,1,1,0,0.615
ORD-00937,2024-04-12 05:33:34.242848,Evening,B,Medium,27,6,191.4,Low,True,24.27,15.14,39.41,45,0,4,2,4,0,0.8758,-5.59,51.68,0,0,0,0.899
ORD-00938,2024-04-12 08:10:51.010202,Evening,D,Low,4,10,210.0,Low,True,8.35,2.0,10.35,55,0,4,2,4,0,0.1882,-44.65,8.4,1,0,0,2.088
ORD-00939,2024-04-12 10:48:07.777555,Night,D,Low,46,7,100.6,Medium,True,27.61,24.6,52.21,55,1,4,2,4,0,0.9493,-2.79,46.28,1,0,0,0.6
ORD-00940,2024-04-12 13:25:24.544908,Evening,E,High,6,5,77.3,Medium,True,12.39,4.03,16.42,38,0,4,2,4,0,0.4321,-21.58,4.64,0,0,0,2.065
ORD-00941,2024-04-12 16:02:41.312262,Evening,B,Medium,33,7,156.7,Medium,True,29.6,16.42,46.02,45,1,4,2,4,0,1.0227,1.02,51.71,1,0,0,0.897
ORD-00942,2024-04-12 18:39:58.079615,Morning,A,Low,1,7,169.4,Low,False,5.5,10.73,16.23,55,0,4,2,4,0,0.2951,-38.77,1.69,1,0,1,5.5
ORD-00943,2024-04-12 21:17:14.846969,Night,E,Medium,38,10,155.9,Medium,True,21.81,23.16,44.97,45,1,4,2,4,0,0.9993,-0.03,59.24,1,0,0,0.574
ORD-00944,2024-04-12 23:54:31.614322,Morning,D,Medium,18,4,147.6,Low,True,12.26,14.32,26.58,45,0,4,2,4,0,0.5907,-18.42,26.57,0,0,0,0.681
ORD-00945,2024-04-13 02:31:48.381676,Morning,A,Low,25,4,75.9,Low,True,13.25,13.87,27.12,55,0,4,2,5,1,0.4931,-27.88,18.98,0,0,0,0.53
ORD-00946,2024-04-13 05:09:05.149029,Night,D,Medium,2,4,135.0,High,True,8.21,3.07,11.28,45,0,4,2,5,1,0.2507,-33.72,2.7,0,1,0,4.105
ORD-00947,2024-04-13 07:46:21.916383,Morning,A,Medium,11,2,141.0,Low,False,12.81,18.3,31.11,45,0,4,2,5,1,0.6913,-13.89,15.51,0,0,1,1.165
ORD-00948,2024-04-13 10:23:38.683736,Morning,C,High,22,5,128.1,Low,True,10.84,11.27,22.11,38,0,4,2,5,1,0.5818,-15.89,28.18,0,0,0,0.493
ORD-00949,2024-04-13 13:00:55.451090,Morning,B,High,36,5,73.3,Low,False,29.2,20.35,49.55,38,1,4,2,5,1,1.3039,11.55,26.39,0,0,1,0.811
ORD-00950,2024-04-13 15:38:12.218443,Evening,B,Medium,30,2,173.4,Low,False,34.6,24.02,58.62,45,1,4,2,5,1,1.3027,13.62,52.02,0,0,1,1.153
ORD-00951,2024-04-13 18:15:28.985797,Night,A,Urgent,14,9,184.6,High,True,16.2,8.7,24.9,28,1,4,2,5,1,0.8893,-3.1,25.84,1,1,0,1.157
ORD-00952,2024-04-13 20:52:45.753150,Night,B,Medium,30,7,118.2,Low,True,17.59,13.92,31.51,45,0,4,2,5,1,0.7002,-13.49,35.46,1,0,0,0.586
ORD-00953,2024-04-13 23:30:02.520504,Evening,C,Medium,12,3,142.6,Medium,False,14.12,12.75,26.87,45,0,4,2,5,1,0.5971,-18.13,17.11,0,0,1,1.177
ORD-00954,2024-04-14 02:07:19.287857,Night,A,High,28,2,130.1,High,True,30.13,14.43,44.56,38,1,4,2,6,1,1.1726,6.56,36.43,0,1,0,1.076
ORD-00955,2024-04-14 04:44:36.055211,Evening,C,High,28,7,130.5,Low,True,15.82,12.12,27.94,38,0,4,2,6,1,0.7353,-10.06,36.54,1,0,0,0.565
ORD-00956,2024-04-14 07:21:52.822564,Night,C,Low,12,1,169.7,Low,True,16.39,11.81,28.2,55,0,4,2,6,1,0.5127,-26.8,20.36,0,0,0,1.366
ORD-00957,2024-04-14 09:59:09.589917,Morning,D,Urgent,11,2,170.7,Low,True,15.75,7.26,23.01,28,0,4,2,6,1,0.8218,-4.99,18.78,0,0,0,1.432
ORD-00958,2024-04-14 12:36:26.357271,Evening,D,Urgent,26,5,193.0,Low,True,18.9,13.61,32.51,28,1,4,2,6,1,1.1611,4.51,50.18,0,0,0,0.727
ORD-00959,2024-04-14 15:13:43.124624,Morning,A,Medium,30,10,192.2,Low,True,11.95,18.68,30.63,45,1,4,2,6,1,0.6807,-14.37,57.66,1,0,0,0.398
ORD-00960,2024-04-14 17:50:59.891978,Morning,A,Medium,49,1,143.1,Medium,False,48.6,30.17,78.77,45,1,4,2,6,1,1.7504,33.77,70.12,0,0,1,0.992
ORD-00961,2024-04-14 20:28:16.659331,Evening,D,High,25,6,263.7,Low,True,18.67,11.98,30.65,38,0,4,2,6,1,0.8066,-7.35,65.92,0,0,0,0.747
ORD-00962,2024-04-14 23:05:33.426685,Morning,E,Urgent,23,6,212.0,Medium,True,20.61,19.6,40.21,28,1,4,2,6,1,1.4361,12.21,48.76,0,0,0,0.896
ORD-00963,2024-04-15 01:42:50.194038,Evening,E,Medium,24,3,123.7,High,True,24.47,15.14,39.61,45,0,4,2,0,0,0.8802,-5.39,29.69,0,1,0,1.02
ORD-00964,2024-04-15 04:20:06.961392,Evening,E,Low,44,6,155.1,Low,False,27.36,28.23,55.59,55,0,4,2,0,0,1.0107,0.59,68.24,0,0,1,0.622
ORD-00965,2024-04-15 06:57:23.728745,Morning,C,High,16,7,70.6,Low,True,10.92,10.87,21.79,38,0,4,2,0,0,0.5734,-16.21,11.3,1,0,0,0.682
ORD-00966,2024-04-15 09:34:40.496099,Evening,E,Low,20,2,151.1,Low,True,17.47,10.27,27.74,55,0,4,2,0,0,0.5044,-27.26,30.22,0,0,0,0.874
ORD-00967,2024-04-15 12:11:57.263452,Evening,B,High,19,10,216.9,Low,True,16.58,13.46,30.04,38,0,4,2,0,0,0.7905,-7.96,41.21,1,0,0,0.873
ORD-00968,2024-04-15 14:49:14.030806,Night,D,Medium,32,3,261.3,Low,True,27.46,17.36,44.82,45,0,4,2,0,0,0.996,-0.18,83.62,0,0,0,0.858
ORD-00969,2024-04-15 17:26:30.798159,Morning,E,High,35,4,145.1,Medium,True,26.13,20.31,46.44,38,0,4,2,0,0,1.2221,8.44,50.78,0,0,0,0.747
ORD-00970,2024-04-15 20:03:47.565513,Night,D,Low,25,1,163.4,Low,False,23.58,19.98,43.56,55,0,4,2,0,0,0.792,-11.44,40.85,0,0,1,0.943
ORD-00971,2024-04-15 22:41:04.332866,Night,B,Medium,14,6,174.2,Low,True,16.02,9.98,26.0,45,0,4,2,0,0,0.5778,-19.0,24.39,0,0,0,1.144
ORD-00972,2024-04-16 01:18:21.100220,Evening,B,High,35,6,229.2,Low,True,28.83,19.88,48.71,38,1,4,2,1,0,1.2818,10.71,80.22,0,0,0,0.824
ORD-00973,2024-04-16 03:55:37.867573,Morning,B,Medium,14,2,110.7,Medium,False,23.36,16.25,39.61,45,0,4,2,1,0,0.8802,-5.39,15.5,0,0,1,1.669
ORD-00974,2024-04-16 06:32:54.634926,Evening,B,Low,45,3,256.2,Low,True,50.12,24.48,74.6,55,1,4,2,1,0,1.3564,19.6,115.29,0,0,0,1.114
ORD-00975,2024-04-16 09:10:11.402280,Night,D,Medium,32,8,137.3,Medium,True,14.99,12.32,27.31,45,0,4,2,1,0,0.6069,-17.69,43.94,1,0,0,0.468
ORD-00976,2024-04-16 11:47:28.169633,Morning,D,High,23,8,103.2,Medium,True,13.72,10.9,24.62,38,0,4,2,1,0,0.6479,-13.38,23.74,1,0,0,0.597
ORD-00977,2024-04-16 14:24:44.936987,Night,A,Medium,12,4,137.4,Low,True,12.23,9.1,21.33,45,0,4,2,1,0,0.474,-23.67,16.49,0,0,0,1.019
ORD-00978,2024-04-16 17:02:01.704340,Night,D,High,38,7,117.6,Medium,True,21.26,24.78,46.04,38,1,4,2,1,0,1.2116,8.04,44.69,1,0,0,0.559
ORD-00979,2024-04-16 19:39:18.471694,Evening,B,Medium,31,8,166.8,Low,False,20.94,22.35,43.29,45,0,4,2,1,0,0.962,-1.71,51.71,1,0,1,0.675
ORD-00980,2024-04-16 22:16:35.239047,Evening,C,High,45,4,83.9,Medium,True,31.84,23.0,54.84,38,1,4,2,1,0,1.4432,16.84,37.76,0,0,0,0.708
ORD-00981,2024-04-17 00:53:52.006401,Evening,B,Medium,36,2,155.7,Low,True,39.81,21.12,60.93,45,1,4,2,2,0,1.354,15.93,56.05,0,0,0,1.106
ORD-00982,2024-04-17 03:31:08.773754,Night,C,Low,40,1,176.6,Medium,True,41.7,21.51,63.21,55,1,4,2,2,0,1.1493,8.21,70.64,0,0,0,1.042
ORD-00983,2024-04-17 06:08:25.541108,Night,D,Low,5,10,209.3,Medium,False,3.0,6.51,9.51,55,0,4,2,2,0,0.1729,-45.49,10.46,1,0,1,0.6
ORD-00984,2024-04-17 08:45:42.308461,Morning,D,Low,2,4,177.2,Medium,True,4.04,8.3,12.34,55,0,4,2,2,0,0.2244,-42.66,3.54,0,0,0,2.02
ORD-00985,2024-04-17 11:22:59.075815,Morning,D,High,33,9,206.9,Medium,True,14.13,16.73,30.86,38,0,4,2,2,0,0.8121,-7.14,68.28,1,0,0,0.428
ORD-00986,2024-04-17 14:00:15.843168,Morning,B,High,1,4,125.8,Low,True,4.36,6.43,10.79,38,0,4,2,2,0,0.2839,-27.21,1.26,0,0,0,4.36
ORD-00987,2024-04-17 16:37:32.610522,Night,D,High,45,8,165.8,Medium,False,22.29,29.52,51.81,38,1,4,2,2,0,1.3634,13.81,74.61,1,0,1,0.495
ORD-00988,2024-04-17 19:14:49.377875,Morning,A,High,45,4,60.8,Low,True,23.9,25.52,49.42,38,1,4,2,2,0,1.3005,11.42,27.36,0,0,0,0.531
ORD-00989,2024-04-17 21:52:06.145229,Night,C,High,30,7,145.4,Low,False,17.53,24.88,42.41,38,1,4,2,2,0,1.1161,4.41,43.62,1,0,1,0.584
ORD-00990,2024-04-18 00:29:22.912582,Evening,C,Urgent,37,10,165.5,Low,True,15.91,21.49,37.4,28,1,4,2,3,0,1.3357,9.4,61.24,1,0,0,0.43
ORD-00991,2024-04-18 03:06:39.679935,Morning,D,High,22,8,169.1,Medium,True,14.71,12.98,27.69,38,0,4,2,3,0,0.7287,-10.31,37.2,1,0,0,0.669
ORD-00992,2024-04-18 05:43:56.447289,Night,E,Medium,48,2,87.0,Medium,False,43.5,33.4,76.9,45,1,4,2,3,0,1.7089,31.9,41.76,0,0,1,0.906
ORD-00993,2024-04-18 08:21:13.214642,Evening,B,Low,2,6,134.4,High,True,7.01,2.0,9.01,55,0,4,2,3,0,0.1638,-45.99,2.69,0,1,0,3.505
ORD-00994,2024-04-18 10:58:29.981996,Morning,D,Medium,15,3,140.0,Medium,True,16.78,11.7,28.48,45,0,4,2,3,0,0.6329,-16.52,21.0,0,0,0,1.119
ORD-00995,2024-04-18 13:35:46.749349,Morning,B,High,35,3,132.8,Medium,True,39.96,21.03,60.99,38,1,4,2,3,0,1.605,22.99,46.48,0,0,0,1.142
ORD-00996,2024-04-18 16:13:03.516703,Morning,C,Medium,40,9,179.0,High,True,24.71,20.67,45.38,45,0,4,2,3,0,1.0084,0.38,71.6,1,1,0,0.618
ORD-00997,2024-04-18 18:50:20.284056,Morning,D,Medium,13,10,141.3,Low,True,8.4,10.48,18.88,45,0,4,2,3,0,0.4196,-26.12,18.37,1,0,0,0.646
ORD-00998,2024-04-18 21:27:37.051410,Morning,D,High,41,10,154.0,Medium,True,19.04,22.74,41.78,38,1,4,2,3,0,1.0995,3.78,63.14,1,0,0,0.464
ORD-00999,2024-04-19 00:04:53.818763,Evening,E,Medium,24,9,130.4,Low,True,12.68,10.72,23.4,45,0,4,2,4,0,0.52,-21.6,31.3,1,0,0,0.528
ORD-01000,2024-04-19 02:42:10.586117,Morning,D,Medium,43,5,192.6,Low,True,20.13,20.33,40.46,45,0,4,2,4,0,0.8991,-4.54,82.82,0,0,0,0.468
ORD-01001,2024-04-19 05:19:27.353470,Morning,B,High,14,6,195.6,High,True,28.11,9.46,37.57,38,1,4,2,4,0,0.9887,-0.43,27.38,0,1,0,2.008
ORD-01002,2024-04-19 07:56:44.120824,Morning,E,Medium,35,6,137.7,Low,False,22.72,24.42,47.14,45,0,4,2,4,0,1.0476,2.14,48.19,0,0,1,0.649
ORD-01003,2024-04-19 10:34:00.888177,Evening,E,Medium,11,8,264.0,High,True,20.31,10.69,31.0,45,0,4,2,4,0,0.6889,-14.0,29.04,1,1,0,1.846
ORD-01004,2024-04-19 13:11:17.655531,Night,B,Medium,7,1,119.3,High,True,11.42,6.38,17.8,45,0,4,2,4,0,0.3956,-27.2,8.35,0,1,0,1.631
ORD-01005,2024-04-19 15:48:34.422884,Morning,A,Medium,36,9,190.3,High,True,23.74,17.29,41.03,45,1,4,2,4,0,0.9118,-3.97,68.51,1,1,0,0.659
ORD-01006,2024-04-19 18:25:51.190238,Morning,B,Medium,35,9,112.0,Medium,True,19.96,17.56,37.52,45,1,4,2,4,0,0.8338,-7.48,39.2,1,0,0,0.57
ORD-01007,2024-04-19 21:03:07.957591,Evening,D,Low,15,10,180.9,Medium,True,13.35,9.8,23.15,55,0,4,2,4,0,0.4209,-31.85,27.14,1,0,0,0.89
ORD-01008,2024-04-19 23:40:24.724944,Night,E,High,31,6,177.8,Low,True,19.08,20.7,39.78,38,1,4,2,4,0,1.0468,1.78,55.12,0,0,0,0.615
ORD-01009,2024-04-20 02:17:41.492298,Night,D,High,48,5,109.5,Low,True,29.02,30.08,59.1,38,1,4,2,5,1,1.5553,21.1,52.56,0,0,0,0.605
ORD-01010,2024-04-20 04:54:58.259651,Night,B,Low,17,5,144.8,High,True,28.93,15.61,44.54,55,1,4,2,5,1,0.8098,-10.46,24.62,0,1,0,1.702
ORD-01011,2024-04-20 07:32:15.027005,Night,A,Medium,26,7,224.7,Low,False,18.44,14.34,32.78,45,1,4,2,5,1,0.7284,-12.22,58.42,1,0,1,0.709
ORD-01012,2024-04-20 10:09:31.794358,Evening,C,Medium,11,4,117.4,Medium,False,15.71,9.03,24.74,45,0,4,2,5,1,0.5498,-20.26,12.91,0,0,1,1.428
ORD-01013,2024-04-20 12:46:48.561712,Night,B,Medium,26,8,166.1,High,True,26.24,13.82,40.06,45,1,4,2,5,1,0.8902,-4.94,43.19,1,1,0,1.009
ORD-01014,2024-04-20 15:24:05.329065,Morning,A,Medium,45,5,163.4,Low,True,25.44,25.15,50.59,45,0,4,2,5,1,1.1242,5.59,73.53,0,0,0,0.565
ORD-01015,2024-04-20 18:01:22.096419,Night,A,Medium,32,3,148.3,High,True,36.61,21.5,58.11,45,0,4,2,5,1,1.2913,13.11,47.46,0,1,0,1.144
ORD-01016,2024-04-20 20:38:38.863772,Night,A,Medium,8,8,80.8,Low,True,3.05,9.0,12.05,45,0,4,2,5,1,0.2678,-32.95,6.46,1,0,0,0.381
ORD-01017,2024-04-20 23:15:55.631126,Night,A,High,38,4,183.1,Low,True,23.31,18.54,41.85,38,0,4,2,5,1,1.1013,3.85,69.58,0,0,0,0.613
ORD-01018,2024-04-21 01:53:12.398479,Evening,D,Medium,22,1,150.5,Medium,True,22.43,13.27,35.7,45,0,4,2,6,1,0.7933,-9.3,33.11,0,0,0,1.02
ORD-01019,2024-04-21 04:30:29.165833,Night,B,Urgent,1,6,194.2,Medium,False,9.66,7.76,17.42,28,0,4,2,6,1,0.6221,-10.58,1.94,0,0,1,9.66
ORD-01020,2024-04-21 07:07:45.933186,Morning,B,Medium,32,6,159.3,Medium,True,35.92,19.44,55.36,45,1,4,2,6,1,1.2302,10.36,50.98,0,0,0,1.122
ORD-01021,2024-04-21 09:45:02.700540,Evening,C,High,15,3,152.6,Low,True,17.46,10.97,28.43,38,0,4,2,6,1,0.7482,-9.57,22.89,0,0,0,1.164
ORD-01022,2024-04-21 12:22:19.467893,Morning,E,Medium,49,1,164.9,Low,True,39.97,23.88,63.85,45,1,4,2,6,1,1.4189,18.85,80.8,0,0,0,0.816
ORD-01023,2024-04-21 14:59:36.235247,Evening,D,High,50,5,110.5,High,True,35.56,24.68,60.24,38,1,4,2,6,1,1.5853,22.24,55.25,0,1,0,0.711
ORD-01024,2024-04-21 17:36:53.002600,Evening,C,Urgent,34,8,212.3,Medium,True,24.33,19.16,43.49,28,1,4,2,6,1,1.5532,15.49,72.18,1,0,0,0.716
ORD-01025,2024-04-21 20:14:09.769953,Morning,D,Medium,32,9,135.0,Medium,True,19.13,22.34,41.47,45,1,4,2,6,1,0.9216,-3.53,43.2,1,0,0,0.598
ORD-01026,2024-04-21 22:51:26.537307,Morning,D,Medium,16,3,135.5,Low,True,14.56,12.04,26.6,45,0,4,2,6,1,0.5911,-18.4,21.68,0,0,0,0.91
ORD-01027,2024-04-22 01:28:43.304660,Morning,D,Urgent,4,5,201.7,High,True,11.0,5.68,16.68,28,0,4,2,0,0,0.5957,-11.32,8.07,0,1,0,2.75
ORD-01028,2024-04-22 04:06:00.072014,Evening,C,Urgent,4,10,159.9,High,True,4.32,6.05,10.37,28,0,4,2,0,0,0.3704,-17.63,6.4,1,1,0,1.08
ORD-01029,2024-04-22 06:43:16.839367,Evening,C,Urgent,24,4,140.5,Medium,True,21.18,12.65,33.83,28,1,4,2,0,0,1.2082,5.83,33.72,0,0,0,0.882
ORD-01030,2024-04-22 09:20:33.606721,Evening,C,Low,16,5,166.6,Low,True,15.43,13.18,28.61,55,1,4,2,0,0,0.5202,-26.39,26.66,0,0,0,0.964
ORD-01031,2024-04-22 11:57:50.374074,Morning,B,Low,49,7,175.0,High,True,48.61,25.15,73.76,55,1,4,2,0,0,1.3411,18.76,85.75,1,1,0,0.992
ORD-01032,2024-04-22 14:35:07.141428,Night,B,Medium,15,5,145.3,High,True,27.28,11.79,39.07,45,0,4,2,0,0,0.8682,-5.93,21.8,0,1,0,1.819
ORD-01033,2024-04-22 17:12:23.908781,Evening,B,High,11,9,186.9,Medium,True,15.43,6.14,21.57,38,0,4,2,0,0,0.5676,-16.43,20.56,1,0,0,1.403
ORD-01034,2024-04-22 19:49:40.676135,Morning,B,Low,41,4,99.2,Medium,True,39.83,20.26,60.09,55,1,4,2,0,0,1.0925,5.09,40.67,0,0,0,0.971
ORD-01035,2024-04-22 22:26:57.443488,Morning,C,Medium,42,5,160.5,Low,True,28.4,25.14,53.54,45,1,4,2,0,0,1.1898,8.54,67.41,0,0,0,0.676
ORD-01036,2024-04-23 01:04:14.210842,Evening,C,Medium,19,6,182.0,Low,True,12.07,14.11,26.18,45,0,4,2,1,0,0.5818,-18.82,34.58,0,0,0,0.635
ORD-01037,2024-04-23 03:41:30.978195,Morning,A,Medium,5,8,174.9,Medium,True,7.22,9.33,16.55,45,0,4,2,1,0,0.3678,-28.45,8.75,1,0,0,1.444
ORD-01038,2024-04-23 06:18:47.745549,Morning,B,High,5,4,60.4,Medium,True,5.39,6.84,12.23,38,0,4,2,1,0,0.3218,-25.77,3.02,0,0,0,1.078
ORD-01039,2024-04-23 08:56:04.512902,Morning,B,Medium,27,3,144.9,Medium,False,34.16,19.56,53.72,45,1,4,2,1,0,1.1938,8.72,39.12,0,0,1,1.265
ORD-01040,2024-04-23 11:33:21.280256,Morning,D,High,44,4,101.4,High,False,33.56,29.61,63.17,38,1,4,2,1,0,1.6624,25.17,44.62,0,1,1,0.763
ORD-01041,2024-04-23 14:10:38.047609,Morning,B,Medium,20,3,201.4,Medium,True,31.46,16.75,48.21,45,1,4,2,1,0,1.0713,3.21,40.28,0,0,0,1.573
ORD-01042,2024-04-23 16:47:54.814962,Morning,A,Medium,1,2,134.4,High,True,9.61,5.23,14.84,45,0,4,2,1,0,0.3298,-30.16,1.34,0,1,0,9.61
ORD-01043,2024-04-23 19:25:11.582316,Night,A,Medium,19,9,197.0,Low,True,13.31,13.34,26.65,45,1,4,2,1,0,0.5922,-18.35,37.43,1,0,0,0.701
ORD-01044,2024-04-23 22:02:28.349669,Evening,C,Medium,1,4,101.3,High,True,4.2,5.56,9.76,45,0,4,2,1,0,0.2169,-35.24,1.01,0,1,0,4.2
ORD-01045,2024-04-24 00:39:45.117023,Evening,A,Medium,22,3,165.6,Low,True,20.22,15.48,35.7,45,0,4,2,2,0,0.7933,-9.3,36.43,0,0,0,0.919
ORD-01046,2024-04-24 03:17:01.884376,Evening,C,High,24,9,150.3,Low,True,10.11,16.23,26.34,38,0,4,2,2,0,0.6932,-11.66,36.07,1,0,0,0.421
ORD-01047,2024-04-24 05:54:18.651730,Evening,C,Medium,37,8,260.6,Medium,False,24.26,22.63,46.89,45,0,4,2,2,0,1.042,1.89,96.42,1,0,1,0.656
ORD-01048,2024-04-24 08:31:35.419083,Morning,E,Low,4,3,197.1,Low,True,11.63,7.4,19.03,55,0,4,2,2,0,0.346,-35.97,7.88,0,0,0,2.908
ORD-01049,2024-04-24 11:08:52.186437,Morning,C,High,25,4,194.6,Low,True,24.62,16.98,41.6,38,0,4,2,2,0,1.0947,3.6,48.65,0,0,0,0.985
ORD-01050,2024-04-24 13:46:08.953790,Morning,A,Low,9,9,231.1,Medium,True,9.01,8.73,17.74,55,0,4,2,2,0,0.3225,-37.26,20.8,1,0,0,1.001
ORD-01051,2024-04-24 16:23:25.721144,Evening,B,Medium,24,3,161.4,Low,True,22.52,13.52,36.04,45,0,4,2,2,0,0.8009,-8.96,38.74,0,0,0,0.938
ORD-01052,2024-04-24 19:00:42.488497,Evening,D,Medium,50,9,146.0,High,True,26.18,25.26,51.44,45,1,4,2,2,0,1.1431,6.44,73.0,1,1,0,0.524
ORD-01053,2024-04-24 21:37:59.255851,Morning,B,Medium,38,7,141.5,Low,True,25.92,21.16,47.08,45,0,4,2,2,0,1.0462,2.08,53.77,1,0,0,0.682
ORD-01054,2024-04-25 00:15:16.023204,Evening,E,Low,43,7,163.1,Low,True,29.57,24.61,54.18,55,0,4,2,3,0,0.9851,-0.82,70.13,1,0,0,0.688
ORD-01055,2024-04-25 02:52:32.790558,Night,C,Medium,2,6,39.2,Low,True,3.37,11.28,14.65,45,0,4,2,3,0,0.3256,-30.35,0.78,0,0,0,1.685
ORD-01056,2024-04-25 05:29:49.557911,Morning,A,Low,39,1,150.1,Medium,True,34.58,18.0,52.58,55,1,4,2,3,0,0.956,-2.42,58.54,0,0,0,0.887
ORD-01057,2024-04-25 08:07:06.325265,Evening,A,Medium,44,9,159.1,Low,True,18.73,20.25,38.98,45,0,4,2,3,0,0.8662,-6.02,70.0,1,0,0,0.426
ORD-01058,2024-04-25 10:44:23.092618,Evening,E,High,34,6,143.8,Low,False,25.85,26.21,52.06,38,1,4,2,3,0,1.37,14.06,48.89,0,0,1,0.76
ORD-01059,2024-04-25 13:21:39.859971,Evening,E,High,40,2,88.8,Low,True,28.95,20.28,49.23,38,0,4,2,3,0,1.2955,11.23,35.52,0,0,0,0.724
ORD-01060,2024-04-25 15:58:56.627325,Evening,E,Low,3,9,144.0,Low,True,4.93,6.6,11.53,55,0,4,2,3,0,0.2096,-43.47,4.32,1,0,0,1.643
ORD-01061,2024-04-25 18:36:13.394678,Evening,B,Low,37,3,88.7,Medium,False,36.7,24.0,60.7,55,1,4,2,3,0,1.1036,5.7,32.82,0,0,1,0.992
ORD-01062,2024-04-25 21:13:30.162032,Morning,D,High,42,4,221.0,Medium,False,35.6,25.87,61.47,38,1,4,2,3,0,1.6176,23.47,92.82,0,0,1,0.848
ORD-01063,2024-04-25 23:50:46.929385,Evening,A,Medium,12,7,139.7,Low,False,8.14,14.02,22.16,45,0,4,2,3,0,0.4924,-22.84,16.76,1,0,1,0.678
ORD-01064,2024-04-26 02:28:03.696739,Night,B,High,24,3,67.5,Low,True,23.51,13.32,36.83,38,1,4,2,4,0,0.9692,-1.17,16.2,0,0,0,0.98
ORD-01065,2024-04-26 05:05:20.464092,Morning,D,Medium,22,1,141.7,High,False,30.6,19.26,49.86,45,0,4,2,4,0,1.108,4.86,31.17,0,1,1,1.391
ORD-01066,2024-04-26 07:42:37.231446,Night,E,Low,5,4,185.8,Low,True,12.8,4.6,17.4,55,0,4,2,4,0,0.3164,-37.6,9.29,0,0,0,2.56
ORD-01067,2024-04-26 10:19:53.998799,Morning,B,Medium,7,7,157.0,High,True,15.16,8.86,24.02,45,0,4,2,4,0,0.5338,-20.98,10.99,1,1,0,2.166
ORD-01068,2024-04-26 12:57:10.766153,Evening,C,High,16,5,113.4,Low,True,8.97,10.61,19.58,38,0,4,2,4,0,0.5153,-18.42,18.14,0,0,0,0.561
ORD-01069,2024-04-26 15:34:27.533506,Evening,A,Medium,6,8,122.9,High,False,8.08,5.67,13.75,45,0,4,2,4,0,0.3056,-31.25,7.37,1,1,1,1.347
ORD-01070,2024-04-26 18:11:44.300860,Evening,B,Low,26,1,138.5,Low,False,28.74,18.45,47.19,55,0,4,2,4,0,0.858,-7.81,36.01,0,0,1,1.105
ORD-01071,2024-04-26 20:49:01.068213,Night,A,Low,3,3,132.4,Medium,True,6.88,8.54,15.42,55,0,4,2,4,0,0.2804,-39.58,3.97,0,0,0,2.293
ORD-01072,2024-04-26 23:26:17.835567,Morning,E,High,1,3,99.6,Low,True,4.86,5.43,10.29,38,0,4,2,4,0,0.2708,-27.71,1.0,0,0,0,4.86
ORD-01073,2024-04-27 02:03:34.602920,Evening,A,Medium,32,1,147.3,High,True,39.72,15.32,55.04,45,1,4,2,5,1,1.2231,10.04,47.14,0,1,0,1.241
ORD-01074,2024-04-27 04:40:51.370274,Evening,D,High,13,7,96.7,Low,True,6.45,11.47,17.92,38,0,4,2,5,1,0.4716,-20.08,12.57,1,0,0,0.496
ORD-01075,2024-04-27 07:18:08.137627,Night,B,Medium,19,3,188.0,Medium,True,26.02,15.7,41.72,45,0,4,2,5,1,0.9271,-3.28,35.72,0,0,0,1.369
ORD-01076,2024-04-27 09:55:24.904980,Evening,C,Medium,17,5,192.8,Low,True,13.81,13.03,26.84,45,0,4,2,5,1,0.5964,-18.16,32.78,0,0,0,0.812
ORD-01077,2024-04-27 12:32:41.672334,Night,B,Medium,24,10,109.9,Medium,True,20.07,16.99,37.06,45,1,4,2,5,1,0.8236,-7.94,26.38,1,0,0,0.836
ORD-01078,2024-04-27 15:09:58.439687,Night,B,Urgent,24,3,121.3,Medium,True,30.35,16.84,47.19,28,1,4,2,5,1,1.6854,19.19,29.11,0,0,0,1.265
ORD-01079,2024-04-27 17:47:15.207041,Morning,C,Low,7,2,133.1,Medium,False,10.31,9.56,19.87,55,0,4,2,5,1,0.3613,-35.13,9.32,0,0,1,1.473
ORD-01080,2024-04-27 20:24:31.974394,Night,C,Low,1,10,148.7,Medium,False,8.2,6.67,14.87,55,0,4,2,5,1,0.2704,-40.13,1.49,1,0,1,8.2
ORD-01081,2024-04-27 23:01:48.741748,Night,E,High,23,4,160.3,Medium,True,23.0,15.01,38.01,38,1,4,2,5,1,1.0003,0.01,36.87,0,0,0,1.0
ORD-01082,2024-04-28 01:39:05.509101,Morning,B,Low,29,3,168.5,Medium,True,42.26,18.43,60.69,55,1,4,2,6,1,1.1035,5.69,48.86,0,0,0,1.457
ORD-01083,2024-04-28 04:16:22.276455,Evening,C,Medium,39,8,167.6,Low,True,21.05,24.28,45.33,45,0,4,2,6,1,1.0073,0.33,65.36,1,0,0,0.54
ORD-01084,2024-04-28 06:53:39.043808,Morning,E,Medium,10,2,212.2,Low,True,18.67,6.39,25.06,45,0,4,2,6,1,0.5569,-19.94,21.22,0,0,0,1.867
ORD-01085,2024-04-28 09:30:55.811162,Evening,B,High,5,4,152.4,Medium,True,16.19,7.11,23.3,38,0,4,2,6,1,0.6132,-14.7,7.62,0,0,0,3.238
ORD-01086,2024-04-28 12:08:12.578515,Morning,E,Medium,30,2,97.9,Low,True,27.5,18.48,45.98,45,0,4,2,6,1,1.0218,0.98,29.37,0,0,0,0.917
ORD-01087,2024-04-28 14:45:29.345869,Evening,E,High,46,9,85.6,Medium,True,21.89,24.61,46.5,38,1,4,2,6,1,1.2237,8.5,39.38,1,0,0,0.476
ORD-01088,2024-04-28 17:22:46.113222,Evening,D,High,12,3,215.4,Low,False,18.67,11.69,30.36,38,0,4,2,6,1,0.7989,-7.64,25.85,0,0,1,1.556
ORD-01089,2024-04-28 20:00:02.880576,Evening,C,Medium,5,6,170.4,High,True,11.11,6.8,17.91,45,0,4,2,6,1,0.398,-27.09,8.52,0,1,0,2.222
ORD-01090,2024-04-28 22:37:19.647929,Morning,D,Medium,21,6,158.3,Medium,True,15.71,13.1,28.81,45,1,4,2,6,1,0.6402,-16.19,33.24,0,0,0,0.748
ORD-01091,2024-04-29 01:14:36.415283,Evening,C,High,29,5,168.0,Medium,True,24.88,17.91,42.79,38,0,4,2,0,0,1.1261,4.79,48.72,0,0,0,0.858
ORD-01092,2024-04-29 03:51:53.182636,Evening,C,High,32,1,156.4,High,True,43.44,10.97,54.41,38,1,4,2,0,0,1.4318,16.41,50.05,0,1,0,1.358
ORD-01093,2024-04-29 06:29:09.949989,Evening,E,High,6,3,167.3,Medium,True,12.98,7.95,20.93,38,0,4,2,0,0,0.5508,-17.07,10.04,0,0,0,2.163
ORD-01094,2024-04-29 09:06:26.717343,Morning,B,Low,33,9,135.1,Low,True,24.04,18.64,42.68,55,0,4,2,0,0,0.776,-12.32,44.58,1,0,0,0.728
ORD-01095,2024-04-29 11:43:43.484696,Morning,D,High,18,6,192.2,Low,True,17.32,10.29,27.61,38,1,4,2,0,0,0.7266,-10.39,34.6,0,0,0,0.962
ORD-01096,2024-04-29 14:21:00.252050,Evening,C,High,2,9,129.0,Medium,True,5.36,6.44,11.8,38,0,4,2,0,0,0.3105,-26.2,2.58,1,0,0,2.68
ORD-01097,2024-04-29 16:58:17.019403,Night,A,Urgent,47,6,113.9,Low,False,22.06,35.77,57.83,28,1,4,2,0,0,2.0654,29.83,53.53,0,0,1,0.469
ORD-01098,2024-04-29 19:35:33.786757,Morning,C,Medium,27,4,82.4,Low,True,20.28,16.32,36.6,45,0,4,2,0,0,0.8133,-8.4,22.25,0,0,0,0.751
ORD-01099,2024-04-29 22:12:50.554110,Evening,D,High,16,4,140.5,Low,True,7.92,8.76,16.68,38,0,4,2,0,0,0.4389,-21.32,22.48,0,0,0,0.495
ORD-01100,2024-04-30 00:50:07.321464,Morning,C,High,41,8,200.7,Low,False,24.08,24.05,48.13,38,1,4,2,1,0,1.2666,10.13,82.29,1,0,1,0.587
ORD-01101,2024-04-30 03:27:24.088817,Evening,D,High,40,3,131.7,Low,False,23.77,26.65,50.42,38,1,4,2,1,0,1.3268,12.42,52.68,0,0,1,0.594
ORD-01102,2024-04-30 06:04:40.856171,Morning,B,High,11,6,94.9,Low,False,14.2,9.27,23.47,38,0,4,2,1,0,0.6176,-14.53,10.44,0,0,1,1.291
ORD-01103,2024-04-30 08:41:57.623524,Evening,E,High,49,10,161.4,Low,True,17.14,26.86,44.0,38,1,4,2,1,0,1.1579,6.0,79.09,1,0,0,0.35
ORD-01104,2024-04-30 11:19:14.390878,Morning,C,Medium,27,9,124.0,Medium,True,13.76,13.53,27.29,45,0,4,2,1,0,0.6064,-17.71,33.48,1,0,0,0.51
ORD-01105,2024-04-30 13:56:31.158231,Morning,D,Low,14,4,211.9,Low,True,16.13,9.54,25.67,55,0,4,2,1,0,0.4667,-29.33,29.67,0,0,0,1.152
ORD-01106,2024-04-30 16:33:47.925585,Morning,B,Medium,23,3,193.0,Low,False,29.64,18.03,47.67,45,0,4,2,1,0,1.0593,2.67,44.39,0,0,1,1.289
ORD-01107,2024-04-30 19:11:04.692938,Morning,B,High,10,7,99.2,High,True,12.74,8.09,20.83,38,0,4,2,1,0,0.5482,-17.17,9.92,1,1,0,1.274
ORD-01108,2024-04-30 21:48:21.460292,Evening,E,Low,43,7,143.0,Medium,False,27.68,29.16,56.84,55,0,4,2,1,0,1.0335,1.84,61.49,1,0,1,0.644
ORD-01109,2024-05-01 00:25:38.227645,Night,A,High,14,8,119.8,High,True,15.13,8.53,23.66,38,0,5,2,2,0,0.6226,-14.34,16.77,1,1,0,1.081
ORD-01110,2024-05-01 03:02:54.994999,Evening,B,Urgent,22,1,103.6,High,True,38.5,13.71,52.21,28,1,5,2,2,0,1.8646,24.21,22.79,0,1,0,1.75
ORD-01111,2024-05-01 05:40:11.762352,Night,D,Urgent,4,6,147.8,Medium,False,7.05,5.39,12.44,28,0,5,2,2,0,0.4443,-15.56,5.91,0,0,1,1.762
ORD-01112,2024-05-01 08:17:28.529705,Evening,D,High,48,1,182.7,Medium,False,41.01,33.21,74.22,38,1,5,2,2,0,1.9532,36.22,87.7,0,0,1,0.854
ORD-01113,2024-05-01 10:54:45.297059,Morning,E,High,16,10,146.7,Low,True,5.89,14.84,20.73,38,0,5,2,2,0,0.5455,-17.27,23.47,1,0,0,0.368
ORD-01114,2024-05-01 13:32:02.064412,Morning,D,Low,33,9,129.4,Medium,True,16.99,14.52,31.51,55,0,5,2,2,0,0.5729,-23.49,42.7,1,0,0,0.515
ORD-01115,2024-05-01 16:09:18.831766,Evening,E,Medium,18,8,61.8,Medium,True,13.05,16.44,29.49,45,0,5,2,2,0,0.6553,-15.51,11.12,1,0,0,0.725
ORD-01116,2024-05-01 18:46:35.599119,Morning,C,Medium,29,3,123.4,Medium,True,26.34,17.94,44.28,45,0,5,2,2,0,0.984,-0.72,35.79,0,0,0,0.908
ORD-01117,2024-05-01 21:23:52.366473,Night,C,High,29,8,172.1,Low,True,14.37,16.17,30.54,38,1,5,2,2,0,0.8037,-7.46,49.91,1,0,0,0.496
ORD-01118,2024-05-02 00:01:09.133826,Evening,D,Medium,15,5,96.3,High,True,19.27,13.48,32.75,45,0,5,2,3,0,0.7278,-12.25,14.44,0,1,0,1.285
ORD-01119,2024-05-02 02:38:25.901180,Evening,D,Low,22,7,201.3,Low,True,9.48,11.56,21.04,55,0,5,2,3,0,0.3825,-33.96,44.29,1,0,0,0.431
ORD-01120,2024-05-02 05:15:42.668533,Evening,A,High,30,3,126.7,Medium,True,27.72,13.21,40.93,38,1,5,2,3,0,1.0771,2.93,38.01,0,0,0,0.924
ORD-01121,2024-05-02 07:52:59.435887,Morning,B,Medium,11,5,157.7,High,True,22.6,4.15,26.75,45,0,5,2,3,0,0.5944,-18.25,17.35,0,1,0,2.055
ORD-01122,2024-05-02 10:30:16.203240,Evening,C,High,7,9,134.0,High,True,10.39,4.41,14.8,38,0,5,2,3,0,0.3895,-23.2,9.38,1,1,0,1.484
ORD-01123,2024-05-02 13:07:32.970594,Morning,D,Medium,9,2,102.9,Low,True,7.49,7.09,14.58,45,0,5,2,3,0,0.324,-30.42,9.26,0,0,0,0.832
ORD-01124,2024-05-02 15:44:49.737947,Morning,C,High,21,4,167.6,Low,True,17.98,14.61,32.59,38,0,5,2,3,0,0.8576,-5.41,35.2,0,0,0,0.856
ORD-01125,2024-05-02 18:22:06.505301,Morning,D,Medium,11,3,126.1,Medium,True,13.59,10.94,24.53,45,0,5,2,3,0,0.5451,-20.47,13.87,0,0,0,1.235
ORD-01126,2024-05-02 20:59:23.272654,Morning,D,High,15,2,116.7,Medium,True,15.49,10.57,26.06,38,1,5,2,3,0,0.6858,-11.94,17.5,0,0,0,1.033
ORD-01127,2024-05-02 23:36:40.040008,Evening,B,High,35,4,55.0,Low,True,22.23,16.56,38.79,38,1,5,2,3,0,1.0208,0.79,19.25,0,0,0,0.635
ORD-01128,2024-05-03 02:13:56.807361,Morning,C,Medium,34,7,202.1,Medium,True,29.48,17.65,47.13,45,0,5,2,4,0,1.0473,2.13,68.71,1,0,0,0.867
ORD-01129,2024-05-03 04:51:13.574714,Morning,C,Medium,48,1,150.2,High,True,56.91,25.09,82.0,45,1,5,2,4,0,1.8222,37.0,72.1,0,1,0,1.186
ORD-01130,2024-05-03 07:28:30.342068,Night,A,Urgent,39,3,194.3,Low,True,29.52,26.86,56.38,28,1,5,2,4,0,2.0136,28.38,75.78,0,0,0,0.757
ORD-01131,2024-05-03 10:05:47.109421,Night,C,Medium,22,9,174.8,Low,True,13.05,15.24,28.29,45,0,5,2,4,0,0.6287,-16.71,38.46,1,0,0,0.593
ORD-01132,2024-05-03 12:43:03.876775,Evening,C,High,47,3,194.3,Medium,True,45.97,22.74,68.71,38,1,5,2,4,0,1.8082,30.71,91.32,0,0,0,0.978
ORD-01133,2024-05-03 15:20:20.644128,Evening,D,Low,47,4,127.4,Medium,True,30.44,22.58,53.02,55,1,5,2,4,0,0.964,-1.98,59.88,0,0,0,0.648
ORD-01134,2024-05-03 17:57:37.411482,Night,C,High,12,7,95.1,High,True,9.71,10.03,19.74,38,0,5,2,4,0,0.5195,-18.26,11.41,1,1,0,0.809
ORD-01135,2024-05-03 20:34:54.178835,Morning,A,Medium,9,8,180.5,Medium,True,12.53,7.46,19.99,45,1,5,2,4,0,0.4442,-25.01,16.24,1,0,0,1.392
ORD-01136,2024-05-03 23:12:10.946189,Evening,C,Medium,45,10,155.2,Low,True,19.41,18.7,38.11,45,1,5,2,4,0,0.8469,-6.89,69.84,1,0,0,0.431
ORD-01137,2024-05-04 01:49:27.713542,Morning,D,Medium,45,2,131.3,Medium,False,33.01,30.8,63.81,45,1,5,2,5,1,1.418,18.81,59.09,0,0,1,0.734
ORD-01138,2024-05-04 04:26:44.480896,Evening,C,Medium,43,8,179.7,High,False,35.09,31.24,66.33,45,1,5,2,5,1,1.474,21.33,77.27,1,1,1,0.816
ORD-01139,2024-05-04 07:04:01.248249,Night,B,Medium,24,8,162.3,Low,False,19.31,20.65,39.96,45,0,5,2,5,1,0.888,-5.04,38.95,1,0,1,0.805
ORD-01140,2024-05-04 09:41:18.015603,Night,E,High,44,2,175.6,Low,True,34.3,20.38,54.68,38,1,5,2,5,1,1.4389,16.68,77.26,0,0,0,0.78
ORD-01141,2024-05-04 12:18:34.782956,Night,A,High,39,9,109.1,Medium,True,20.14,21.94,42.08,38,1,5,2,5,1,1.1074,4.08,42.55,1,0,0,0.516
ORD-01142,2024-05-04 14:55:51.550310,Evening,B,Urgent,38,4,189.1,Low,True,37.14,16.93,54.07,28,1,5,2,5,1,1.9311,26.07,71.86,0,0,0,0.977
ORD-01143,2024-05-04 17:33:08.317663,Evening,B,High,31,5,149.8,High,True,39.5,14.95,54.45,38,1,5,2,5,1,1.4329,16.45,46.44,0,1,0,1.274
ORD-01144,2024-05-04 20:10:25.085017,Night,D,High,14,8,193.4,Low,True,11.45,10.16,21.61,38,0,5,2,5,1,0.5687,-16.39,27.08,1,0,0,0.818
ORD-01145,2024-05-04 22:47:41.852370,Evening,D,Medium,38,6,188.7,Low,True,23.68,20.15,43.83,45,1,5,2,5,1,0.974,-1.17,71.71,0,0,0,0.623
ORD-01146,2024-05-05 01:24:58.619723,Evening,A,Urgent,44,3,177.5,High,False,47.75,26.53,74.28,28,1,5,2,6,1,2.6529,46.28,78.1,0,1,1,1.085
ORD-01147,2024-05-05 04:02:15.387077,Morning,D,Medium,45,4,145.6,Low,False,27.41,31.56,58.97,45,1,5,2,6,1,1.3104,13.97,65.52,0,0,1,0.609
ORD-01148,2024-05-05 06:39:32.154430,Evening,D,Medium,30,8,178.4,Low,True,14.95,15.97,30.92,45,0,5,2,6,1,0.6871,-14.08,53.52,1,0,0,0.498
ORD-01149,2024-05-05 09:16:48.921784,Morning,E,High,2,2,194.4,Low,False,11.94,7.04,18.98,38,0,5,2,6,1,0.4995,-19.02,3.89,0,0,1,5.97
ORD-01150,2024-05-05 11:54:05.689137,Evening,E,Urgent,38,5,174.3,High,False,42.07,25.59,67.66,28,1,5,2,6,1,2.4164,39.66,66.23,0,1,1,1.107
ORD-01151,2024-05-05 14:31:22.456491,Morning,D,Medium,13,8,158.1,High,True,14.8,9.83,24.63,45,0,5,2,6,1,0.5473,-20.37,20.55,1,1,0,1.138
ORD-01152,2024-05-05 17:08:39.223844,Evening,A,Low,11,9,178.5,Low,True,7.81,5.82,13.63,55,0,5,2,6,1,0.2478,-41.37,19.63,1,0,0,0.71
ORD-01153,2024-05-05 19:45:55.991198,Morning,B,High,4,9,129.0,Medium,True,7.97,7.89,15.86,38,0,5,2,6,1,0.4174,-22.14,5.16,1,0,0,1.992
ORD-01154,2024-05-05 22:23:12.758551,Morning,E,High,8,4,210.6,Medium,True,20.75,10.02,30.77,38,0,5,2,6,1,0.8097,-7.23,16.85,0,0,0,2.594
ORD-01155,2024-05-06 01:00:29.525905,Evening,C,Medium,25,2,82.7,Low,True,20.85,19.13,39.98,45,1,5,2,0,0,0.8884,-5.02,20.68,0,0,0,0.834
ORD-01156,2024-05-06 03:37:46.293258,Morning,C,High,14,10,151.4,Low,True,8.76,8.41,17.17,38,0,5,2,0,0,0.4518,-20.83,21.2,1,0,0,0.626
ORD-01157,2024-05-06 06:15:03.060612,Night,E,Medium,20,6,133.8,High,True,24.38,13.22,37.6,45,0,5,2,0,0,0.8356,-7.4,26.76,0,1,0,1.219
ORD-01158,2024-05-06 08:52:19.827965,Evening,E,Medium,26,5,124.4,Low,True,17.31,16.53,33.84,45,0,5,2,0,0,0.752,-11.16,32.34,0,0,0,0.666
ORD-01159,2024-05-06 11:29:36.595319,Morning,D,High,27,10,162.2,Medium,True,14.45,16.48,30.93,38,0,5,2,0,0,0.8139,-7.07,43.79,1,0,0,0.535
ORD-01160,2024-05-06 14:06:53.362672,Morning,E,Medium,21,8,105.0,Low,True,16.69,10.8,27.49,45,0,5,2,0,0,0.6109,-17.51,22.05,1,0,0,0.795
ORD-01161,2024-05-06 16:44:10.130026,Night,A,High,23,5,236.1,Medium,False,25.13,21.13,46.26,38,1,5,2,0,0,1.2174,8.26,54.3,0,0,1,1.093
ORD-01162,2024-05-06 19:21:26.897379,Evening,D,Low,45,2,95.9,Low,True,32.58,22.75,55.33,55,0,5,2,0,0,1.006,0.33,43.16,0,0,0,0.724
ORD-01163,2024-05-06 21:58:43.664732,Evening,E,High,15,1,111.9,Low,True,15.85,12.79,28.64,38,1,5,2,0,0,0.7537,-9.36,16.78,0,0,0,1.057
ORD-01164,2024-05-07 00:36:00.432086,Morning,A,Medium,1,6,108.2,Low,True,3.15,9.15,12.3,45,0,5,2,1,0,0.2733,-32.7,1.08,0,0,0,3.15
ORD-01165,2024-05-07 03:13:17.199439,Evening,A,Urgent,41,2,157.9,High,True,47.4,21.95,69.35,28,1,5,2,1,0,2.4768,41.35,64.74,0,1,0,1.156
ORD-01166,2024-05-07 05:50:33.966793,Night,D,High,5,4,190.6,Low,True,5.35,5.99,11.34,38,0,5,2,1,0,0.2984,-26.66,9.53,0,0,0,1.07
ORD-01167,2024-05-07 08:27:50.734146,Morning,C,Medium,39,7,171.0,Low,True,22.82,20.82,43.64,45,0,5,2,1,0,0.9698,-1.36,66.69,1,0,0,0.585
ORD-01168,2024-05-07 11:05:07.501500,Morning,A,Urgent,17,1,208.9,Low,True,23.22,7.38,30.6,28,1,5,2,1,0,1.0929,2.6,35.51,0,0,0,1.366
ORD-01169,2024-05-07 13:42:24.268853,Morning,B,Medium,43,10,116.9,Low,True,22.77,24.11,46.88,45,1,5,2,1,0,1.0418,1.88,50.27,1,0,0,0.53
ORD-01170,2024-05-07 16:19:41.036207,Morning,B,Medium,9,5,176.3,Medium,True,12.36,9.27,21.63,45,0,5,2,1,0,0.4807,-23.37,15.87,0,0,0,1.373
ORD-01171,2024-05-07 18:56:57.803560,Evening,B,Urgent,9,9,137.9,Low,True,5.86,9.42,15.28,28,0,5,2,1,0,0.5457,-12.72,12.41,1,0,0,0.651
ORD-01172,2024-05-07 21:34:14.570914,Night,E,Urgent,21,2,159.1,Medium,False,24.91,17.75,42.66,28,1,5,2,1,0,1.5236,14.66,33.41,0,0,1,1.186
ORD-01173,2024-05-08 00:11:31.338267,Night,C,High,21,5,194.3,Medium,True,22.69,10.28,32.97,38,0,5,2,2,0,0.8676,-5.03,40.8,0,0,0,1.08
ORD-01174,2024-05-08 02:48:48.105621,Night,D,Urgent,36,10,82.3,High,True,19.0,27.57,46.57,28,1,5,2,2,0,1.6632,18.57,29.63,1,1,0,0.528
ORD-01175,2024-05-08 05:26:04.872974,Morning,A,Medium,33,7,229.6,High,True,30.22,14.66,44.88,45,0,5,2,2,0,0.9973,-0.12,75.77,1,1,0,0.916
ORD-01176,2024-05-08 08:03:21.640328,Night,B,Medium,50,9,144.2,Low,True,29.73,19.91,49.64,45,1,5,2,2,0,1.1031,4.64,72.1,1,0,0,0.595
ORD-01177,2024-05-08 10:40:38.407681,Morning,B,Low,34,7,85.7,Medium,True,27.31,18.87,46.18,55,0,5,2,2,0,0.8396,-8.82,29.14,1,0,0,0.803
ORD-01178,2024-05-08 13:17:55.175035,Morning,E,Medium,11,8,122.3,Medium,False,9.76,9.57,19.33,45,0,5,2,2,0,0.4296,-25.67,13.45,1,0,1,0.887
ORD-01179,2024-05-08 15:55:11.942388,Evening,E,High,5,4,154.1,High,True,15.57,8.79,24.36,38,0,5,2,2,0,0.6411,-13.64,7.7,0,1,0,3.114
ORD-01180,2024-05-08 18:32:28.709741,Morning,B,Medium,14,5,122.3,High,True,20.48,6.22,26.7,45,1,5,2,2,0,0.5933,-18.3,17.12,0,1,0,1.463
ORD-01181,2024-05-08 21:09:45.477095,Night,E,Medium,50,1,68.1,Medium,True,44.95,24.71,69.66,45,1,5,2,2,0,1.548,24.66,34.05,0,0,0,0.899
ORD-01182,2024-05-08 23:47:02.244448,Night,A,Low,39,3,153.9,Low,False,25.52,23.76,49.28,55,0,5,2,2,0,0.896,-5.72,60.02,0,0,1,0.654
ORD-01183,2024-05-09 02:24:19.011802,Night,B,Medium,38,1,121.1,Low,True,40.17,19.57,59.74,45,1,5,2,3,0,1.3276,14.74,46.02,0,0,0,1.057
ORD-01184,2024-05-09 05:01:35.779155,Night,D,High,14,4,176.0,High,True,20.9,12.2,33.1,38,1,5,2,3,0,0.8711,-4.9,24.64,0,1,0,1.493
ORD-01185,2024-05-09 07:38:52.546509,Morning,B,Low,24,8,107.3,High,True,22.9,13.05,35.95,55,0,5,2,3,0,0.6536,-19.05,25.75,1,1,0,0.954
ORD-01186,2024-05-09 10:16:09.313862,Morning,E,High,36,3,240.5,Low,True,34.47,16.62,51.09,38,1,5,2,3,0,1.3445,13.09,86.58,0,0,0,0.958
ORD-01187,2024-05-09 12:53:26.081216,Night,A,High,48,5,170.5,Medium,True,38.11,27.21,65.32,38,1,5,2,3,0,1.7189,27.32,81.84,0,0,0,0.794
ORD-01188,2024-05-09 15:30:42.848569,Evening,D,Medium,30,6,157.9,Low,False,15.22,22.4,37.62,45,1,5,2,3,0,0.836,-7.38,47.37,0,0,1,0.507
ORD-01189,2024-05-09 18:07:59.615923,Night,A,Urgent,2,2,174.9,Low,True,11.78,4.95,16.73,28,0,5,2,3,0,0.5975,-11.27,3.5,0,0,0,5.89
ORD-01190,2024-05-09 20:45:16.383276,Morning,A,Urgent,43,9,77.1,Low,True,19.19,20.59,39.78,28,1,5,2,3,0,1.4207,11.78,33.15,1,0,0,0.446
ORD-01191,2024-05-09 23:22:33.150630,Morning,B,Low,47,8,130.1,Low,False,28.11,32.65,60.76,55,0,5,2,3,0,1.1047,5.76,61.15,1,0,1,0.598
ORD-01192,2024-05-10 01:59:49.917983,Morning,E,High,2,2,221.3,Medium,True,17.04,6.0,23.04,38,0,5,2,4,0,0.6063,-14.96,4.43,0,0,0,8.52
ORD-01193,2024-05-10 04:37:06.685337,Evening,C,Medium,20,1,137.2,Low,True,19.17,15.97,35.14,45,0,5,2,4,0,0.7809,-9.86,27.44,0,0,0,0.959
ORD-01194,2024-05-10 07:14:23.452690,Night,C,Medium,49,1,147.5,Medium,True,48.7,22.05,70.75,45,1,5,2,4,0,1.5722,25.75,72.28,0,0,0,0.994
ORD-01195,2024-05-10 09:51:40.220044,Night,A,High,48,3,131.3,Medium,True,30.25,21.5,51.75,38,1,5,2,4,0,1.3618,13.75,63.02,0,0,0,0.63
ORD-01196,2024-05-10 12:28:56.987397,Morning,A,High,49,2,208.6,Medium,True,48.0,21.97,69.97,38,1,5,2,4,0,1.8413,31.97,102.21,0,0,0,0.98
ORD-01197,2024-05-10 15:06:13.754750,Evening,A,High,49,1,140.2,Low,True,33.63,28.79,62.42,38,0,5,2,4,0,1.6426,24.42,68.7,0,0,0,0.686
ORD-01198,2024-05-10 17:43:30.522104,Morning,D,High,2,5,99.9,Low,True,4.8,6.55,11.35,38,0,5,2,4,0,0.2987,-26.65,2.0,0,0,0,2.4
ORD-01199,2024-05-10 20:20:47.289457,Morning,A,High,8,6,253.2,Medium,True,12.84,9.61,22.45,38,0,5,2,4,0,0.5908,-15.55,20.26,0,0,0,1.605
ORD-01200,2024-05-10 22:58:04.056811,Morning,B,Medium,25,1,95.0,Medium,True,35.2,11.55,46.75,45,1,5,2,4,0,1.0389,1.75,23.75,0,0,0,1.408
ORD-01201,2024-05-11 01:35:20.824164,Evening,C,Low,31,6,146.1,Low,True,19.07,16.09,35.16,55,0,5,2,5,1,0.6393,-19.84,45.29,0,0,0,0.615
ORD-01202,2024-05-11 04:12:37.591518,Evening,C,Low,21,5,116.3,Medium,True,16.39,12.64,29.03,55,0,5,2,5,1,0.5278,-25.97,24.42,0,0,0,0.78
ORD-01203,2024-05-11 06:49:54.358871,Morning,B,Medium,14,3,121.9,High,False,28.02,10.52,38.54,45,1,5,2,5,1,0.8564,-6.46,17.07,0,1,1,2.001
ORD-01204,2024-05-11 09:27:11.126225,Evening,A,High,13,2,107.6,Low,True,14.28,7.67,21.95,38,0,5,2,5,1,0.5776,-16.05,13.99,0,0,0,1.098
ORD-01205,2024-05-11 12:04:27.893578,Night,B,Low,31,8,128.4,Low,True,19.81,12.56,32.37,55,0,5,2,5,1,0.5885,-22.63,39.8,1,0,0,0.639
ORD-01206,2024-05-11 14:41:44.660932,Morning,D,Medium,49,2,189.4,High,False,48.09,32.61,80.7,45,1,5,2,5,1,1.7933,35.7,92.81,0,1,1,0.981
ORD-01207,2024-05-11 17:19:01.428285,Morning,A,Medium,42,3,73.9,High,True,34.43,17.52,51.95,45,1,5,2,5,1,1.1544,6.95,31.04,0,1,0,0.82
ORD-01208,2024-05-11 19:56:18.195639,Evening,D,Medium,9,8,200.4,Low,False,12.14,9.95,22.09,45,0,5,2,5,1,0.4909,-22.91,18.04,1,0,1,1.349
ORD-01209,2024-05-11 22:33:34.962992,Night,A,Medium,8,7,193.5,High,True,15.04,6.62,21.66,45,0,5,2,5,1,0.4813,-23.34,15.48,1,1,0,1.88
ORD-01210,2024-05-12 01:10:51.730346,Night,E,Medium,14,10,170.4,Low,True,9.74,12.02,21.76,45,0,5,2,6,1,0.4836,-23.24,23.86,1,0,0,0.696
ORD-01211,2024-05-12 03:48:08.497699,Morning,E,Low,37,1,155.0,High,False,49.0,22.54,71.54,55,1,5,2,6,1,1.3007,16.54,57.35,0,1,1,1.324
ORD-01212,2024-05-12 06:25:25.265053,Evening,A,Medium,1,2,161.1,Medium,True,4.77,2.84,7.61,45,0,5,2,6,1,0.1691,-37.39,1.61,0,0,0,4.77
ORD-01213,2024-05-12 09:02:42.032406,Night,C,Medium,36,7,206.9,Medium,False,25.58,26.54,52.12,45,0,5,2,6,1,1.1582,7.12,74.48,1,0,1,0.711
ORD-01214,2024-05-12 11:39:58.799759,Morning,B,Urgent,30,3,80.2,High,True,37.55,17.71,55.26,28,1,5,2,6,1,1.9736,27.26,24.06,0,1,0,1.252
ORD-01215,2024-05-12 14:17:15.567113,Evening,D,Medium,33,4,179.1,High,True,35.46,21.41,56.87,45,1,5,2,6,1,1.2638,11.87,59.1,0,1,0,1.075
ORD-01216,2024-05-12 16:54:32.334466,Night,C,Medium,44,3,120.2,Low,True,26.58,23.88,50.46,45,1,5,2,6,1,1.1213,5.46,52.89,0,0,0,0.604
ORD-01217,2024-05-12 19:31:49.101820,Morning,C,Medium,30,9,183.0,Medium,True,21.32,18.2,39.52,45,1,5,2,6,1,0.8782,-5.48,54.9,1,0,0,0.711
ORD-01218,2024-05-12 22:09:05.869173,Evening,A,High,32,8,125.5,Medium,True,22.86,20.83,43.69,38,1,5,2,6,1,1.1497,5.69,40.16,1,0,0,0.714
ORD-01219,2024-05-13 00:46:22.636527,Night,A,Medium,25,9,178.3,Medium,True,11.38,12.6,23.98,45,0,5,2,0,0,0.5329,-21.02,44.58,1,0,0,0.455
ORD-01220,2024-05-13 03:23:39.403880,Morning,D,Low,33,6,88.1,Low,True,16.65,17.58,34.23,55,0,5,2,0,0,0.6224,-20.77,29.07,0,0,0,0.505
ORD-01221,2024-05-13 06:00:56.171234,Evening,C,Urgent,20,5,82.3,Low,True,14.41,15.3,29.71,28,1,5,2,0,0,1.0611,1.71,16.46,0,0,0,0.72
ORD-01222,2024-05-13 08:38:12.938587,Evening,D,Urgent,4,6,145.5,High,True,11.81,3.7,15.51,28,0,5,2,0,0,0.5539,-12.49,5.82,0,1,0,2.952
ORD-01223,2024-05-13 11:15:29.705941,Night,D,Medium,2,1,207.4,Low,True,5.58,6.03,11.61,45,0,5,2,0,0,0.258,-33.39,4.15,0,0,0,2.79
ORD-01224,2024-05-13 13:52:46.473294,Night,C,Medium,36,6,171.5,Medium,True,27.85,17.11,44.96,45,1,5,2,0,0,0.9991,-0.04,61.74,0,0,0,0.774
ORD-01225,2024-05-13 16:30:03.240648,Night,C,Low,32,3,171.2,Medium,True,30.03,20.31,50.34,55,1,5,2,0,0,0.9153,-4.66,54.78,0,0,0,0.938
ORD-01226,2024-05-13 19:07:20.008001,Morning,E,Low,21,10,184.4,Low,False,11.29,23.37,34.66,55,0,5,2,0,0,0.6302,-20.34,38.72,1,0,1,0.538
ORD-01227,2024-05-13 21:44:36.775355,Night,D,Low,38,2,134.1,Low,True,31.65,19.42,51.07,55,1,5,2,0,0,0.9285,-3.93,50.96,0,0,0,0.833
ORD-01228,2024-05-14 00:21:53.542708,Night,E,High,24,1,174.4,Low,True,24.89,16.41,41.3,38,1,5,2,1,0,1.0868,3.3,41.86,0,0,0,1.037
ORD-01229,2024-05-14 02:59:10.310062,Evening,E,Medium,13,10,126.8,Low,True,8.9,10.99,19.89,45,0,5,2,1,0,0.442,-25.11,16.48,1,0,0,0.685
ORD-01230,2024-05-14 05:36:27.077415,Evening,B,Low,30,2,137.4,High,True,45.68,17.25,62.93,55,1,5,2,1,0,1.1442,7.93,41.22,0,1,0,1.523
ORD-01231,2024-05-14 08:13:43.844768,Morning,D,Low,19,6,142.4,Low,True,13.31,12.65,25.96,55,0,5,2,1,0,0.472,-29.04,27.06,0,0,0,0.701
ORD-01232,2024-05-14 10:51:00.612122,Night,D,Low,49,4,128.2,Low,True,29.73,27.72,57.45,55,1,5,2,1,0,1.0445,2.45,62.82,0,0,0,0.607
ORD-01233,2024-05-14 13:28:17.379475,Morning,A,Medium,37,3,147.4,Medium,True,33.25,23.05,56.3,45,1,5,2,1,0,1.2511,11.3,54.54,0,0,0,0.899
ORD-01234,2024-05-14 16:05:34.146829,Morning,C,Medium,38,5,139.8,High,False,33.33,26.51,59.84,45,1,5,2,1,0,1.3298,14.84,53.12,0,1,1,0.877
ORD-01235,2024-05-14 18:42:50.914182,Night,B,Medium,35,8,121.7,Low,True,22.73,18.58,41.31,45,1,5,2,1,0,0.918,-3.69,42.6,1,0,0,0.649
ORD-01236,2024-05-14 21:20:07.681536,Night,C,Medium,35,2,144.4,Low,True,28.45,19.89,48.34,45,1,5,2,1,0,1.0742,3.34,50.54,0,0,0,0.813
ORD-01237,2024-05-14 23:57:24.448889,Night,A,Medium,39,7,156.2,Medium,True,20.43,16.64,37.07,45,0,5,2,1,0,0.8238,-7.93,60.92,1,0,0,0.524
ORD-01238,2024-05-15 02:34:41.216243,Evening,D,High,22,9,106.0,Medium,True,9.14,15.86,25.0,38,0,5,2,2,0,0.6579,-13.0,23.32,1,0,0,0.415
ORD-01239,2024-05-15 05:11:57.983596,Morning,D,Medium,42,3,166.7,Medium,True,35.64,22.64,58.28,45,1,5,2,2,0,1.2951,13.28,70.01,0,0,0,0.849
ORD-01240,2024-05-15 07:49:14.750950,Evening,C,Medium,2,7,130.3,Low,True,4.25,4.29,8.54,45,0,5,2,2,0,0.1898,-36.46,2.61,1,0,0,2.125
ORD-01241,2024-05-15 10:26:31.518303,Morning,A,High,34,10,157.9,High,True,27.04,17.53,44.57,38,1,5,2,2,0,1.1729,6.57,53.69,1,1,0,0.795
ORD-01242,2024-05-15 13:03:48.285657,Night,C,High,27,10,123.4,Medium,True,16.27,18.98,35.25,38,0,5,2,2,0,0.9276,-2.75,33.32,1,0,0,0.603
ORD-01243,2024-05-15 15:41:05.053010,Evening,A,Medium,1,7,192.0,High,True,10.99,5.39,16.38,45,0,5,2,2,0,0.364,-28.62,1.92,1,1,0,10.99
ORD-01244,2024-05-15 18:18:21.820364,Evening,B,Medium,34,10,188.2,High,False,32.95,21.93,54.88,45,1,5,2,2,0,1.2196,9.88,63.99,1,1,1,0.969
ORD-01245,2024-05-15 20:55:38.587717,Morning,B,Low,1,8,108.0,Medium,True,7.77,9.24,17.01,55,0,5,2,2,0,0.3093,-37.99,1.08,1,0,0,7.77
ORD-01246,2024-05-15 23:32:55.355071,Evening,E,Low,36,6,171.0,Low,False,24.41,22.74,47.15,55,0,5,2,2,0,0.8573,-7.85,61.56,0,0,1,0.678
ORD-01247,2024-05-16 02:10:12.122424,Night,B,High,27,2,207.9,Medium,False,36.48,23.74,60.22,38,1,5,2,3,0,1.5847,22.22,56.13,0,0,1,1.351
ORD-01248,2024-05-16 04:47:28.889777,Evening,C,Medium,31,9,112.1,Medium,True,18.32,17.39,35.71,45,0,5,2,3,0,0.7936,-9.29,34.75,1,0,0,0.591
ORD-01249,2024-05-16 07:24:45.657131,Morning,E,Low,31,3,115.2,Low,False,27.31,23.65,50.96,55,0,5,2,3,0,0.9265,-4.04,35.71,0,0,1,0.881
ORD-01250,2024-05-16 10:02:02.424484,Morning,B,Low,16,8,179.4,Low,False,13.84,19.32,33.16,55,1,5,2,3,0,0.6029,-21.84,28.7,1,0,1,0.865
ORD-01251,2024-05-16 12:39:19.191838,Morning,E,Medium,32,7,97.7,Low,True,13.1,14.25,27.35,45,0,5,2,3,0,0.6078,-17.65,31.26,1,0,0,0.409
ORD-01252,2024-05-16 15:16:35.959191,Morning,A,Medium,12,4,118.9,High,True,13.21,6.86,20.07,45,0,5,2,3,0,0.446,-24.93,14.27,0,1,0,1.101
ORD-01253,2024-05-16 17:53:52.726545,Night,B,Medium,38,8,109.4,Medium,True,31.92,16.19,48.11,45,0,5,2,3,0,1.0691,3.11,41.57,1,0,0,0.84
ORD-01254,2024-05-16 20:31:09.493898,Evening,A,Medium,5,7,179.9,Medium,True,9.64,5.38,15.02,45,0,5,2,3,0,0.3338,-29.98,9.0,1,0,0,1.928
ORD-01255,2024-05-16 23:08:26.261252,Morning,C,Urgent,8,8,122.3,Medium,True,11.91,8.96,20.87,28,0,5,2,3,0,0.7454,-7.13,9.78,1,0,0,1.489
ORD-01256,2024-05-17 01:45:43.028605,Night,E,High,36,10,138.6,Medium,True,18.56,19.54,38.1,38,0,5,2,4,0,1.0026,0.1,49.9,1,0,0,0.516
ORD-01257,2024-05-17 04:22:59.795959,Morning,C,Urgent,3,3,120.1,High,True,9.32,2.0,11.32,28,0,5,2,4,0,0.4043,-16.68,3.6,0,1,0,3.107
ORD-01258,2024-05-17 07:00:16.563312,Morning,C,High,49,8,195.9,Low,True,30.49,26.12,56.61,38,0,5,2,4,0,1.4897,18.61,95.99,1,0,0,0.622
ORD-01259,2024-05-17 09:37:33.330666,Evening,B,Urgent,2,1,115.6,Low,True,8.49,3.24,11.73,28,0,5,2,4,0,0.4189,-16.27,2.31,0,0,0,4.245
ORD-01260,2024-05-17 12:14:50.098019,Morning,E,Urgent,27,8,93.7,Medium,True,15.94,19.56,35.5,28,1,5,2,4,0,1.2679,7.5,25.3,1,0,0,0.59
ORD-01261,2024-05-17 14:52:06.865373,Evening,C,Medium,50,2,92.1,High,True,50.91,22.66,73.57,45,1,5,2,4,0,1.6349,28.57,46.05,0,1,0,1.018
ORD-01262,2024-05-17 17:29:23.632726,Night,B,Medium,34,3,177.7,High,False,50.23,24.55,74.78,45,1,5,2,4,0,1.6618,29.78,60.42,0,1,1,1.477
ORD-01263,2024-05-17 20:06:40.400080,Night,E,Low,32,2,180.6,High,True,44.47,20.11,64.58,55,1,5,2,4,0,1.1742,9.58,57.79,0,1,0,1.39
ORD-01264,2024-05-17 22:43:57.167433,Morning,B,High,35,9,199.9,Medium,True,28.55,19.25,47.8,38,1,5,2,4,0,1.2579,9.8,69.96,1,0,0,0.816
ORD-01265,2024-05-18 01:21:13.934786,Evening,B,High,36,4,99.6,Low,True,31.12,19.25,50.37,38,1,5,2,5,1,1.3255,12.37,35.86,0,0,0,0.864
ORD-01266,2024-05-18 03:58:30.702140,Morning,A,Low,9,4,140.8,Low,False,8.83,8.96,17.79,55,0,5,2,5,1,0.3235,-37.21,12.67,0,0,1,0.981
ORD-01267,2024-05-18 06:35:47.469493,Evening,A,High,16,4,247.1,Low,True,14.14,10.04,24.18,38,0,5,2,5,1,0.6363,-13.82,39.54,0,0,0,0.884
ORD-01268,2024-05-18 09:13:04.236847,Morning,D,High,10,7,137.9,Medium,False,7.56,12.12,19.68,38,0,5,2,5,1,0.5179,-18.32,13.79,1,0,1,0.756
ORD-01269,2024-05-18 11:50:21.004200,Evening,C,High,11,10,127.5,Medium,True,6.18,8.57,14.75,38,0,5,2,5,1,0.3882,-23.25,14.02,1,0,0,0.562
ORD-01270,2024-05-18 14:27:37.771554,Morning,E,Medium,11,7,149.2,Low,True,11.04,12.14,23.18,45,0,5,2,5,1,0.5151,-21.82,16.41,1,0,0,1.004
ORD-01271,2024-05-18 17:04:54.538907,Night,A,Low,32,2,171.2,Medium,False,28.9,22.02,50.92,55,1,5,2,5,1,0.9258,-4.08,54.78,0,0,1,0.903
ORD-01272,2024-05-18 19:42:11.306261,Night,C,Medium,47,6,170.5,High,False,36.72,33.06,69.78,45,1,5,2,5,1,1.5507,24.78,80.14,0,1,1,0.781
ORD-01273,2024-05-18 22:19:28.073614,Morning,D,Low,28,2,125.4,Low,True,17.83,17.44,35.27,55,0,5,2,5,1,0.6413,-19.73,35.11,0,0,0,0.637
ORD-01274,2024-05-19 00:56:44.840968,Night,C,High,1,2,126.6,Medium,True,9.08,4.29,13.37,38,1,5,2,6,1,0.3518,-24.63,1.27,0,0,0,9.08
ORD-01275,2024-05-19 03:34:01.608321,Morning,C,Medium,35,2,138.1,Low,True,29.39,21.84,51.23,45,1,5,2,6,1,1.1384,6.23,48.34,0,0,0,0.84
ORD-01276,2024-05-19 06:11:18.375675,Evening,C,Medium,28,7,120.8,Medium,True,17.6,13.07,30.67,45,0,5,2,6,1,0.6816,-14.33,33.82,1,0,0,0.629
ORD-01277,2024-05-19 08:48:35.143028,Morning,D,Medium,39,9,100.6,Medium,True,16.71,21.36,38.07,45,0,5,2,6,1,0.846,-6.93,39.23,1,0,0,0.428
ORD-01278,2024-05-19 11:25:51.910382,Morning,E,Medium,19,3,222.3,Low,True,23.55,10.38,33.93,45,0,5,2,6,1,0.754,-11.07,42.24,0,0,0,1.239
ORD-01279,2024-05-19 14:03:08.677735,Evening,B,Medium,22,10,133.7,Medium,True,16.25,14.08,30.33,45,0,5,2,6,1,0.674,-14.67,29.41,1,0,0,0.739
ORD-01280,2024-05-19 16:40:25.445089,Evening,C,Urgent,33,3,136.0,Medium,True,32.26,14.73,46.99,28,1,5,2,6,1,1.6782,18.99,44.88,0,0,0,0.978
ORD-01281,2024-05-19 19:17:42.212442,Evening,C,Low,36,4,137.2,Low,True,24.51,16.15,40.66,55,0,5,2,6,1,0.7393,-14.34,49.39,0,0,0,0.681
ORD-01282,2024-05-19 21:54:58.979795,Evening,B,Urgent,12,2,146.8,High,True,24.8,9.71,34.51,28,0,5,2,6,1,1.2325,6.51,17.62,0,1,0,2.067
ORD-01283,2024-05-20 00:32:15.747149,Morning,A,Low,30,1,167.4,Medium,True,33.83,13.24,47.07,55,0,5,2,0,0,0.8558,-7.93,50.22,0,0,0,1.128
ORD-01284,2024-05-20 03:09:32.514502,Morning,E,Medium,49,7,131.4,Medium,True,30.35,22.65,53.0,45,0,5,2,0,0,1.1778,8.0,64.39,1,0,0,0.619
ORD-01285,2024-05-20 05:46:49.281856,Evening,A,Urgent,4,5,195.6,Low,True,7.5,5.21,12.71,28,0,5,2,0,0,0.4539,-15.29,7.82,0,0,0,1.875
ORD-01286,2024-05-20 08:24:06.049209,Evening,A,High,17,2,173.9,Low,True,20.08,10.28,30.36,38,0,5,2,0,0,0.7989,-7.64,29.56,0,0,0,1.181
ORD-01287,2024-05-20 11:01:22.816563,Morning,C,High,27,6,142.4,Low,True,21.31,12.41,33.72,38,1,5,2,0,0,0.8874,-4.28,38.45,0,0,0,0.789
ORD-01288,2024-05-20 13:38:39.583916,Morning,A,High,47,4,123.4,Low,True,29.1,21.6,50.7,38,1,5,2,0,0,1.3342,12.7,58.0,0,0,0,0.619
ORD-01289,2024-05-20 16:15:56.351270,Evening,A,Medium,49,4,193.4,Medium,True,35.91,23.33,59.24,45,1,5,2,0,0,1.3164,14.24,94.77,0,0,0,0.733
ORD-01290,2024-05-20 18:53:13.118623,Evening,A,High,30,9,143.5,High,True,24.12,20.55,44.67,38,1,5,2,0,0,1.1755,6.67,43.05,1,1,0,0.804
ORD-01291,2024-05-20 21:30:29.885977,Night,A,Low,28,5,100.3,Low,True,17.91,15.67,33.58,55,0,5,2,0,0,0.6105,-21.42,28.08,0,0,0,0.64
ORD-01292,2024-05-21 00:07:46.653330,Evening,B,High,21,5,190.8,Medium,True,27.98,12.26,40.24,38,1,5,2,1,0,1.0589,2.24,40.07,0,0,0,1.332
ORD-01293,2024-05-21 02:45:03.420684,Evening,D,Urgent,23,7,120.9,Medium,True,13.82,15.63,29.45,28,1,5,2,1,0,1.0518,1.45,27.81,1,0,0,0.601
ORD-01294,2024-05-21 05:22:20.188037,Evening,B,High,37,9,184.7,Medium,True,30.64,16.28,46.92,38,0,5,2,1,0,1.2347,8.92,68.34,1,0,0,0.828
ORD-01295,2024-05-21 07:59:36.955391,Morning,B,High,28,8,49.4,High,True,20.28,9.5,29.78,38,0,5,2,1,0,0.7837,-8.22,13.83,1,1,0,0.724
ORD-01296,2024-05-21 10:36:53.722744,Morning,C,High,28,5,135.3,Low,True,16.24,18.29,34.53,38,0,5,2,1,0,0.9087,-3.47,37.88,0,0,0,0.58
ORD-01297,2024-05-21 13:14:10.490098,Morning,B,Medium,43,4,196.4,Medium,True,52.02,22.75,74.77,45,1,5,2,1,0,1.6616,29.77,84.45,0,0,0,1.21
ORD-01298,2024-05-21 15:51:27.257451,Night,B,Medium,7,2,150.2,Low,True,12.77,6.66,19.43,45,0,5,2,1,0,0.4318,-25.57,10.51,0,0,0,1.824
ORD-01299,2024-05-21 18:28:44.024804,Morning,B,High,48,2,173.9,Low,False,50.21,31.43,81.64,38,1,5,2,1,0,2.1484,43.64,83.47,0,0,1,1.046
ORD-01300,2024-05-21 21:06:00.792158,Evening,B,High,36,8,113.9,Medium,True,30.02,20.34,50.36,38,1,5,2,1,0,1.3253,12.36,41.0,1,0,0,0.834
ORD-01301,2024-05-21 23:43:17.559511,Evening,B,Medium,30,8,163.9,Low,False,22.14,23.17,45.31,45,1,5,2,1,0,1.0069,0.31,49.17,1,0,1,0.738
ORD-01302,2024-05-22 02:20:34.326865,Morning,A,High,29,4,150.2,Low,True,18.56,17.37,35.93,38,0,5,2,2,0,0.9455,-2.07,43.56,0,0,0,0.64
ORD-01303,2024-05-22 04:57:51.094218,Night,E,Low,29,10,159.7,Low,True,15.54,17.8,33.34,55,0,5,2,2,0,0.6062,-21.66,46.31,1,0,0,0.536
ORD-01304,2024-05-22 07:35:07.861572,Evening,E,High,29,10,231.6,Low,True,19.42,16.91,36.33,38,1,5,2,2,0,0.9561,-1.67,67.16,1,0,0,0.67
ORD-01305,2024-05-22 10:12:24.628925,Morning,E,High,18,7,202.2,Low,True,16.19,8.38,24.57,38,0,5,2,2,0,0.6466,-13.43,36.4,1,0,0,0.899
ORD-01306,2024-05-22 12:49:41.396279,Night,A,Medium,37,3,181.7,Low,True,25.94,17.55,43.49,45,0,5,2,2,0,0.9664,-1.51,67.23,0,0,0,0.701
ORD-01307,2024-05-22 15:26:58.163632,Evening,D,Low,13,6,182.2,Low,True,12.37,8.32,20.69,55,0,5,2,2,0,0.3762,-34.31,23.69,0,0,0,0.952
ORD-01308,2024-05-22 18:04:14.930986,Morning,C,High,33,9,113.6,Medium,True,14.08,21.19,35.27,38,0,5,2,2,0,0.9282,-2.73,37.49,1,0,0,0.427
ORD-01309,2024-05-22 20:41:31.698339,Evening,A,Low,27,6,131.2,Medium,True,16.96,17.08,34.04,55,0,5,2,2,0,0.6189,-20.96,35.42,0,0,0,0.628
ORD-01310,2024-05-22 23:18:48.465693,Evening,E,Urgent,19,5,88.7,High,True,19.0,11.66,30.66,28,1,5,2,2,0,1.095,2.66,16.85,0,1,0,1.0
ORD-01311,2024-05-23 01:56:05.233046,Morning,D,Low,41,6,99.2,High,True,29.56,20.95,50.51,55,1,5,2,3,0,0.9184,-4.49,40.67,0,1,0,0.721
ORD-01312,2024-05-23 04:33:22.000400,Night,A,Medium,16,9,114.5,High,False,9.34,14.22,23.56,45,0,5,2,3,0,0.5236,-21.44,18.32,1,1,1,0.584
ORD-01313,2024-05-23 07:10:38.767753,Evening,E,Low,33,5,148.8,Medium,True,28.12,16.83,44.95,55,0,5,2,3,0,0.8173,-10.05,49.1,0,0,0,0.852
ORD-01314,2024-05-23 09:47:55.535107,Evening,A,High,13,2,101.0,Low,False,13.44,16.11,29.55,38,0,5,2,3,0,0.7776,-8.45,13.13,0,0,1,1.034
ORD-01315,2024-05-23 12:25:12.302460,Morning,C,Medium,11,6,148.4,Low,True,10.1,8.5,18.6,45,0,5,2,3,0,0.4133,-26.4,16.32,0,0,0,0.918
ORD-01316,2024-05-23 15:02:29.069813,Morning,A,High,29,7,143.8,High,True,18.37,14.78,33.15,38,0,5,2,3,0,0.8724,-4.85,41.7,1,1,0,0.633
ORD-01317,2024-05-23 17:39:45.837167,Evening,A,Urgent,49,10,104.6,High,True,25.37,24.65,50.02,28,1,5,2,3,0,1.7864,22.02,51.25,1,1,0,0.518
ORD-01318,2024-05-23 20:17:02.604520,Evening,E,High,15,2,211.0,Medium,True,28.5,12.91,41.41,38,1,5,2,3,0,1.0897,3.41,31.65,0,0,0,1.9
ORD-01319,2024-05-23 22:54:19.371874,Evening,C,Medium,6,10,97.0,Medium,True,6.38,6.57,12.95,45,0,5,2,3,0,0.2878,-32.05,5.82,1,0,0,1.063
ORD-01320,2024-05-24 01:31:36.139227,Night,B,Low,7,9,194.7,Low,True,10.49,11.2,21.69,55,0,5,2,4,0,0.3944,-33.31,13.63,1,0,0,1.499
ORD-01321,2024-05-24 04:08:52.906581,Morning,D,High,25,8,59.8,Low,False,9.51,23.68,33.19,38,0,5,2,4,0,0.8734,-4.81,14.95,1,0,1,0.38
ORD-01322,2024-05-24 06:46:09.673934,Evening,E,Medium,40,3,144.3,Medium,True,37.46,25.31,62.77,45,1,5,2,4,0,1.3949,17.77,57.72,0,0,0,0.936
ORD-01323,2024-05-24 09:23:26.441288,Night,E,Urgent,36,3,102.1,Low,True,26.63,22.16,48.79,28,1,5,2,4,0,1.7425,20.79,36.76,0,0,0,0.74
ORD-01324,2024-05-24 12:00:43.208641,Night,E,High,11,5,123.8,Medium,True,14.68,6.68,21.36,38,1,5,2,4,0,0.5621,-16.64,13.62,0,0,0,1.335
ORD-01325,2024-05-24 14:37:59.975995,Night,E,High,42,2,222.4,Medium,True,41.78,16.56,58.34,38,1,5,2,4,0,1.5353,20.34,93.41,0,0,0,0.995
ORD-01326,2024-05-24 17:15:16.743348,Night,C,High,9,7,136.1,High,False,12.69,10.76,23.45,38,0,5,2,4,0,0.6171,-14.55,12.25,1,1,1,1.41
ORD-01327,2024-05-24 19:52:33.510702,Morning,B,Urgent,28,8,105.8,High,True,25.27,17.72,42.99,28,1,5,2,4,0,1.5354,14.99,29.62,1,1,0,0.902
ORD-01328,2024-05-24 22:29:50.278055,Evening,E,High,43,5,169.5,Low,True,30.25,20.25,50.5,38,1,5,2,4,0,1.3289,12.5,72.89,0,0,0,0.703
ORD-01329,2024-05-25 01:07:07.045409,Night,A,High,41,7,135.8,Low,False,16.06,31.02,47.08,38,1,5,2,5,1,1.2389,9.08,55.68,1,0,1,0.392
ORD-01330,2024-05-25 03:44:23.812762,Evening,A,Medium,36,8,156.0,Medium,False,20.22,19.64,39.86,45,1,5,2,5,1,0.8858,-5.14,56.16,1,0,1,0.562
ORD-01331,2024-05-25 06:21:40.580116,Morning,B,Medium,17,10,113.4,Medium,True,14.0,13.47,27.47,45,0,5,2,5,1,0.6104,-17.53,19.28,1,0,0,0.824
ORD-01332,2024-05-25 08:58:57.347469,Night,B,Medium,39,7,115.4,High,True,39.83,21.33,61.16,45,1,5,2,5,1,1.3591,16.16,45.01,1,1,0,1.021
ORD-01333,2024-05-25 11:36:14.114822,Morning,C,Urgent,20,3,118.5,Low,True,16.65,9.69,26.34,28,1,5,2,5,1,0.9407,-1.66,23.7,0,0,0,0.832
ORD-01334,2024-05-25 14:13:30.882176,Morning,E,High,18,2,181.9,Low,True,15.27,15.09,30.36,38,0,5,2,5,1,0.7989,-7.64,32.74,0,0,0,0.848
ORD-01335,2024-05-25 16:50:47.649529,Morning,C,High,27,10,140.9,Low,True,13.81,15.73,29.54,38,1,5,2,5,1,0.7774,-8.46,38.04,1,0,0,0.511
ORD-01336,2024-05-25 19:28:04.416883,Evening,C,Low,31,8,108.1,Medium,True,22.14,18.58,40.72,55,0,5,2,5,1,0.7404,-14.28,33.51,1,0,0,0.714
ORD-01337,2024-05-25 22:05:21.184236,Evening,B,High,11,9,156.5,Low,False,8.72,13.82,22.54,38,0,5,2,5,1,0.5932,-15.46,17.22,1,0,1,0.793
ORD-01338,2024-05-26 00:42:37.951590,Evening,D,Medium,47,5,153.2,Low,True,25.43,23.86,49.29,45,1,5,2,6,1,1.0953,4.29,72.0,0,0,0,0.541
ORD-01339,2024-05-26 03:19:54.718943,Night,A,High,44,2,172.9,Low,True,35.11,21.2,56.31,38,1,5,2,6,1,1.4818,18.31,76.08,0,0,0,0.798
ORD-01340,2024-05-26 05:57:11.486297,Evening,A,Low,15,6,130.7,Low,True,13.3,10.79,24.09,55,0,5,2,6,1,0.438,-30.91,19.6,0,0,0,0.887
ORD-01341,2024-05-26 08:34:28.253650,Evening,C,Urgent,13,7,146.9,Medium,True,15.25,14.64,29.89,28,0,5,2,6,1,1.0675,1.89,19.1,1,0,0,1.173
ORD-01342,2024-05-26 11:11:45.021004,Night,C,High,4,3,166.9,Low,True,12.57,6.09,18.66,38,0,5,2,6,1,0.4911,-19.34,6.68,0,0,0,3.142
ORD-01343,2024-05-26 13:49:01.788357,Night,B,Medium,21,5,109.6,High,True,23.7,8.62,32.32,45,1,5,2,6,1,0.7182,-12.68,23.02,0,1,0,1.129
ORD-01344,2024-05-26 16:26:18.555711,Morning,B,Medium,9,5,185.4,Medium,True,16.98,5.43,22.41,45,0,5,2,6,1,0.498,-22.59,16.69,0,0,0,1.887
ORD-01345,2024-05-26 19:03:35.323064,Morning,A,Medium,47,3,150.7,Low,True,33.33,24.34,57.67,45,0,5,2,6,1,1.2816,12.67,70.83,0,0,0,0.709
ORD-01346,2024-05-26 21:40:52.090418,Evening,D,Medium,45,9,106.0,Low,True,16.83,26.9,43.73,45,0,5,2,6,1,0.9718,-1.27,47.7,1,0,0,0.374
ORD-01347,2024-05-27 00:18:08.857771,Night,B,Low,42,5,105.7,Low,True,32.92,22.46,55.38,55,1,5,2,0,0,1.0069,0.38,44.39,0,0,0,0.784
ORD-01348,2024-05-27 02:55:25.625125,Evening,B,Medium,15,10,146.0,Low,True,10.68,8.76,19.44,45,0,5,2,0,0,0.432,-25.56,21.9,1,0,0,0.712
ORD-01349,2024-05-27 05:32:42.392478,Morning,E,Medium,35,1,128.0,Medium,True,34.48,15.57,50.05,45,1,5,2,0,0,1.1122,5.05,44.8,0,0,0,0.985
ORD-01350,2024-05-27 08:09:59.159831,Evening,D,Medium,25,10,180.2,High,True,15.93,13.53,29.46,45,0,5,2,0,0,0.6547,-15.54,45.05,1,1,0,0.637
ORD-01351,2024-05-27 10:47:15.927185,Evening,A,High,14,7,138.5,Low,True,7.41,12.53,19.94,38,0,5,2,0,0,0.5247,-18.06,19.39,1,0,0,0.529
ORD-01352,2024-05-27 13:24:32.694538,Evening,C,Medium,27,8,162.1,Low,True,13.79,17.12,30.91,45,0,5,2,0,0,0.6869,-14.09,43.77,1,0,0,0.511
ORD-01353,2024-05-27 16:01:49.461892,Night,A,Low,9,3,116.1,High,False,14.27,11.14,25.41,55,0,5,2,0,0,0.462,-29.59,10.45,0,1,1,1.586
ORD-01354,2024-05-27 18:39:06.229245,Night,A,High,49,1,149.1,Medium,True,43.37,22.19,65.56,38,1,5,2,0,0,1.7253,27.56,73.06,0,0,0,0.885
ORD-01355,2024-05-27 21:16:22.996599,Evening,D,Medium,9,3,202.6,Low,True,14.53,6.33,20.86,45,0,5,2,0,0,0.4636,-24.14,18.23,0,0,0,1.614
ORD-01356,2024-05-27 23:53:39.763952,Evening,A,High,16,5,144.1,Medium,True,14.71,7.69,22.4,38,0,5,2,0,0,0.5895,-15.6,23.06,0,0,0,0.919
ORD-01357,2024-05-28 02:30:56.531306,Evening,B,Urgent,12,4,127.9,Low,True,19.48,13.23,32.71,28,1,5,2,1,0,1.1682,4.71,15.35,0,0,0,1.623
ORD-01358,2024-05-28 05:08:13.298659,Evening,E,High,27,2,115.4,Low,True,25.9,18.24,44.14,38,1,5,2,1,0,1.1616,6.14,31.16,0,0,0,0.959
ORD-01359,2024-05-28 07:45:30.066013,Evening,D,Medium,34,1,149.2,High,False,37.12,27.63,64.75,45,0,5,2,1,0,1.4389,19.75,50.73,0,1,1,1.092
ORD-01360,2024-05-28 10:22:46.833366,Evening,E,Medium,48,7,206.4,Medium,True,34.35,26.47,60.82,45,1,5,2,1,0,1.3516,15.82,99.07,1,0,0,0.716
ORD-01361,2024-05-28 13:00:03.600720,Evening,E,High,20,7,95.5,Low,False,15.33,18.61,33.94,38,0,5,2,1,0,0.8932,-4.06,19.1,1,0,1,0.766
ORD-01362,2024-05-28 15:37:20.368073,Evening,B,High,11,2,148.0,High,True,24.28,11.72,36.0,38,0,5,2,1,0,0.9474,-2.0,16.28,0,1,0,2.207
ORD-01363,2024-05-28 18:14:37.135427,Morning,C,Low,2,8,81.4,Low,True,3.0,3.82,6.82,55,0,5,2,1,0,0.124,-48.18,1.63,1,0,0,1.5
ORD-01364,2024-05-28 20:51:53.902780,Evening,B,High,30,10,133.6,Low,True,19.91,15.4,35.31,38,0,5,2,1,0,0.9292,-2.69,40.08,1,0,0,0.664
ORD-01365,2024-05-28 23:29:10.670134,Evening,D,High,49,10,160.5,High,True,27.5,24.29,51.79,38,1,5,2,1,0,1.3629,13.79,78.64,1,1,0,0.561
ORD-01366,2024-05-29 02:06:27.437487,Morning,B,High,4,2,86.8,Medium,True,12.82,9.02,21.84,38,1,5,2,2,0,0.5747,-16.16,3.47,0,0,0,3.205
ORD-01367,2024-05-29 04:43:44.204840,Morning,A,Low,50,5,132.2,Medium,True,34.39,27.04,61.43,55,0,5,2,2,0,1.1169,6.43,66.1,0,0,0,0.688
ORD-01368,2024-05-29 07:21:00.972194,Morning,A,Medium,14,1,161.6,Low,True,15.84,10.5,26.34,45,0,5,2,2,0,0.5853,-18.66,22.62,0,0,0,1.131
ORD-01369,2024-05-29 09:58:17.739547,Night,D,Medium,46,1,155.2,Low,True,30.24,22.87,53.11,45,1,5,2,2,0,1.1802,8.11,71.39,0,0,0,0.657
ORD-01370,2024-05-29 12:35:34.506901,Night,A,Medium,4,9,163.6,High,True,8.86,6.58,15.44,45,0,5,2,2,0,0.3431,-29.56,6.54,1,1,0,2.215
ORD-01371,2024-05-29 15:12:51.274254,Evening,C,High,45,10,111.0,Low,True,20.17,20.32,40.49,38,0,5,2,2,0,1.0655,2.49,49.95,1,0,0,0.448
ORD-01372,2024-05-29 17:50:08.041608,Evening,E,Medium,17,3,161.6,High,True,29.03,9.96,38.99,45,1,5,2,2,0,0.8664,-6.01,27.47,0,1,0,1.708
ORD-01373,2024-05-29 20:27:24.808961,Evening,D,Medium,14,5,126.0,Medium,True,15.49,10.43,25.92,45,0,5,2,2,0,0.576,-19.08,17.64,0,0,0,1.106
ORD-01374,2024-05-29 23:04:41.576315,Evening,B,Medium,11,1,178.6,Low,True,22.93,4.83,27.76,45,0,5,2,2,0,0.6169,-17.24,19.65,0,0,0,2.085
ORD-01375,2024-05-30 01:41:58.343668,Night,A,High,7,9,57.6,High,True,11.23,4.49,15.72,38,0,5,2,3,0,0.4137,-22.28,4.03,1,1,0,1.604
ORD-01376,2024-05-30 04:19:15.111022,Morning,E,High,40,6,138.4,High,True,31.74,19.56,51.3,38,1,5,2,3,0,1.35,13.3,55.36,0,1,0,0.794
ORD-01377,2024-05-30 06:56:31.878375,Morning,C,High,4,3,154.0,High,True,14.25,7.56,21.81,38,0,5,2,3,0,0.5739,-16.19,6.16,0,1,0,3.562
ORD-01378,2024-05-30 09:33:48.645729,Evening,B,Urgent,24,10,204.0,Low,True,14.26,12.82,27.08,28,1,5,2,3,0,0.9671,-0.92,48.96,1,0,0,0.594
ORD-01379,2024-05-30 12:11:05.413082,Morning,E,Urgent,48,2,153.5,Medium,True,48.6,23.97,72.57,28,1,5,2,3,0,2.5918,44.57,73.68,0,0,0,1.012
ORD-01380,2024-05-30 14:48:22.180436,Evening,A,Medium,21,3,157.5,Low,True,16.82,16.65,33.47,45,0,5,2,3,0,0.7438,-11.53,33.07,0,0,0,0.801
ORD-01381,2024-05-30 17:25:38.947789,Night,B,Low,42,8,165.0,Low,False,30.12,27.77,57.89,55,0,5,2,3,0,1.0525,2.89,69.3,1,0,1,0.717
ORD-01382,2024-05-30 20:02:55.715143,Morning,A,High,35,5,200.1,High,False,33.84,27.93,61.77,38,1,5,2,3,0,1.6255,23.77,70.04,0,1,1,0.967
ORD-01383,2024-05-30 22:40:12.482496,Evening,A,High,40,8,134.7,High,False,28.29,24.68,52.97,38,1,5,2,3,0,1.3939,14.97,53.88,1,1,1,0.707
ORD-01384,2024-05-31 01:17:29.249849,Evening,B,Medium,48,3,93.9,Low,True,39.92,21.76,61.68,45,1,5,2,4,0,1.3707,16.68,45.07,0,0,0,0.832
ORD-01385,2024-05-31 03:54:46.017203,Night,D,Urgent,5,7,86.2,Medium,True,5.43,6.5,11.93,28,0,5,2,4,0,0.4261,-16.07,4.31,1,0,0,1.086
ORD-01386,2024-05-31 06:32:02.784556,Evening,B,Medium,16,6,176.6,High,True,26.89,7.87,34.76,45,0,5,2,4,0,0.7724,-10.24,28.26,0,1,0,1.681
ORD-01387,2024-05-31 09:09:19.551910,Morning,D,Urgent,17,1,158.9,Medium,True,22.64,10.02,32.66,28,0,5,2,4,0,1.1664,4.66,27.01,0,0,0,1.332
ORD-01388,2024-05-31 11:46:36.319263,Evening,D,Medium,4,4,139.7,Low,True,7.16,11.66,18.82,45,0,5,2,4,0,0.4182,-26.18,5.59,0,0,0,1.79
ORD-01389,2024-05-31 14:23:53.086617,Evening,E,Low,6,3,126.6,Low,True,11.94,6.49,18.43,55,0,5,2,4,0,0.3351,-36.57,7.6,0,0,0,1.99
ORD-01390,2024-05-31 17:01:09.853970,Night,A,High,6,6,157.2,Medium,True,12.36,6.5,18.86,38,0,5,2,4,0,0.4963,-19.14,9.43,0,0,0,2.06
ORD-01391,2024-05-31 19:38:26.621324,Evening,D,High,48,5,158.4,High,False,38.3,31.66,69.96,38,1,5,2,4,0,1.8411,31.96,76.03,0,1,1,0.798
ORD-01392,2024-05-31 22:15:43.388677,Morning,A,High,43,5,169.2,Low,False,31.36,28.87,60.23,38,1,5,2,4,0,1.585,22.23,72.76,0,0,1,0.729
ORD-01393,2024-06-01 00:53:00.156031,Night,D,High,30,2,105.7,Low,True,22.75,17.23,39.98,38,1,6,2,5,1,1.0521,1.98,31.71,0,0,0,0.758
ORD-01394,2024-06-01 03:30:16.923384,Evening,B,Medium,43,10,79.4,Medium,True,22.63,23.45,46.08,45,1,6,2,5,1,1.024,1.08,34.14,1,0,0,0.526
ORD-01395,2024-06-01 06:07:33.690738,Morning,D,Medium,18,8,113.5,High,False,15.4,18.5,33.9,45,1,6,2,5,1,0.7533,-11.1,20.43,1,1,1,0.856
ORD-01396,2024-06-01 08:44:50.458091,Evening,A,Low,24,7,96.0,High,True,21.16,14.54,35.7,55,0,6,2,5,1,0.6491,-19.3,23.04,1,1,0,0.882
ORD-01397,2024-06-01 11:22:07.225445,Night,C,Low,45,3,93.9,High,True,44.37,24.41,68.78,55,1,6,2,5,1,1.2505,13.78,42.26,0,1,0,0.986
ORD-01398,2024-06-01 13:59:23.992798,Evening,A,Medium,8,7,212.8,Medium,True,12.65,6.57,19.22,45,0,6,2,5,1,0.4271,-25.78,17.02,1,0,0,1.581
ORD-01399,2024-06-01 16:36:40.760152,Morning,A,Medium,8,3,59.3,High,True,3.0,6.01,9.01,45,0,6,2,5,1,0.2002,-35.99,4.74,0,1,0,0.375
ORD-01400,2024-06-01 19:13:57.527505,Evening,C,Low,27,5,168.8,Medium,True,21.33,13.91,35.24,55,0,6,2,5,1,0.6407,-19.76,45.58,0,0,0,0.79
ORD-01401,2024-06-01 21:51:14.294858,Morning,B,Medium,13,3,186.3,Medium,True,25.93,7.81,33.74,45,1,6,2,5,1,0.7498,-11.26,24.22,0,0,0,1.995
ORD-01402,2024-06-02 00:28:31.062212,Evening,D,Medium,34,4,189.5,Low,False,21.18,19.59,40.77,45,0,6,2,6,1,0.906,-4.23,64.43,0,0,1,0.623
ORD-01403,2024-06-02 03:05:47.829565,Evening,D,Medium,32,7,161.1,Medium,True,21.65,14.58,36.23,45,0,6,2,6,1,0.8051,-8.77,51.55,1,0,0,0.677
ORD-01404,2024-06-02 05:43:04.596919,Morning,C,Urgent,17,4,202.8,Low,True,20.01,12.36,32.37,28,1,6,2,6,1,1.1561,4.37,34.48,0,0,0,1.177
ORD-01405,2024-06-02 08:20:21.364272,Morning,D,Urgent,6,8,221.3,High,True,12.06,9.53,21.59,28,0,6,2,6,1,0.7711,-6.41,13.28,1,1,0,2.01
ORD-01406,2024-06-02 10:57:38.131626,Night,D,High,5,6,137.9,Low,True,3.0,5.73,8.73,38,1,6,2,6,1,0.2297,-29.27,6.9,0,0,0,0.6
ORD-01407,2024-06-02 13:34:54.898979,Morning,E,Low,23,10,167.9,Low,True,10.37,17.26,27.63,55,0,6,2,6,1,0.5024,-27.37,38.62,1,0,0,0.451
ORD-01408,2024-06-02 16:12:11.666333,Night,A,High,17,2,201.0,High,True,29.44,14.09,43.53,38,1,6,2,6,1,1.1455,5.53,34.17,0,1,0,1.732
ORD-01409,2024-06-02 18:49:28.433686,Evening,C,Low,2,10,115.5,Medium,True,7.46,2.0,9.46,55,0,6,2,6,1,0.172,-45.54,2.31,1,0,0,3.73
ORD-01410,2024-06-02 21:26:45.201040,Evening,D,Medium,35,2,140.2,Medium,True,24.45,21.29,45.74,45,0,6,2,6,1,1.0164,0.74,49.07,0,0,0,0.699
ORD-01411,2024-06-03 00:04:01.968393,Morning,A,Urgent,48,6,125.0,Medium,True,30.07,23.46,53.53,28,1,6,2,0,0,1.9118,25.53,60.0,0,0,0,0.626
ORD-01412,2024-06-03 02:41:18.735747,Morning,B,Medium,49,4,168.4,Low,True,38.88,25.1,63.98,45,1,6,2,0,0,1.4218,18.98,82.52,0,0,0,0.793
ORD-01413,2024-06-03 05:18:35.503100,Morning,B,Urgent,6,8,74.1,Low,True,6.25,4.37,10.62,28,0,6,2,0,0,0.3793,-17.38,4.45,1,0,0,1.042
ORD-01414,2024-06-03 07:55:52.270454,Evening,C,High,10,2,207.5,Medium,True,18.77,9.69,28.46,38,0,6,2,0,0,0.7489,-9.54,20.75,0,0,0,1.877
ORD-01415,2024-06-03 10:33:09.037807,Night,B,Medium,22,3,171.4,High,True,43.78,12.3,56.08,45,0,6,2,0,0,1.2462,11.08,37.71,0,1,0,1.99
ORD-01416,2024-06-03 13:10:25.805161,Night,C,Low,46,3,173.6,Low,True,32.51,22.58,55.09,55,1,6,2,0,0,1.0016,0.09,79.86,0,0,0,0.707
ORD-01417,2024-06-03 15:47:42.572514,Morning,C,High,29,10,55.5,Low,True,13.21,17.24,30.45,38,0,6,2,0,0,0.8013,-7.55,16.1,1,0,0,0.456
ORD-01418,2024-06-03 18:24:59.339867,Morning,C,Medium,23,6,108.4,Low,True,17.1,11.36,28.46,45,0,6,2,0,0,0.6324,-16.54,24.93,0,0,0,0.743
ORD-01419,2024-06-03 21:02:16.107221,Morning,B,Low,47,2,209.6,Medium,True,57.71,25.25,82.96,55,1,6,2,0,0,1.5084,27.96,98.51,0,0,0,1.228
ORD-01420,2024-06-03 23:39:32.874574,Night,D,Low,34,8,142.9,Low,True,16.29,18.35,34.64,55,0,6,2,0,0,0.6298,-20.36,48.59,1,0,0,0.479
ORD-01421,2024-06-04 02:16:49.641928,Morning,C,Urgent,50,3,81.0,Low,True,31.78,22.47,54.25,28,1,6,2,1,0,1.9375,26.25,40.5,0,0,0,0.636
ORD-01422,2024-06-04 04:54:06.409281,Morning,A,Medium,44,3,158.9,Low,True,28.67,23.15,51.82,45,1,6,2,1,0,1.1516,6.82,69.92,0,0,0,0.652
ORD-01423,2024-06-04 07:31:23.176635,Evening,A,Urgent,50,5,177.2,Medium,True,33.59,23.64,57.23,28,1,6,2,1,0,2.0439,29.23,88.6,0,0,0,0.672
ORD-01424,2024-06-04 10:08:39.943988,Evening,B,High,28,8,171.3,Medium,True,23.67,15.47,39.14,38,0,6,2,1,0,1.03,1.14,47.96,1,0,0,0.845
ORD-01425,2024-06-04 12:45:56.711342,Morning,E,Medium,19,9,144.0,Low,True,8.52,13.29,21.81,45,0,6,2,1,0,0.4847,-23.19,27.36,1,0,0,0.448
ORD-01426,2024-06-04 15:23:13.478695,Evening,B,Medium,4,1,195.4,Low,True,15.18,5.4,20.58,45,1,6,2,1,0,0.4573,-24.42,7.82,0,0,0,3.795
ORD-01427,2024-06-04 18:00:30.246049,Morning,A,High,37,9,121.9,Low,True,15.23,22.98,38.21,38,0,6,2,1,0,1.0055,0.21,45.1,1,0,0,0.412
ORD-01428,2024-06-04 20:37:47.013402,Morning,A,Medium,14,10,171.6,Medium,True,10.42,11.82,22.24,45,0,6,2,1,0,0.4942,-22.76,24.02,1,0,0,0.744
ORD-01429,2024-06-04 23:15:03.780756,Morning,A,Low,1,4,155.4,Low,True,8.08,7.02,15.1,55,0,6,2,1,0,0.2745,-39.9,1.55,0,0,0,8.08
ORD-01430,2024-06-05 01:52:20.548109,Morning,B,Medium,41,6,144.7,High,False,44.52,29.49,74.01,45,1,6,2,2,0,1.6447,29.01,59.33,0,1,1,1.086
ORD-01431,2024-06-05 04:29:37.315463,Night,D,High,22,4,134.8,Low,True,13.86,14.11,27.97,38,1,6,2,2,0,0.7361,-10.03,29.66,0,0,0,0.63
ORD-01432,2024-06-05 07:06:54.082816,Evening,C,High,28,5,136.3,Medium,True,23.82,13.54,37.36,38,0,6,2,2,0,0.9832,-0.64,38.16,0,0,0,0.851
ORD-01433,2024-06-05 09:44:10.850170,Night,D,Medium,40,7,151.3,Low,True,21.97,22.3,44.27,45,0,6,2,2,0,0.9838,-0.73,60.52,1,0,0,0.549
ORD-01434,2024-06-05 12:21:27.617523,Morning,A,Medium,17,7,138.3,Medium,True,12.25,6.66,18.91,45,0,6,2,2,0,0.4202,-26.09,23.51,1,0,0,0.721
ORD-01435,2024-06-05 14:58:44.384876,Evening,C,Medium,41,5,179.3,Medium,True,29.89,20.04,49.93,45,1,6,2,2,0,1.1096,4.93,73.51,0,0,0,0.729
ORD-01436,2024-06-05 17:36:01.152230,Night,D,High,30,5,128.6,Low,True,16.94,17.23,34.17,38,0,6,2,2,0,0.8992,-3.83,38.58,0,0,0,0.565
ORD-01437,2024-06-05 20:13:17.919583,Morning,D,Low,29,5,212.7,Low,True,20.26,16.33,36.59,55,0,6,2,2,0,0.6653,-18.41,61.68,0,0,0,0.699
ORD-01438,2024-06-05 22:50:34.686937,Night,E,Urgent,14,5,126.8,Low,True,15.47,14.1,29.57,28,1,6,2,2,0,1.0561,1.57,17.75,0,0,0,1.105
ORD-01439,2024-06-06 01:27:51.454290,Evening,B,High,40,2,186.8,Medium,True,51.89,19.0,70.89,38,1,6,2,3,0,1.8655,32.89,74.72,0,0,0,1.297
ORD-01440,2024-06-06 04:05:08.221644,Evening,C,Medium,13,4,188.5,High,True,21.85,8.24,30.09,45,0,6,2,3,0,0.6687,-14.91,24.5,0,1,0,1.681
ORD-01441,2024-06-06 06:42:24.988997,Morning,D,High,31,8,156.6,Medium,True,22.86,14.87,37.73,38,1,6,2,3,0,0.9929,-0.27,48.55,1,0,0,0.737
ORD-01442,2024-06-06 09:19:41.756351,Evening,A,High,42,10,153.1,Medium,False,19.3,23.22,42.52,38,0,6,2,3,0,1.1189,4.52,64.3,1,0,1,0.46
ORD-01443,2024-06-06 11:56:58.523704,Evening,D,High,6,9,120.8,Low,True,8.62,8.69,17.31,38,0,6,2,3,0,0.4555,-20.69,7.25,1,0,0,1.437
ORD-01444,2024-06-06 14:34:15.291058,Night,B,Low,21,9,129.3,Medium,True,19.93,15.93,35.86,55,0,6,2,3,0,0.652,-19.14,27.15,1,0,0,0.949
ORD-01445,2024-06-06 17:11:32.058411,Night,A,Urgent,34,8,158.8,Medium,False,23.31,28.86,52.17,28,1,6,2,3,0,1.8632,24.17,53.99,1,0,1,0.686
ORD-01446,2024-06-06 19:48:48.825765,Morning,D,Medium,14,6,148.2,Low,False,11.65,15.54,27.19,45,0,6,2,3,0,0.6042,-17.81,20.75,0,0,1,0.832
ORD-01447,2024-06-06 22:26:05.593118,Night,D,High,2,7,197.3,Low,True,7.3,8.49,15.79,38,0,6,2,3,0,0.4155,-22.21,3.95,1,0,0,3.65
ORD-01448,2024-06-07 01:03:22.360472,Night,E,Medium,21,9,131.8,Low,True,11.74,11.5,23.24,45,0,6,2,4,0,0.5164,-21.76,27.68,1,0,0,0.559
ORD-01449,2024-06-07 03:40:39.127825,Evening,E,Medium,25,3,134.2,Low,True,23.35,14.03,37.38,45,1,6,2,4,0,0.8307,-7.62,33.55,0,0,0,0.934
ORD-01450,2024-06-07 06:17:55.895179,Morning,B,Urgent,47,2,83.4,High,True,57.87,26.33,84.2,28,1,6,2,4,0,3.0071,56.2,39.2,0,1,0,1.231
ORD-01451,2024-06-07 08:55:12.662532,Morning,C,Medium,41,3,175.7,Low,False,30.5,27.09,57.59,45,1,6,2,4,0,1.2798,12.59,72.04,0,0,1,0.744
ORD-01452,2024-06-07 11:32:29.429885,Morning,E,Low,10,6,172.1,Low,True,15.77,8.29,24.06,55,0,6,2,4,0,0.4375,-30.94,17.21,0,0,0,1.577
ORD-01453,2024-06-07 14:09:46.197239,Morning,A,High,14,8,189.1,Low,True,12.47,11.6,24.07,38,0,6,2,4,0,0.6334,-13.93,26.47,1,0,0,0.891
ORD-01454,2024-06-07 16:47:02.964592,Night,C,Medium,10,5,191.3,Low,False,15.1,14.53,29.63,45,0,6,2,4,0,0.6584,-15.37,19.13,0,0,1,1.51
ORD-01455,2024-06-07 19:24:19.731946,Morning,E,High,46,10,181.6,Low,True,17.12,25.09,42.21,38,1,6,2,4,0,1.1108,4.21,83.54,1,0,0,0.372
ORD-01456,2024-06-07 22:01:36.499299,Evening,A,Urgent,18,4,183.2,Low,False,15.55,13.78,29.33,28,1,6,2,4,0,1.0475,1.33,32.98,0,0,1,0.864
ORD-01457,2024-06-08 00:38:53.266653,Evening,E,Low,45,5,174.4,Low,True,31.4,22.08,53.48,55,1,6,2,5,1,0.9724,-1.52,78.48,0,0,0,0.698
ORD-01458,2024-06-08 03:16:10.034006,Evening,C,Medium,4,10,180.6,Low,True,5.9,7.25,13.15,45,0,6,2,5,1,0.2922,-31.85,7.22,1,0,0,1.475
ORD-01459,2024-06-08 05:53:26.801360,Morning,E,Urgent,28,2,76.3,Medium,False,22.21,17.75,39.96,28,1,6,2,5,1,1.4271,11.96,21.36,0,0,1,0.793
ORD-01460,2024-06-08 08:30:43.568713,Evening,C,Urgent,4,9,106.0,Medium,True,7.2,7.93,15.13,28,0,6,2,5,1,0.5404,-12.87,4.24,1,0,0,1.8
ORD-01461,2024-06-08 11:08:00.336067,Evening,D,Medium,28,2,99.5,Medium,True,25.75,17.56,43.31,45,0,6,2,5,1,0.9624,-1.69,27.86,0,0,0,0.92
ORD-01462,2024-06-08 13:45:17.103420,Evening,D,High,1,10,200.8,Low,True,4.34,2.0,6.34,38,0,6,2,5,1,0.1668,-31.66,2.01,1,0,0,4.34
ORD-01463,2024-06-08 16:22:33.870774,Morning,A,High,8,4,118.7,Low,True,10.94,4.55,15.49,38,0,6,2,5,1,0.4076,-22.51,9.5,0,0,0,1.368
ORD-01464,2024-06-08 18:59:50.638127,Evening,C,Medium,8,7,125.1,High,True,16.29,9.1,25.39,45,0,6,2,5,1,0.5642,-19.61,10.01,1,1,0,2.036
ORD-01465,2024-06-08 21:37:07.405481,Morning,E,High,36,8,150.3,Low,True,23.39,22.16,45.55,38,1,6,2,5,1,1.1987,7.55,54.11,1,0,0,0.65
ORD-01466,2024-06-09 00:14:24.172834,Evening,E,Medium,33,4,100.3,Low,False,22.15,24.83,46.98,45,1,6,2,6,1,1.044,1.98,33.1,0,0,1,0.671
ORD-01467,2024-06-09 02:51:40.940188,Evening,E,Medium,28,6,165.2,Low,True,17.15,17.81,34.96,45,0,6,2,6,1,0.7769,-10.04,46.26,0,0,0,0.612
ORD-01468,2024-06-09 05:28:57.707541,Morning,C,Medium,10,8,64.8,Low,True,6.5,12.36,18.86,45,0,6,2,6,1,0.4191,-26.14,6.48,1,0,0,0.65
ORD-01469,2024-06-09 08:06:14.474894,Night,C,High,14,9,102.9,Medium,True,15.19,14.45,29.64,38,1,6,2,6,1,0.78,-8.36,14.41,1,0,0,1.085
ORD-01470,2024-06-09 10:43:31.242248,Morning,C,Medium,19,2,158.0,Medium,False,25.93,13.42,39.35,45,0,6,2,6,1,0.8744,-5.65,30.02,0,0,1,1.365
ORD-01471,2024-06-09 13:20:48.009601,Night,C,Medium,49,5,100.3,Low,True,28.09,25.55,53.64,45,1,6,2,6,1,1.192,8.64,49.15,0,0,0,0.573
ORD-01472,2024-06-09 15:58:04.776955,Night,C,Low,36,9,202.0,Medium,False,25.73,23.89,49.62,55,0,6,2,6,1,0.9022,-5.38,72.72,1,0,1,0.715
ORD-01473,2024-06-09 18:35:21.544308,Morning,A,Low,2,6,151.9,Low,False,9.27,8.64,17.91,55,0,6,2,6,1,0.3256,-37.09,3.04,0,0,1,4.635
ORD-01474,2024-06-09 21:12:38.311662,Morning,A,Urgent,2,1,195.3,Medium,True,8.19,3.21,11.4,28,0,6,2,6,1,0.4071,-16.6,3.91,0,0,0,4.095
ORD-01475,2024-06-09 23:49:55.079015,Morning,C,Medium,18,2,164.3,High,True,30.0,11.74,41.74,45,0,6,2,6,1,0.9276,-3.26,29.57,0,1,0,1.667
ORD-01476,2024-06-10 02:27:11.846369,Night,B,Low,11,9,149.5,Medium,True,12.75,6.45,19.2,55,0,6,2,0,0,0.3491,-35.8,16.44,1,0,0,1.159
ORD-01477,2024-06-10 05:04:28.613722,Evening,B,Urgent,21,5,110.1,Low,True,16.84,12.0,28.84,28,1,6,2,0,0,1.03,0.84,23.12,0,0,0,0.802
ORD-01478,2024-06-10 07:41:45.381076,Morning,A,Low,50,8,187.2,Low,True,24.28,19.94,44.22,55,0,6,2,0,0,0.804,-10.78,93.6,1,0,0,0.486
ORD-01479,2024-06-10 10:19:02.148429,Evening,D,Medium,10,9,167.7,Medium,True,9.99,11.11,21.1,45,0,6,2,0,0,0.4689,-23.9,16.77,1,0,0,0.999
ORD-01480,2024-06-10 12:56:18.915783,Morning,E,High,30,1,233.4,Low,True,30.65,18.78,49.43,38,1,6,2,0,0,1.3008,11.43,70.02,0,0,0,1.022
ORD-01481,2024-06-10 15:33:35.683136,Evening,C,High,25,5,183.1,High,False,28.3,18.15,46.45,38,1,6,2,0,0,1.2224,8.45,45.78,0,1,1,1.132
ORD-01482,2024-06-10 18:10:52.450490,Evening,E,Low,33,2,134.1,High,True,39.1,17.79,56.89,55,0,6,2,0,0,1.0344,1.89,44.25,0,1,0,1.185
ORD-01483,2024-06-10 20:48:09.217843,Morning,E,High,28,9,161.6,Low,True,17.19,16.43,33.62,38,0,6,2,0,0,0.8847,-4.38,45.25,1,0,0,0.614
ORD-01484,2024-06-10 23:25:25.985197,Night,A,High,26,5,166.9,High,True,26.25,12.67,38.92,38,0,6,2,0,0,1.0242,0.92,43.39,0,1,0,1.01
ORD-01485,2024-06-11 02:02:42.752550,Morning,A,High,14,9,196.5,Low,True,5.88,10.89,16.77,38,0,6,2,1,0,0.4413,-21.23,27.51,1,0,0,0.42
ORD-01486,2024-06-11 04:39:59.519903,Evening,A,Medium,49,3,202.9,Low,True,34.03,23.06,57.09,45,1,6,2,1,0,1.2687,12.09,99.42,0,0,0,0.694
ORD-01487,2024-06-11 07:17:16.287257,Evening,A,High,14,2,143.5,High,True,18.96,11.24,30.2,38,0,6,2,1,0,0.7947,-7.8,20.09,0,1,0,1.354
ORD-01488,2024-06-11 09:54:33.054610,Night,C,Medium,8,9,101.4,Medium,True,3.56,8.65,12.21,45,0,6,2,1,0,0.2713,-32.79,8.11,1,0,0,0.445
ORD-01489,2024-06-11 12:31:49.821964,Evening,B,High,5,7,75.8,Medium,True,10.16,6.69,16.85,38,0,6,2,1,0,0.4434,-21.15,3.79,1,0,0,2.032
ORD-01490,2024-06-11 15:09:06.589317,Night,E,Urgent,4,2,104.4,High,True,13.49,6.33,19.82,28,0,6,2,1,0,0.7079,-8.18,4.18,0,1,0,3.372
ORD-01491,2024-06-11 17:46:23.356671,Morning,C,High,18,7,126.3,Low,True,9.56,10.9,20.46,38,0,6,2,1,0,0.5384,-17.54,22.73,1,0,0,0.531
ORD-01492,2024-06-11 20:23:40.124024,Night,B,High,41,5,210.2,Medium,True,40.33,20.59,60.92,38,1,6,2,1,0,1.6032,22.92,86.18,0,0,0,0.984
ORD-01493,2024-06-11 23:00:56.891378,Morning,E,Medium,8,1,210.8,High,True,24.21,9.3,33.51,45,0,6,2,1,0,0.7447,-11.49,16.86,0,1,0,3.026
ORD-01494,2024-06-12 01:38:13.658731,Evening,E,Low,1,3,188.4,High,False,10.9,9.64,20.54,55,0,6,2,2,0,0.3735,-34.46,1.88,0,1,1,10.9
ORD-01495,2024-06-12 04:15:30.426085,Morning,D,Medium,27,8,199.2,Low,True,14.58,13.34,27.92,45,0,6,2,2,0,0.6204,-17.08,53.78,1,0,0,0.54
ORD-01496,2024-06-12 06:52:47.193438,Night,D,Low,29,2,121.7,Low,False,21.25,23.16,44.41,55,0,6,2,2,0,0.8075,-10.59,35.29,0,0,1,0.733
ORD-01497,2024-06-12 09:30:03.960792,Night,E,High,29,4,89.4,High,True,29.83,17.67,47.5,38,1,6,2,2,0,1.25,9.5,25.93,0,1,0,1.029
ORD-01498,2024-06-12 12:07:20.728145,Evening,C,High,1,3,109.7,Low,False,6.53,7.01,13.54,38,0,6,2,2,0,0.3563,-24.46,1.1,0,0,1,6.53
ORD-01499,2024-06-12 14:44:37.495499,Evening,E,Medium,11,8,68.6,High,True,7.82,8.36,16.18,45,0,6,2,2,0,0.3596,-28.82,7.55,1,1,0,0.711
ORD-01500,2024-06-12 17:21:54.262852,Evening,A,Low,18,9,105.4,Low,True,9.1,11.59,20.69,55,0,6,2,2,0,0.3762,-34.31,18.97,1,0,0,0.506
ORD-01501,2024-06-12 19:59:11.030206,Morning,C,High,37,8,129.8,Low,True,21.61,23.8,45.41,38,0,6,2,2,0,1.195,7.41,48.03,1,0,0,0.584
ORD-01502,2024-06-12 22:36:27.797559,Evening,C,Medium,33,8,156.7,Low,True,12.49,20.15,32.64,45,0,6,2,2,0,0.7253,-12.36,51.71,1,0,0,0.378
ORD-01503,2024-06-13 01:13:44.564912,Evening,A,Medium,41,1,155.4,Medium,True,39.01,20.52,59.53,45,1,6,2,3,0,1.3229,14.53,63.71,0,0,0,0.951
ORD-01504,2024-06-13 03:51:01.332266,Evening,A,Medium,28,10,122.4,Low,True,8.51,17.62,26.13,45,1,6,2,3,0,0.5807,-18.87,34.27,1,0,0,0.304
ORD-01505,2024-06-13 06:28:18.099619,Morning,A,Low,21,2,172.8,Low,True,23.57,16.61,40.18,55,0,6,2,3,0,0.7305,-14.82,36.29,0,0,0,1.122
ORD-01506,2024-06-13 09:05:34.866973,Night,B,High,28,5,123.2,High,True,37.0,21.06,58.06,38,1,6,2,3,0,1.5279,20.06,34.5,0,1,0,1.321
ORD-01507,2024-06-13 11:42:51.634326,Morning,A,Low,20,9,150.4,Low,False,12.81,21.24,34.05,55,0,6,2,3,0,0.6191,-20.95,30.08,1,0,1,0.641
ORD-01508,2024-06-13 14:20:08.401680,Evening,B,Medium,8,3,105.6,Medium,True,12.14,7.1,19.24,45,0,6,2,3,0,0.4276,-25.76,8.45,0,0,0,1.518
ORD-01509,2024-06-13 16:57:25.169033,Morning,D,Low,29,3,193.5,Low,False,23.52,20.06,43.58,55,0,6,2,3,0,0.7924,-11.42,56.12,0,0,1,0.811
ORD-01510,2024-06-13 19:34:41.936387,Morning,C,Medium,15,1,150.8,Medium,True,21.43,10.75,32.18,45,0,6,2,3,0,0.7151,-12.82,22.62,0,0,0,1.429
ORD-01511,2024-06-13 22:11:58.703740,Morning,D,Medium,14,4,177.2,Medium,True,10.2,11.97,22.17,45,0,6,2,3,0,0.4927,-22.83,24.81,0,0,0,0.729
ORD-01512,2024-06-14 00:49:15.471094,Morning,A,Low,36,5,101.4,High,True,30.44,18.72,49.16,55,0,6,2,4,0,0.8938,-5.84,36.5,0,1,0,0.846
ORD-01513,2024-06-14 03:26:32.238447,Evening,D,Urgent,4,5,157.0,Low,True,9.11,6.31,15.42,28,0,6,2,4,0,0.5507,-12.58,6.28,0,0,0,2.278
ORD-01514,2024-06-14 06:03:49.005801,Evening,A,High,2,1,172.9,Medium,True,8.08,2.0,10.08,38,0,6,2,4,0,0.2653,-27.92,3.46,0,0,0,4.04
ORD-01515,2024-06-14 08:41:05.773154,Evening,B,Low,18,3,68.2,Low,True,18.56,14.67,33.23,55,0,6,2,4,0,0.6042,-21.77,12.28,0,0,0,1.031
ORD-01516,2024-06-14 11:18:22.540508,Evening,C,Low,30,1,196.7,Medium,True,34.74,17.85,52.59,55,0,6,2,4,0,0.9562,-2.41,59.01,0,0,0,1.158
ORD-01517,2024-06-14 13:55:39.307861,Morning,E,High,42,3,100.0,Low,True,32.98,26.22,59.2,38,1,6,2,4,0,1.5579,21.2,42.0,0,0,0,0.785
ORD-01518,2024-06-14 16:32:56.075215,Morning,E,Low,26,7,158.4,Medium,True,19.32,15.02,34.34,55,0,6,2,4,0,0.6244,-20.66,41.18,1,0,0,0.743
ORD-01519,2024-06-14 19:10:12.842568,Evening,D,Medium,13,1,221.5,Low,True,18.38,8.98,27.36,45,0,6,2,4,0,0.608,-17.64,28.8,0,0,0,1.414
ORD-01520,2024-06-14 21:47:29.609921,Evening,D,Low,18,2,188.2,Medium,False,22.25,16.93,39.18,55,0,6,2,4,0,0.7124,-15.82,33.88,0,0,1,1.236
ORD-01521,2024-06-15 00:24:46.377275,Evening,C,Medium,19,6,90.4,Low,True,5.05,15.05,20.1,45,0,6,2,5,1,0.4467,-24.9,17.18,0,0,0,0.266
ORD-01522,2024-06-15 03:02:03.144628,Morning,C,Urgent,17,6,142.9,Medium,True,14.63,10.63,25.26,28,0,6,2,5,1,0.9021,-2.74,24.29,0,0,0,0.861
ORD-01523,2024-06-15 05:39:19.911982,Night,A,Low,34,9,199.3,Low,False,17.09,23.36,40.45,55,1,6,2,5,1,0.7355,-14.55,67.76,1,0,1,0.503
ORD-01524,2024-06-15 08:16:36.679335,Morning,B,Urgent,40,6,117.3,Medium,True,28.47,22.58,51.05,28,1,6,2,5,1,1.8232,23.05,46.92,0,0,0,0.712
ORD-01525,2024-06-15 10:53:53.446689,Evening,E,High,36,10,135.6,High,True,24.32,21.58,45.9,38,0,6,2,5,1,1.2079,7.9,48.82,1,1,0,0.676
ORD-01526,2024-06-15 13:31:10.214042,Morning,E,Urgent,20,8,134.5,Low,False,12.8,13.15,25.95,28,0,6,2,5,1,0.9268,-2.05,26.9,1,0,1,0.64
ORD-01527,2024-06-15 16:08:26.981396,Evening,B,High,15,6,172.8,Low,True,17.4,13.6,31.0,38,0,6,2,5,1,0.8158,-7.0,25.92,0,0,0,1.16
ORD-01528,2024-06-15 18:45:43.748749,Evening,A,High,4,4,88.5,Medium,False,8.51,13.32,21.83,38,0,6,2,5,1,0.5745,-16.17,3.54,0,0,1,2.128
ORD-01529,2024-06-15 21:23:00.516103,Evening,A,Medium,40,2,175.0,Low,False,29.9,28.06,57.96,45,1,6,2,5,1,1.288,12.96,70.0,0,0,1,0.747
ORD-01530,2024-06-16 00:00:17.283456,Morning,C,High,49,8,125.1,Medium,True,27.11,23.06,50.17,38,1,6,2,6,1,1.3203,12.17,61.3,1,0,0,0.553
ORD-01531,2024-06-16 02:37:34.050810,Evening,A,Low,3,10,149.5,Low,True,6.8,6.93,13.73,55,0,6,2,6,1,0.2496,-41.27,4.49,1,0,0,2.267
ORD-01532,2024-06-16 05:14:50.818163,Morning,C,High,7,4,141.0,Low,True,9.98,9.56,19.54,38,0,6,2,6,1,0.5142,-18.46,9.87,0,0,0,1.426
ORD-01533,2024-06-16 07:52:07.585517,Evening,A,High,11,4,174.0,High,False,13.88,10.13,24.01,38,0,6,2,6,1,0.6318,-13.99,19.14,0,1,1,1.262
ORD-01534,2024-06-16 10:29:24.352870,Morning,A,Low,40,1,149.2,Low,True,31.59,19.48,51.07,55,1,6,2,6,1,0.9285,-3.93,59.68,0,0,0,0.79
ORD-01535,2024-06-16 13:06:41.120224,Morning,B,Medium,11,6,207.6,Medium,True,19.7,5.77,25.47,45,0,6,2,6,1,0.566,-19.53,22.84,0,0,0,1.791
ORD-01536,2024-06-16 15:43:57.887577,Evening,D,Medium,1,4,189.6,Low,True,10.23,3.51,13.74,45,0,6,2,6,1,0.3053,-31.26,1.9,0,0,0,10.23
ORD-01537,2024-06-16 18:21:14.654930,Morning,B,Medium,17,1,118.2,Low,True,20.89,10.88,31.77,45,0,6,2,6,1,0.706,-13.23,20.09,0,0,0,1.229
ORD-01538,2024-06-16 20:58:31.422284,Morning,C,Low,19,1,204.6,Medium,True,24.35,11.58,35.93,55,0,6,2,6,1,0.6533,-19.07,38.87,0,0,0,1.282
ORD-01539,2024-06-16 23:35:48.189637,Night,C,Medium,20,4,162.8,Medium,False,18.36,18.7,37.06,45,1,6,2,6,1,0.8236,-7.94,32.56,0,0,1,0.918
ORD-01540,2024-06-17 02:13:04.956991,Night,D,Medium,26,5,156.8,High,True,28.72,15.84,44.56,45,1,6,2,0,0,0.9902,-0.44,40.77,0,1,0,1.105
ORD-01541,2024-06-17 04:50:21.724344,Night,B,Medium,13,5,183.9,Low,True,18.57,11.02,29.59,45,0,6,2,0,0,0.6576,-15.41,23.91,0,0,0,1.428
ORD-01542,2024-06-17 07:27:38.491698,Morning,D,Low,2,8,108.4,Low,False,7.32,2.0,9.32,55,0,6,2,0,0,0.1695,-45.68,2.17,1,0,1,3.66
ORD-01543,2024-06-17 10:04:55.259051,Evening,B,Medium,6,6,94.8,Low,True,11.97,9.28,21.25,45,0,6,2,0,0,0.4722,-23.75,5.69,0,0,0,1.995
ORD-01544,2024-06-17 12:42:12.026405,Night,C,Medium,37,8,151.0,Medium,True,20.67,17.1,37.77,45,0,6,2,0,0,0.8393,-7.23,55.87,1,0,0,0.559
ORD-01545,2024-06-17 15:19:28.793758,Morning,C,Medium,33,3,125.7,Medium,True,26.68,19.1,45.78,45,0,6,2,0,0,1.0173,0.78,41.48,0,0,0,0.808
ORD-01546,2024-06-17 17:56:45.561112,Evening,E,Low,14,3,232.9,Medium,False,22.81,16.55,39.36,55,0,6,2,0,0,0.7156,-15.64,32.61,0,0,1,1.629
ORD-01547,2024-06-17 20:34:02.328465,Morning,E,Urgent,48,6,119.4,High,False,41.59,32.31,73.9,28,1,6,2,0,0,2.6393,45.9,57.31,0,1,1,0.866
ORD-01548,2024-06-17 23:11:19.095819,Night,D,Medium,28,2,151.6,Low,True,18.37,16.1,34.47,45,0,6,2,0,0,0.766,-10.53,42.45,0,0,0,0.656
ORD-01549,2024-06-18 01:48:35.863172,Evening,E,Medium,40,8,157.7,High,True,32.22,24.79,57.01,45,0,6,2,1,0,1.2669,12.01,63.08,1,1,0,0.806
ORD-01550,2024-06-18 04:25:52.630526,Evening,A,Medium,40,2,199.3,High,True,47.52,17.45,64.97,45,1,6,2,1,0,1.4438,19.97,79.72,0,1,0,1.188
ORD-01551,2024-06-18 07:03:09.397879,Evening,C,High,16,10,110.2,Low,True,5.12,12.77,17.89,38,0,6,2,1,0,0.4708,-20.11,17.63,1,0,0,0.32
ORD-01552,2024-06-18 09:40:26.165233,Morning,A,Medium,30,10,85.5,Low,True,8.41,14.36,22.77,45,0,6,2,1,0,0.506,-22.23,25.65,1,0,0,0.28
ORD-01553,2024-06-18 12:17:42.932586,Morning,B,Medium,30,6,205.8,Medium,True,33.66,17.85,51.51,45,0,6,2,1,0,1.1447,6.51,61.74,0,0,0,1.122
ORD-01554,2024-06-18 14:54:59.699939,Evening,C,Medium,23,4,153.2,Medium,True,27.34,14.57,41.91,45,1,6,2,1,0,0.9313,-3.09,35.24,0,0,0,1.189
ORD-01555,2024-06-18 17:32:16.467293,Evening,D,Medium,32,4,182.4,Low,True,21.68,15.35,37.03,45,1,6,2,1,0,0.8229,-7.97,58.37,0,0,0,0.678
ORD-01556,2024-06-18 20:09:33.234646,Evening,D,Medium,17,5,184.3,Low,True,15.17,9.91,25.08,45,0,6,2,1,0,0.5573,-19.92,31.33,0,0,0,0.892
ORD-01557,2024-06-18 22:46:50.002000,Morning,E,Urgent,5,5,191.2,Medium,True,11.17,3.94,15.11,28,0,6,2,1,0,0.5396,-12.89,9.56,0,0,0,2.234
ORD-01558,2024-06-19 01:24:06.769353,Evening,C,Urgent,3,1,134.9,High,False,13.6,7.61,21.21,28,0,6,2,2,0,0.7575,-6.79,4.05,0,1,1,4.533
ORD-01559,2024-06-19 04:01:23.536707,Morning,E,Medium,23,2,124.0,High,True,28.56,14.1,42.66,45,0,6,2,2,0,0.948,-2.34,28.52,0,1,0,1.242
ORD-01560,2024-06-19 06:38:40.304060,Morning,E,Low,46,8,70.1,High,True,29.67,24.86,54.53,55,0,6,2,2,0,0.9915,-0.47,32.25,1,1,0,0.645
ORD-01561,2024-06-19 09:15:57.071414,Night,D,Medium,11,1,110.2,Medium,True,19.7,9.06,28.76,45,0,6,2,2,0,0.6391,-16.24,12.12,0,0,0,1.791
ORD-01562,2024-06-19 11:53:13.838767,Evening,A,Urgent,30,5,152.5,Medium,False,23.79,22.08,45.87,28,1,6,2,2,0,1.6382,17.87,45.75,0,0,1,0.793
ORD-01563,2024-06-19 14:30:30.606121,Evening,C,Urgent,9,9,121.9,Low,True,3.0,11.16,14.16,28,0,6,2,2,0,0.5057,-13.84,10.97,1,0,0,0.333
ORD-01564,2024-06-19 17:07:47.373474,Night,D,Medium,32,1,104.4,Medium,False,28.98,24.74,53.72,45,0,6,2,2,0,1.1938,8.72,33.41,0,0,1,0.906
ORD-01565,2024-06-19 19:45:04.140828,Morning,E,Low,10,10,152.0,High,True,13.67,11.08,24.75,55,0,6,2,2,0,0.45,-30.25,15.2,1,1,0,1.367
ORD-01566,2024-06-19 22:22:20.908181,Night,A,Low,23,5,203.7,High,True,28.74,13.38,42.12,55,0,6,2,2,0,0.7658,-12.88,46.85,0,1,0,1.25
ORD-01567,2024-06-20 00:59:37.675535,Evening,B,High,41,5,147.8,Medium,True,39.19,20.91,60.1,38,1,6,2,3,0,1.5816,22.1,60.6,0,0,0,0.956
ORD-01568,2024-06-20 03:36:54.442888,Evening,B,Medium,19,8,104.7,Low,True,11.43,9.46,20.89,45,0,6,2,3,0,0.4642,-24.11,19.89,1,0,0,0.602
ORD-01569,2024-06-20 06:14:11.210242,Morning,B,Medium,47,8,200.9,Low,True,29.32,25.91,55.23,45,1,6,2,3,0,1.2273,10.23,94.42,1,0,0,0.624
ORD-01570,2024-06-20 08:51:27.977595,Morning,D,Medium,3,5,119.0,Medium,True,6.28,6.5,12.78,45,0,6,2,3,0,0.284,-32.22,3.57,0,0,0,2.093
ORD-01571,2024-06-20 11:28:44.744948,Evening,A,Medium,5,1,209.2,Low,True,12.54,11.11,23.65,45,0,6,2,3,0,0.5256,-21.35,10.46,0,0,0,2.508
ORD-01572,2024-06-20 14:06:01.512302,Morning,B,Urgent,9,10,139.5,Low,True,6.96,4.86,11.82,28,0,6,2,3,0,0.4221,-16.18,12.56,1,0,0,0.773
ORD-01573,2024-06-20 16:43:18.279655,Morning,D,Medium,13,1,154.1,High,True,24.4,12.06,36.46,45,0,6,2,3,0,0.8102,-8.54,20.03,0,1,0,1.877
ORD-01574,2024-06-20 19:20:35.047009,Evening,B,Medium,22,9,212.4,Low,True,20.17,11.67,31.84,45,0,6,2,3,0,0.7076,-13.16,46.73,1,0,0,0.917
ORD-01575,2024-06-20 21:57:51.814362,Evening,A,High,46,5,95.9,Low,True,28.36,20.79,49.15,38,0,6,2,3,0,1.2934,11.15,44.11,0,0,0,0.617
ORD-01576,2024-06-21 00:35:08.581716,Morning,C,High,13,6,108.0,Low,True,8.04,8.83,16.87,38,0,6,2,4,0,0.4439,-21.13,14.04,0,0,0,0.618
ORD-01577,2024-06-21 03:12:25.349069,Evening,C,High,18,8,136.9,Low,False,9.02,16.23,25.25,38,0,6,2,4,0,0.6645,-12.75,24.64,1,0,1,0.501
ORD-01578,2024-06-21 05:49:42.116423,Night,E,High,3,10,144.4,Low,True,5.15,4.56,9.71,38,0,6,2,4,0,0.2555,-28.29,4.33,1,0,0,1.717
ORD-01579,2024-06-21 08:26:58.883776,Evening,D,Low,36,2,255.7,Low,False,31.89,23.73,55.62,55,1,6,2,4,0,1.0113,0.62,92.05,0,0,1,0.886
ORD-01580,2024-06-21 11:04:15.651130,Night,E,Low,28,9,114.5,Medium,True,16.42,18.98,35.4,55,1,6,2,4,0,0.6436,-19.6,32.06,1,0,0,0.586
ORD-01581,2024-06-21 13:41:32.418483,Evening,A,Low,3,7,97.8,Low,True,5.33,3.98,9.31,55,0,6,2,4,0,0.1693,-45.69,2.93,1,0,0,1.777
ORD-01582,2024-06-21 16:18:49.185837,Morning,D,High,24,4,112.6,Medium,False,22.67,19.82,42.49,38,0,6,2,4,0,1.1182,4.49,27.02,0,0,1,0.945
ORD-01583,2024-06-21 18:56:05.953190,Morning,C,Urgent,11,5,159.3,High,True,16.7,12.82,29.52,28,1,6,2,4,0,1.0543,1.52,17.52,0,1,0,1.518
ORD-01584,2024-06-21 21:33:22.720544,Night,D,Medium,22,8,169.7,Medium,True,16.87,15.96,32.83,45,1,6,2,4,0,0.7296,-12.17,37.33,1,0,0,0.767
ORD-01585,2024-06-22 00:10:39.487897,Evening,C,High,15,2,121.7,Medium,False,18.95,9.12,28.07,38,0,6,2,5,1,0.7387,-9.93,18.26,0,0,1,1.263
ORD-01586,2024-06-22 02:47:56.255251,Night,A,High,40,6,150.8,Medium,True,27.12,19.53,46.65,38,1,6,2,5,1,1.2276,8.65,60.32,0,0,0,0.678
ORD-01587,2024-06-22 05:25:13.022604,Night,A,Urgent,3,8,227.8,Medium,True,11.41,6.18,17.59,28,0,6,2,5,1,0.6282,-10.41,6.83,1,0,0,3.803
ORD-01588,2024-06-22 08:02:29.789957,Morning,D,Medium,30,6,151.4,Low,True,15.62,24.15,39.77,45,1,6,2,5,1,0.8838,-5.23,45.42,0,0,0,0.521
ORD-01589,2024-06-22 10:39:46.557311,Morning,D,Low,40,5,162.8,High,False,32.01,27.0,59.01,55,0,6,2,5,1,1.0729,4.01,65.12,0,1,1,0.8
ORD-01590,2024-06-22 13:17:03.324664,Evening,A,High,1,6,225.6,Low,True,9.66,8.92,18.58,38,0,6,2,5,1,0.4889,-19.42,2.26,0,0,0,9.66
ORD-01591,2024-06-22 15:54:20.092018,Morning,C,High,46,6,122.1,Medium,True,26.07,21.48,47.55,38,1,6,2,5,1,1.2513,9.55,56.17,0,0,0,0.567
ORD-01592,2024-06-22 18:31:36.859371,Evening,D,High,39,9,119.5,Medium,True,19.57,19.73,39.3,38,1,6,2,5,1,1.0342,1.3,46.6,1,0,0,0.502
ORD-01593,2024-06-22 21:08:53.626725,Night,C,High,14,9,131.2,High,True,9.83,10.99,20.82,38,0,6,2,5,1,0.5479,-17.18,18.37,1,1,0,0.702
ORD-01594,2024-06-22 23:46:10.394078,Evening,B,Medium,25,10,128.9,Medium,True,20.88,13.16,34.04,45,1,6,2,5,1,0.7564,-10.96,32.22,1,0,0,0.835
ORD-01595,2024-06-23 02:23:27.161432,Morning,E,High,35,1,77.2,Medium,True,31.28,21.15,52.43,38,1,6,2,6,1,1.3797,14.43,27.02,0,0,0,0.894
ORD-01596,2024-06-23 05:00:43.928785,Evening,C,Medium,26,4,155.5,Medium,False,27.77,17.69,45.46,45,0,6,2,6,1,1.0102,0.46,40.43,0,0,1,1.068
ORD-01597,2024-06-23 07:38:00.696139,Morning,D,Medium,38,9,158.7,Medium,False,18.61,26.7,45.31,45,1,6,2,6,1,1.0069,0.31,60.31,1,0,1,0.49
ORD-01598,2024-06-23 10:15:17.463492,Night,C,Medium,45,7,142.6,Low,False,23.26,32.1,55.36,45,1,6,2,6,1,1.2302,10.36,64.17,1,0,1,0.517
ORD-01599,2024-06-23 12:52:34.230846,Morning,D,Low,18,4,159.9,High,False,23.74,16.82,40.56,55,0,6,2,6,1,0.7375,-14.44,28.78,0,1,1,1.319
ORD-01600,2024-06-23 15:29:50.998199,Night,A,Low,6,7,160.3,High,True,11.96,6.67,18.63,55,0,6,2,6,1,0.3387,-36.37,9.62,1,1,0,1.993
ORD-01601,2024-06-23 18:07:07.765553,Evening,E,High,22,5,97.4,Low,True,15.29,10.43,25.72,38,0,6,2,6,1,0.6768,-12.28,21.43,0,0,0,0.695
ORD-01602,2024-06-23 20:44:24.532906,Evening,B,High,30,9,161.5,Low,True,18.55,17.69,36.24,38,1,6,2,6,1,0.9537,-1.76,48.45,1,0,0,0.618
ORD-01603,2024-06-23 23:21:41.300260,Evening,D,Medium,39,6,172.3,High,True,30.86,22.16,53.02,45,1,6,2,6,1,1.1782,8.02,67.2,0,1,0,0.791
ORD-01604,2024-06-24 01:58:58.067613,Morning,E,Medium,15,5,86.1,Low,False,17.28,14.3,31.58,45,0,6,2,0,0,0.7018,-13.42,12.92,0,0,1,1.152
ORD-01605,2024-06-24 04:36:14.834966,Evening,C,Low,47,7,208.5,Low,True,22.85,24.87,47.72,55,0,6,2,0,0,0.8676,-7.28,98.0,1,0,0,0.486
ORD-01606,2024-06-24 07:13:31.602320,Night,C,Medium,2,2,100.6,Low,True,3.17,4.88,8.05,45,0,6,2,0,0,0.1789,-36.95,2.01,0,0,0,1.585
ORD-01607,2024-06-24 09:50:48.369673,Night,A,Medium,30,8,104.5,Low,True,17.14,16.83,33.97,45,0,6,2,0,0,0.7549,-11.03,31.35,1,0,0,0.571
ORD-01608,2024-06-24 12:28:05.137027,Morning,B,Medium,22,3,158.1,Medium,True,32.64,12.86,45.5,45,1,6,2,0,0,1.0111,0.5,34.78,0,0,0,1.484
ORD-01609,2024-06-24 15:05:21.904380,Evening,C,Urgent,35,1,171.4,Medium,False,34.33,26.55,60.88,28,1,6,2,0,0,2.1743,32.88,59.99,0,0,1,0.981
ORD-01610,2024-06-24 17:42:38.671734,Night,A,Medium,15,1,181.1,Medium,True,16.92,10.82,27.74,45,0,6,2,0,0,0.6164,-17.26,27.16,0,0,0,1.128
ORD-01611,2024-06-24 20:19:55.439087,Night,A,High,47,1,172.4,Low,True,40.0,19.25,59.25,38,1,6,2,0,0,1.5592,21.25,81.03,0,0,0,0.851
ORD-01612,2024-06-24 22:57:12.206441,Evening,E,High,1,2,129.2,Medium,False,6.04,10.11,16.15,38,0,6,2,0,0,0.425,-21.85,1.29,0,0,1,6.04
ORD-01613,2024-06-25 01:34:28.973794,Morning,B,Low,41,1,154.3,Low,True,42.4,20.81,63.21,55,1,6,2,1,0,1.1493,8.21,63.26,0,0,0,1.034
ORD-01614,2024-06-25 04:11:45.741148,Night,B,Medium,25,4,137.3,Medium,True,29.27,14.93,44.2,45,1,6,2,1,0,0.9822,-0.8,34.33,0,0,0,1.171
ORD-01615,2024-06-25 06:49:02.508501,Morning,B,Low,26,10,157.0,Low,True,13.15,14.51,27.66,55,0,6,2,1,0,0.5029,-27.34,40.82,1,0,0,0.506
ORD-01616,2024-06-25 09:26:19.275855,Morning,C,Medium,16,2,152.7,High,True,27.09,11.13,38.22,45,0,6,2,1,0,0.8493,-6.78,24.43,0,1,0,1.693
ORD-01617,2024-06-25 12:03:36.043208,Night,C,Urgent,20,7,129.8,High,True,18.82,10.96,29.78,28,1,6,2,1,0,1.0636,1.78,25.96,1,1,0,0.941
ORD-01618,2024-06-25 14:40:52.810562,Morning,D,Medium,22,9,136.1,Medium,True,10.25,7.56,17.81,45,0,6,2,1,0,0.3958,-27.19,29.94,1,0,0,0.466
ORD-01619,2024-06-25 17:18:09.577915,Night,C,Medium,16,9,75.9,Medium,True,7.24,9.04,16.28,45,0,6,2,1,0,0.3618,-28.72,12.14,1,0,0,0.452
ORD-01620,2024-06-25 19:55:26.345269,Morning,A,Medium,1,4,183.2,Medium,True,12.84,3.96,16.8,45,0,6,2,1,0,0.3733,-28.2,1.83,0,0,0,12.84
ORD-01621,2024-06-25 22:32:43.112622,Evening,C,Medium,21,1,161.9,Low,False,21.03,19.21,40.24,45,1,6,2,1,0,0.8942,-4.76,34.0,0,0,1,1.001
ORD-01622,2024-06-26 01:09:59.879975,Night,A,Urgent,21,4,57.7,Medium,True,16.76,14.11,30.87,28,1,6,2,2,0,1.1025,2.87,12.12,0,0,0,0.798
ORD-01623,2024-06-26 03:47:16.647329,Night,D,Medium,37,7,181.7,High,False,28.71,28.16,56.87,45,1,6,2,2,0,1.2638,11.87,67.23,1,1,1,0.776
ORD-01624,2024-06-26 06:24:33.414682,Night,A,High,24,8,147.9,High,True,14.93,15.01,29.94,38,0,6,2,2,0,0.7879,-8.06,35.5,1,1,0,0.622
ORD-01625,2024-06-26 09:01:50.182036,Night,A,Low,28,2,112.5,Medium,False,26.86,22.77,49.63,55,1,6,2,2,0,0.9024,-5.37,31.5,0,0,1,0.959
ORD-01626,2024-06-26 11:39:06.949389,Morning,C,Low,24,4,109.0,Medium,False,23.18,20.52,43.7,55,1,6,2,2,0,0.7945,-11.3,26.16,0,0,1,0.966
ORD-01627,2024-06-26 14:16:23.716743,Night,A,Medium,22,7,122.5,Low,True,17.49,16.61,34.1,45,1,6,2,2,0,0.7578,-10.9,26.95,1,0,0,0.795
ORD-01628,2024-06-26 16:53:40.484096,Night,C,Urgent,36,8,112.7,Low,True,12.72,25.33,38.05,28,1,6,2,2,0,1.3589,10.05,40.57,1,0,0,0.353
ORD-01629,2024-06-26 19:30:57.251450,Evening,C,Medium,34,4,118.1,Medium,True,19.26,18.02,37.28,45,0,6,2,2,0,0.8284,-7.72,40.15,0,0,0,0.566
ORD-01630,2024-06-26 22:08:14.018803,Evening,E,High,50,9,218.0,High,True,37.84,28.6,66.44,38,1,6,2,2,0,1.7484,28.44,109.0,1,1,0,0.757
ORD-01631,2024-06-27 00:45:30.786157,Morning,A,Low,25,9,164.8,High,False,17.22,17.05,34.27,55,0,6,2,3,0,0.6231,-20.73,41.2,1,1,1,0.689
ORD-01632,2024-06-27 03:22:47.553510,Evening,C,High,2,4,231.4,High,True,12.63,5.93,18.56,38,0,6,2,3,0,0.4884,-19.44,4.63,0,1,0,6.315
ORD-01633,2024-06-27 06:00:04.320864,Evening,D,Medium,30,6,159.0,Low,False,18.07,23.4,41.47,45,0,6,2,3,0,0.9216,-3.53,47.7,0,0,1,0.602
ORD-01634,2024-06-27 08:37:21.088217,Evening,A,High,20,5,173.2,Medium,True,17.84,13.89,31.73,38,0,6,2,3,0,0.835,-6.27,34.64,0,0,0,0.892
ORD-01635,2024-06-27 11:14:37.855571,Evening,C,Medium,5,7,114.8,Medium,True,4.03,6.98,11.01,45,0,6,2,3,0,0.2447,-33.99,5.74,1,0,0,0.806
ORD-01636,2024-06-27 13:51:54.622924,Evening,E,Low,43,4,143.3,Medium,True,35.45,22.85,58.3,55,1,6,2,3,0,1.06,3.3,61.62,0,0,0,0.824
ORD-01637,2024-06-27 16:29:11.390278,Morning,D,Urgent,32,4,146.7,Low,True,22.42,13.48,35.9,28,0,6,2,3,0,1.2821,7.9,46.94,0,0,0,0.701
ORD-01638,2024-06-27 19:06:28.157631,Night,E,Medium,32,5,174.8,Medium,True,28.64,20.05,48.69,45,0,6,2,3,0,1.082,3.69,55.94,0,0,0,0.895
ORD-01639,2024-06-27 21:43:44.924984,Morning,D,Medium,32,3,148.0,Low,True,22.92,16.67,39.59,45,0,6,2,3,0,0.8798,-5.41,47.36,0,0,0,0.716
ORD-01640,2024-06-28 00:21:01.692338,Morning,B,Medium,50,6,164.1,Medium,False,45.06,32.72,77.78,45,1,6,2,4,0,1.7284,32.78,82.05,0,0,1,0.901
ORD-01641,2024-06-28 02:58:18.459691,Morning,E,Low,35,10,162.6,High,True,19.0,16.03,35.03,55,0,6,2,4,0,0.6369,-19.97,56.91,1,1,0,0.543
ORD-01642,2024-06-28 05:35:35.227045,Night,A,Medium,36,4,137.9,Medium,True,27.89,20.59,48.48,45,1,6,2,4,0,1.0773,3.48,49.64,0,0,0,0.775
ORD-01643,2024-06-28 08:12:51.994398,Night,C,Medium,38,9,133.8,Low,False,17.8,26.0,43.8,45,1,6,2,4,0,0.9733,-1.2,50.84,1,0,1,0.468
ORD-01644,2024-06-28 10:50:08.761752,Morning,D,Low,37,5,123.2,Medium,False,23.78,23.05,46.83,55,0,6,2,4,0,0.8515,-8.17,45.58,0,0,1,0.643
ORD-01645,2024-06-28 13:27:25.529105,Morning,E,Medium,36,2,193.3,Medium,True,36.25,18.4,54.65,45,0,6,2,4,0,1.2144,9.65,69.59,0,0,0,1.007
ORD-01646,2024-06-28 16:04:42.296459,Evening,E,High,4,5,137.9,Medium,True,7.52,8.01,15.53,38,0,6,2,4,0,0.4087,-22.47,5.52,0,0,0,1.88
ORD-01647,2024-06-28 18:41:59.063812,Morning,A,Urgent,21,5,163.2,Low,False,15.41,17.56,32.97,28,0,6,2,4,0,1.1775,4.97,34.27,0,0,1,0.734
ORD-01648,2024-06-28 21:19:15.831166,Evening,D,High,14,1,143.7,Medium,True,19.76,8.87,28.63,38,0,6,2,4,0,0.7534,-9.37,20.12,0,0,0,1.411
ORD-01649,2024-06-28 23:56:32.598519,Morning,A,Medium,45,5,192.5,High,True,45.12,22.65,67.77,45,1,6,2,4,0,1.506,22.77,86.62,0,1,0,1.003
ORD-01650,2024-06-29 02:33:49.365873,Evening,D,High,30,2,70.5,Low,False,22.62,19.53,42.15,38,0,6,2,5,1,1.1092,4.15,21.15,0,0,1,0.754
ORD-01651,2024-06-29 05:11:06.133226,Morning,D,Medium,26,8,162.1,Medium,True,12.34,18.62,30.96,45,0,6,2,5,1,0.688,-14.04,42.15,1,0,0,0.475
ORD-01652,2024-06-29 07:48:22.900580,Evening,A,High,27,6,99.8,High,True,19.84,14.66,34.5,38,0,6,2,5,1,0.9079,-3.5,26.95,0,1,0,0.735
ORD-01653,2024-06-29 10:25:39.667933,Evening,D,Low,35,4,165.6,Medium,True,29.0,23.6,52.6,55,0,6,2,5,1,0.9564,-2.4,57.96,0,0,0,0.829
ORD-01654,2024-06-29 13:02:56.435287,Morning,C,Low,39,1,144.1,High,True,49.85,20.33,70.18,55,1,6,2,5,1,1.276,15.18,56.2,0,1,0,1.278
ORD-01655,2024-06-29 15:40:13.202640,Morning,C,High,11,6,90.9,Medium,True,7.56,10.8,18.36,38,0,6,2,5,1,0.4832,-19.64,10.0,0,0,0,0.687
ORD-01656,2024-06-29 18:17:29.969993,Morning,E,Low,50,8,163.5,Medium,True,30.74,28.14,58.88,55,1,6,2,5,1,1.0705,3.88,81.75,1,0,0,0.615
ORD-01657,2024-06-29 20:54:46.737347,Morning,C,High,39,5,159.0,Medium,False,27.38,27.38,54.76,38,1,6,2,5,1,1.4411,16.76,62.01,0,0,1,0.702
ORD-01658,2024-06-29 23:32:03.504700,Night,C,High,11,10,140.8,Low,False,7.85,11.58,19.43,38,0,6,2,5,1,0.5113,-18.57,15.49,1,0,1,0.714
ORD-01659,2024-06-30 02:09:20.272054,Morning,A,Low,31,2,145.8,Low,True,22.84,12.74,35.58,55,0,6,2,6,1,0.6469,-19.42,45.2,0,0,0,0.737
ORD-01660,2024-06-30 04:46:37.039407,Morning,A,Medium,22,8,156.5,Medium,True,15.62,16.79,32.41,45,0,6,2,6,1,0.7202,-12.59,34.43,1,0,0,0.71
ORD-01661,2024-06-30 07:23:53.806761,Morning,A,High,19,5,197.1,Low,False,13.5,19.52,33.02,38,1,6,2,6,1,0.8689,-4.98,37.45,0,0,1,0.711
ORD-01662,2024-06-30 10:01:10.574114,Night,B,High,44,4,137.4,Low,True,33.34,22.13,55.47,38,1,6,2,6,1,1.4597,17.47,60.46,0,0,0,0.758
ORD-01663,2024-06-30 12:38:27.341468,Night,B,High,15,3,190.5,High,True,39.98,10.53,50.51,38,1,6,2,6,1,1.3292,12.51,28.58,0,1,0,2.665
ORD-01664,2024-06-30 15:15:44.108821,Night,C,Medium,42,5,148.5,Low,True,26.82,22.63,49.45,45,1,6,2,6,1,1.0989,4.45,62.37,0,0,0,0.639
ORD-01665,2024-06-30 17:53:00.876175,Evening,D,High,32,1,201.8,Low,True,33.16,13.76,46.92,38,0,6,2,6,1,1.2347,8.92,64.58,0,0,0,1.036
ORD-01666,2024-06-30 20:30:17.643528,Night,A,Medium,41,7,140.6,Medium,True,28.65,23.14,51.79,45,1,6,2,6,1,1.1509,6.79,57.65,1,0,0,0.699
ORD-01667,2024-06-30 23:07:34.410882,Evening,C,Low,38,5,123.3,Low,True,19.57,18.11,37.68,55,0,6,2,6,1,0.6851,-17.32,46.85,0,0,0,0.515
ORD-01668,2024-07-01 01:44:51.178235,Night,E,High,32,7,106.1,Medium,True,22.11,16.29,38.4,38,1,7,3,0,0,1.0105,0.4,33.95,1,0,0,0.691
ORD-01669,2024-07-01 04:22:07.945589,Night,A,Medium,10,6,148.6,Low,True,6.46,4.84,11.3,45,0,7,3,0,0,0.2511,-33.7,14.86,0,0,0,0.646
ORD-01670,2024-07-01 06:59:24.712942,Morning,C,Low,50,10,118.3,Medium,True,21.51,23.42,44.93,55,1,7,3,0,0,0.8169,-10.07,59.15,1,0,0,0.43
ORD-01671,2024-07-01 09:36:41.480296,Evening,A,Medium,33,1,206.2,Medium,True,30.82,16.79,47.61,45,0,7,3,0,0,1.058,2.61,68.05,0,0,0,0.934
ORD-01672,2024-07-01 12:13:58.247649,Morning,C,High,18,5,115.2,Medium,True,12.02,10.47,22.49,38,0,7,3,0,0,0.5918,-15.51,20.74,0,0,0,0.668
ORD-01673,2024-07-01 14:51:15.015003,Morning,D,Urgent,13,6,122.4,Low,False,7.41,12.96,20.37,28,0,7,3,0,0,0.7275,-7.63,15.91,0,0,1,0.57
ORD-01674,2024-07-01 17:28:31.782356,Night,A,Urgent,6,3,173.2,Medium,True,11.5,8.01,19.51,28,0,7,3,0,0,0.6968,-8.49,10.39,0,0,0,1.917
ORD-01675,2024-07-01 20:05:48.549709,Morning,B,Medium,16,7,197.4,Low,True,17.62,10.74,28.36,45,0,7,3,0,0,0.6302,-16.64,31.58,1,0,0,1.101
ORD-01676,2024-07-01 22:43:05.317063,Evening,E,Medium,7,4,179.2,Medium,True,11.64,9.52,21.16,45,0,7,3,0,0,0.4702,-23.84,12.54,0,0,0,1.663
ORD-01677,2024-07-02 01:20:22.084416,Night,A,High,45,8,192.3,Low,True,22.75,22.43,45.18,38,1,7,3,1,0,1.1889,7.18,86.54,1,0,0,0.506
ORD-01678,2024-07-02 03:57:38.851770,Evening,D,Medium,22,10,146.8,Low,False,12.6,18.7,31.3,45,0,7,3,1,0,0.6956,-13.7,32.3,1,0,1,0.573
ORD-01679,2024-07-02 06:34:55.619123,Morning,C,Medium,32,9,147.4,Low,True,16.18,18.32,34.5,45,0,7,3,1,0,0.7667,-10.5,47.17,1,0,0,0.506
ORD-01680,2024-07-02 09:12:12.386477,Evening,A,Medium,41,7,230.5,Low,True,23.92,19.66,43.58,45,1,7,3,1,0,0.9684,-1.42,94.51,1,0,0,0.583
ORD-01681,2024-07-02 11:49:29.153830,Night,D,Medium,49,8,217.6,Low,True,24.24,25.0,49.24,45,1,7,3,1,0,1.0942,4.24,106.62,1,0,0,0.495
ORD-01682,2024-07-02 14:26:45.921184,Morning,C,High,23,9,178.6,Low,True,9.67,13.32,22.99,38,0,7,3,1,0,0.605,-15.01,41.08,1,0,0,0.42
ORD-01683,2024-07-02 17:04:02.688537,Morning,A,Medium,3,10,194.3,High,False,10.73,6.1,16.83,45,0,7,3,1,0,0.374,-28.17,5.83,1,1,1,3.577
ORD-01684,2024-07-02 19:41:19.455891,Evening,E,Low,31,8,184.3,Medium,False,19.07,23.53,42.6,55,0,7,3,1,0,0.7745,-12.4,57.13,1,0,1,0.615
ORD-01685,2024-07-02 22:18:36.223244,Night,C,High,48,10,101.8,Medium,True,24.87,21.98,46.85,38,1,7,3,1,0,1.2329,8.85,48.86,1,0,0,0.518
ORD-01686,2024-07-03 00:55:52.990598,Morning,D,High,18,10,148.4,Low,True,10.58,11.69,22.27,38,1,7,3,2,0,0.5861,-15.73,26.71,1,0,0,0.588
ORD-01687,2024-07-03 03:33:09.757951,Morning,A,Medium,6,2,209.9,Low,True,14.7,4.74,19.44,45,0,7,3,2,0,0.432,-25.56,12.59,0,0,0,2.45
ORD-01688,2024-07-03 06:10:26.525305,Night,A,Medium,36,6,178.8,High,True,33.48,18.23,51.71,45,0,7,3,2,0,1.1491,6.71,64.37,0,1,0,0.93
ORD-01689,2024-07-03 08:47:43.292658,Morning,D,Urgent,32,4,147.5,Low,True,21.03,14.85,35.88,28,1,7,3,2,0,1.2814,7.88,47.2,0,0,0,0.657
ORD-01690,2024-07-03 11:25:00.060012,Morning,D,High,8,10,210.4,High,True,8.59,7.99,16.58,38,0,7,3,2,0,0.4363,-21.42,16.83,1,1,0,1.074
ORD-01691,2024-07-03 14:02:16.827365,Evening,B,Medium,1,8,164.8,Medium,False,6.25,4.31,10.56,45,0,7,3,2,0,0.2347,-34.44,1.65,1,0,1,6.25
ORD-01692,2024-07-03 16:39:33.594718,Morning,D,High,27,9,180.2,Low,False,17.68,22.04,39.72,38,1,7,3,2,0,1.0453,1.72,48.65,1,0,1,0.655
ORD-01693,2024-07-03 19:16:50.362072,Morning,C,Urgent,8,4,165.0,Medium,True,13.73,5.99,19.72,28,0,7,3,2,0,0.7043,-8.28,13.2,0,0,0,1.716
ORD-01694,2024-07-03 21:54:07.129425,Evening,B,Medium,10,9,171.6,Medium,True,10.12,6.84,16.96,45,0,7,3,2,0,0.3769,-28.04,17.16,1,0,0,1.012
ORD-01695,2024-07-04 00:31:23.896779,Evening,D,Medium,16,1,174.5,High,False,26.53,12.28,38.81,45,0,7,3,3,0,0.8624,-6.19,27.92,0,1,1,1.658
ORD-01696,2024-07-04 03:08:40.664132,Evening,C,Medium,24,10,202.0,Medium,True,16.03,14.94,30.97,45,0,7,3,3,0,0.6882,-14.03,48.48,1,0,0,0.668
ORD-01697,2024-07-04 05:45:57.431486,Morning,C,High,41,3,207.2,Low,True,31.81,19.61,51.42,38,1,7,3,3,0,1.3532,13.42,84.95,0,0,0,0.776
ORD-01698,2024-07-04 08:23:14.198839,Evening,D,Low,22,6,132.0,Medium,True,13.79,11.56,25.35,55,0,7,3,3,0,0.4609,-29.65,29.04,0,0,0,0.627
ORD-01699,2024-07-04 11:00:30.966193,Evening,C,Medium,42,8,164.2,Low,True,23.28,25.3,48.58,45,1,7,3,3,0,1.0796,3.58,68.96,1,0,0,0.554
ORD-01700,2024-07-04 13:37:47.733546,Night,E,Medium,31,8,200.8,Low,True,21.62,14.92,36.54,45,1,7,3,3,0,0.812,-8.46,62.25,1,0,0,0.697
ORD-01701,2024-07-04 16:15:04.500900,Night,D,High,20,3,144.7,Medium,True,19.97,13.07,33.04,38,1,7,3,3,0,0.8695,-4.96,28.94,0,0,0,0.998
ORD-01702,2024-07-04 18:52:21.268253,Evening,B,High,26,6,97.6,Low,True,20.15,14.42,34.57,38,0,7,3,3,0,0.9097,-3.43,25.38,0,0,0,0.775
ORD-01703,2024-07-04 21:29:38.035607,Night,C,Medium,8,6,113.7,High,True,9.57,7.17,16.74,45,0,7,3,3,0,0.372,-28.26,9.1,0,1,0,1.196
ORD-01704,2024-07-05 00:06:54.802960,Night,E,Medium,49,8,116.4,High,True,35.53,21.17,56.7,45,1,7,3,4,0,1.26,11.7,57.04,1,1,0,0.725
ORD-01705,2024-07-05 02:44:11.570314,Morning,E,High,16,4,131.7,Low,True,13.25,6.99,20.24,38,0,7,3,4,0,0.5326,-17.76,21.07,0,0,0,0.828
ORD-01706,2024-07-05 05:21:28.337667,Night,A,Low,46,8,120.2,Low,True,17.36,22.94,40.3,55,0,7,3,4,0,0.7327,-14.7,55.29,1,0,0,0.377
ORD-01707,2024-07-05 07:58:45.105021,Night,B,High,33,7,191.2,Medium,True,33.99,20.67,54.66,38,1,7,3,4,0,1.4384,16.66,63.1,1,0,0,1.03
ORD-01708,2024-07-05 10:36:01.872374,Morning,B,Medium,15,8,138.9,Low,False,10.58,17.75,28.33,45,0,7,3,4,0,0.6296,-16.67,20.84,1,0,1,0.705
ORD-01709,2024-07-05 13:13:18.639727,Morning,E,Urgent,25,9,200.4,Low,True,10.55,18.94,29.49,28,0,7,3,4,0,1.0532,1.49,50.1,1,0,0,0.422
ORD-01710,2024-07-05 15:50:35.407081,Evening,E,Medium,7,5,104.8,High,True,14.98,4.89,19.87,45,0,7,3,4,0,0.4416,-25.13,7.34,0,1,0,2.14
ORD-01711,2024-07-05 18:27:52.174434,Evening,D,High,31,5,135.9,Low,True,14.4,14.91,29.31,38,0,7,3,4,0,0.7713,-8.69,42.13,0,0,0,0.465
ORD-01712,2024-07-05 21:05:08.941788,Evening,B,Low,4,8,154.2,Low,True,7.37,9.37,16.74,55,0,7,3,4,0,0.3044,-38.26,6.17,1,0,0,1.842
ORD-01713,2024-07-05 23:42:25.709141,Evening,E,Medium,32,8,182.4,Low,True,16.3,18.02,34.32,45,1,7,3,4,0,0.7627,-10.68,58.37,1,0,0,0.509
ORD-01714,2024-07-06 02:19:42.476495,Morning,A,High,10,9,195.7,Low,False,6.96,6.33,13.29,38,0,7,3,5,1,0.3497,-24.71,19.57,1,0,1,0.696
ORD-01715,2024-07-06 04:56:59.243848,Morning,B,Medium,7,6,128.5,High,False,20.58,8.62,29.2,45,0,7,3,5,1,0.6489,-15.8,8.99,0,1,1,2.94
ORD-01716,2024-07-06 07:34:16.011202,Night,B,High,12,7,189.7,High,True,21.52,6.92,28.44,38,0,7,3,5,1,0.7484,-9.56,22.76,1,1,0,1.793
ORD-01717,2024-07-06 10:11:32.778555,Morning,C,Medium,5,1,82.7,Low,True,8.39,3.84,12.23,45,0,7,3,5,1,0.2718,-32.77,4.14,0,0,0,1.678
ORD-01718,2024-07-06 12:48:49.545909,Evening,C,Medium,45,5,184.9,Low,True,31.58,27.68,59.26,45,1,7,3,5,1,1.3169,14.26,83.2,0,0,0,0.702
ORD-01719,2024-07-06 15:26:06.313262,Morning,A,High,47,3,96.4,High,True,40.94,26.33,67.27,38,1,7,3,5,1,1.7703,29.27,45.31,0,1,0,0.871
ORD-01720,2024-07-06 18:03:23.080616,Evening,A,Medium,47,9,167.9,Medium,True,26.68,21.43,48.11,45,1,7,3,5,1,1.0691,3.11,78.91,1,0,0,0.568
ORD-01721,2024-07-06 20:40:39.847969,Evening,D,Urgent,36,2,195.2,Medium,True,34.14,18.94,53.08,28,1,7,3,5,1,1.8957,25.08,70.27,0,0,0,0.948
ORD-01722,2024-07-06 23:17:56.615323,Morning,A,Medium,12,8,185.5,Low,True,11.95,10.35,22.3,45,0,7,3,5,1,0.4956,-22.7,22.26,1,0,0,0.996
ORD-01723,2024-07-07 01:55:13.382676,Evening,C,Medium,38,9,84.4,Medium,True,16.79,18.48,35.27,45,0,7,3,6,1,0.7838,-9.73,32.07,1,0,0,0.442
ORD-01724,2024-07-07 04:32:30.150030,Evening,A,High,38,5,132.1,Low,True,23.98,23.91,47.89,38,0,7,3,6,1,1.2603,9.89,50.2,0,0,0,0.631
ORD-01725,2024-07-07 07:09:46.917383,Morning,B,Low,12,7,178.7,Low,True,14.5,7.25,21.75,55,0,7,3,6,1,0.3955,-33.25,21.44,1,0,0,1.208
ORD-01726,2024-07-07 09:47:03.684736,Morning,B,Low,42,6,177.5,Medium,True,42.03,18.25,60.28,55,1,7,3,6,1,1.096,5.28,74.55,0,0,0,1.001
ORD-01727,2024-07-07 12:24:20.452090,Evening,D,Low,50,7,161.0,Low,False,22.75,31.26,54.01,55,0,7,3,6,1,0.982,-0.99,80.5,1,0,1,0.455
ORD-01728,2024-07-07 15:01:37.219443,Evening,C,Medium,19,7,61.9,Medium,True,17.05,13.06,30.11,45,0,7,3,6,1,0.6691,-14.89,11.76,1,0,0,0.897
ORD-01729,2024-07-07 17:38:53.986797,Evening,B,High,30,3,197.9,Medium,True,40.35,17.51,57.86,38,0,7,3,6,1,1.5226,19.86,59.37,0,0,0,1.345
ORD-01730,2024-07-07 20:16:10.754150,Night,D,Low,44,7,205.1,Medium,True,27.08,25.29,52.37,55,1,7,3,6,1,0.9522,-2.63,90.24,1,0,0,0.615
ORD-01731,2024-07-07 22:53:27.521504,Morning,A,Low,14,10,156.5,Medium,True,8.97,9.87,18.84,55,0,7,3,6,1,0.3425,-36.16,21.91,1,0,0,0.641
ORD-01732,2024-07-08 01:30:44.288857,Morning,D,Medium,50,4,159.1,Low,True,30.03,25.22,55.25,45,1,7,3,0,0,1.2278,10.25,79.55,0,0,0,0.601
ORD-01733,2024-07-08 04:08:01.056211,Evening,A,Medium,16,4,170.1,Medium,True,16.23,11.93,28.16,45,0,7,3,0,0,0.6258,-16.84,27.22,0,0,0,1.014
ORD-01734,2024-07-08 06:45:17.823564,Evening,E,Low,49,3,208.4,High,True,58.12,24.87,82.99,55,1,7,3,0,0,1.5089,27.99,102.12,0,1,0,1.186
ORD-01735,2024-07-08 09:22:34.590918,Night,A,Low,12,10,160.0,Low,True,7.57,9.56,17.13,55,0,7,3,0,0,0.3115,-37.87,19.2,1,0,0,0.631
ORD-01736,2024-07-08 11:59:51.358271,Morning,C,High,38,9,142.4,High,True,30.17,25.03,55.2,38,1,7,3,0,0,1.4526,17.2,54.11,1,1,0,0.794
ORD-01737,2024-07-08 14:37:08.125625,Evening,C,High,27,4,165.3,High,False,29.96,25.18,55.14,38,1,7,3,0,0,1.4511,17.14,44.63,0,1,1,1.11
ORD-01738,2024-07-08 17:14:24.892978,Evening,C,Medium,19,10,149.6,Medium,True,11.39,7.51,18.9,45,0,7,3,0,0,0.42,-26.1,28.42,1,0,0,0.599
ORD-01739,2024-07-08 19:51:41.660332,Morning,D,Medium,22,8,150.0,Low,True,10.93,15.29,26.22,45,0,7,3,0,0,0.5827,-18.78,33.0,1,0,0,0.497
ORD-01740,2024-07-08 22:28:58.427685,Evening,A,Low,12,5,79.4,Medium,False,14.92,13.86,28.78,55,0,7,3,0,0,0.5233,-26.22,9.53,0,0,1,1.243
ORD-01741,2024-07-09 01:06:15.195039,Evening,B,Medium,34,9,170.9,Low,True,18.09,22.21,40.3,45,1,7,3,1,0,0.8956,-4.7,58.11,1,0,0,0.532
ORD-01742,2024-07-09 03:43:31.962392,Morning,E,Medium,50,10,196.9,Low,False,22.15,29.84,51.99,45,1,7,3,1,0,1.1553,6.99,98.45,1,0,1,0.443
ORD-01743,2024-07-09 06:20:48.729745,Morning,E,Urgent,30,9,190.8,Low,False,17.61,21.79,39.4,28,1,7,3,1,0,1.4071,11.4,57.24,1,0,1,0.587
ORD-01744,2024-07-09 08:58:05.497099,Morning,C,High,14,5,188.0,Medium,True,14.33,11.91,26.24,38,0,7,3,1,0,0.6905,-11.76,26.32,0,0,0,1.024
ORD-01745,2024-07-09 11:35:22.264452,Night,C,Medium,34,3,147.9,Medium,True,37.22,16.29,53.51,45,0,7,3,1,0,1.1891,8.51,50.29,0,0,0,1.095
ORD-01746,2024-07-09 14:12:39.031806,Morning,D,Low,22,2,155.8,Medium,False,19.9,16.75,36.65,55,0,7,3,1,0,0.6664,-18.35,34.28,0,0,1,0.905
ORD-01747,2024-07-09 16:49:55.799159,Morning,D,High,47,9,197.7,Low,True,20.18,26.85,47.03,38,1,7,3,1,0,1.2376,9.03,92.92,1,0,0,0.429
ORD-01748,2024-07-09 19:27:12.566513,Morning,E,Urgent,14,8,184.7,Low,True,16.06,10.11,26.17,28,1,7,3,1,0,0.9346,-1.83,25.86,1,0,0,1.147
ORD-01749,2024-07-09 22:04:29.333866,Morning,D,Low,26,8,209.5,Medium,True,16.93,16.22,33.15,55,0,7,3,1,0,0.6027,-21.85,54.47,1,0,0,0.651
ORD-01750,2024-07-10 00:41:46.101220,Morning,B,High,25,1,123.1,Medium,False,34.06,17.48,51.54,38,1,7,3,2,0,1.3563,13.54,30.78,0,0,1,1.362
ORD-01751,2024-07-10 03:19:02.868573,Evening,C,Low,45,10,122.8,Low,True,16.54,23.25,39.79,55,0,7,3,2,0,0.7235,-15.21,55.26,1,0,0,0.368
ORD-01752,2024-07-10 05:56:19.635927,Morning,C,High,6,2,136.7,Low,True,10.21,6.35,16.56,38,0,7,3,2,0,0.4358,-21.44,8.2,0,0,0,1.702
ORD-01753,2024-07-10 08:33:36.403280,Morning,A,Low,31,6,112.3,Low,True,20.19,19.83,40.02,55,0,7,3,2,0,0.7276,-14.98,34.81,0,0,0,0.651
ORD-01754,2024-07-10 11:10:53.170634,Morning,D,High,41,10,97.1,Medium,True,15.46,19.62,35.08,38,1,7,3,2,0,0.9232,-2.92,39.81,1,0,0,0.377
ORD-01755,2024-07-10 13:48:09.937987,Evening,C,Medium,19,3,168.7,Medium,False,15.21,14.97,30.18,45,0,7,3,2,0,0.6707,-14.82,32.05,0,0,1,0.801
ORD-01756,2024-07-10 16:25:26.705341,Morning,A,Medium,26,6,166.0,Medium,True,20.29,15.14,35.43,45,0,7,3,2,0,0.7873,-9.57,43.16,0,0,0,0.78
ORD-01757,2024-07-10 19:02:43.472694,Evening,D,High,15,9,159.8,Low,True,9.12,13.17,22.29,38,1,7,3,2,0,0.5866,-15.71,23.97,1,0,0,0.608
ORD-01758,2024-07-10 21:40:00.240048,Evening,B,High,21,3,164.1,Low,True,25.45,16.28,41.73,38,1,7,3,2,0,1.0982,3.73,34.46,0,0,0,1.212
ORD-01759,2024-07-11 00:17:17.007401,Evening,A,High,48,2,91.5,Low,True,31.06,26.81,57.87,38,1,7,3,3,0,1.5229,19.87,43.92,0,0,0,0.647
ORD-01760,2024-07-11 02:54:33.774754,Morning,C,Low,19,5,130.8,Low,True,12.49,14.45,26.94,55,0,7,3,3,0,0.4898,-28.06,24.85,0,0,0,0.657
ORD-01761,2024-07-11 05:31:50.542108,Night,D,High,11,8,138.3,Low,True,7.23,8.96,16.19,38,0,7,3,3,0,0.4261,-21.81,15.21,1,0,0,0.657
ORD-01762,2024-07-11 08:09:07.309461,Evening,C,Low,29,6,151.9,Medium,False,26.78,20.54,47.32,55,0,7,3,3,0,0.8604,-7.68,44.05,0,0,1,0.923
ORD-01763,2024-07-11 10:46:24.076815,Morning,A,High,24,5,91.6,Low,True,14.66,14.78,29.44,38,1,7,3,3,0,0.7747,-8.56,21.98,0,0,0,0.611
ORD-01764,2024-07-11 13:23:40.844168,Evening,C,Low,39,7,112.9,Low,True,21.96,18.33,40.29,55,0,7,3,3,0,0.7325,-14.71,44.03,1,0,0,0.563
ORD-01765,2024-07-11 16:00:57.611522,Night,A,Medium,2,1,132.5,Low,False,5.24,11.03,16.27,45,0,7,3,3,0,0.3616,-28.73,2.65,0,0,1,2.62
ORD-01766,2024-07-11 18:38:14.378875,Morning,E,Medium,46,4,192.3,Low,False,33.39,27.15,60.54,45,1,7,3,3,0,1.3453,15.54,88.46,0,0,1,0.726
ORD-01767,2024-07-11 21:15:31.146229,Morning,B,Urgent,36,9,160.5,Medium,True,23.72,24.92,48.64,28,1,7,3,3,0,1.7371,20.64,57.78,1,0,0,0.659
ORD-01768,2024-07-11 23:52:47.913582,Evening,E,High,43,4,190.9,Low,True,35.63,18.44,54.07,38,1,7,3,3,0,1.4229,16.07,82.09,0,0,0,0.829
ORD-01769,2024-07-12 02:30:04.680936,Morning,A,Low,21,10,145.1,Low,False,6.04,15.88,21.92,55,0,7,3,4,0,0.3985,-33.08,30.47,1,0,1,0.288
ORD-01770,2024-07-12 05:07:21.448289,Night,A,High,23,6,150.0,Medium,False,19.08,19.23,38.31,38,1,7,3,4,0,1.0082,0.31,34.5,0,0,1,0.83
ORD-01771,2024-07-12 07:44:38.215643,Morning,C,Low,17,10,170.0,Low,False,10.67,13.35,24.02,55,0,7,3,4,0,0.4367,-30.98,28.9,1,0,1,0.628
ORD-01772,2024-07-12 10:21:54.982996,Morning,D,Medium,42,7,142.9,Low,True,21.18,20.08,41.26,45,0,7,3,4,0,0.9169,-3.74,60.02,1,0,0,0.504
ORD-01773,2024-07-12 12:59:11.750350,Morning,E,Medium,4,5,125.0,Medium,True,3.0,9.73,12.73,45,0,7,3,4,0,0.2829,-32.27,5.0,0,0,0,0.75
ORD-01774,2024-07-12 15:36:28.517703,Morning,C,High,27,10,90.4,Low,True,5.82,15.57,21.39,38,0,7,3,4,0,0.5629,-16.61,24.41,1,0,0,0.216
ORD-01775,2024-07-12 18:13:45.285057,Night,B,Urgent,13,3,126.1,High,True,24.84,9.92,34.76,28,1,7,3,4,0,1.2414,6.76,16.39,0,1,0,1.911
ORD-01776,2024-07-12 20:51:02.052410,Night,A,Urgent,32,4,183.4,Medium,True,25.59,11.97,37.56,28,1,7,3,4,0,1.3414,9.56,58.69,0,0,0,0.8
ORD-01777,2024-07-12 23:28:18.819763,Night,C,Low,49,8,200.4,Low,True,23.69,24.98,48.67,55,0,7,3,4,0,0.8849,-6.33,98.2,1,0,0,0.483
ORD-01778,2024-07-13 02:05:35.587117,Evening,B,Low,34,9,119.1,Medium,True,22.26,19.09,41.35,55,0,7,3,5,1,0.7518,-13.65,40.49,1,0,0,0.655
ORD-01779,2024-07-13 04:42:52.354470,Evening,E,High,3,2,80.7,Low,True,3.43,6.07,9.5,38,0,7,3,5,1,0.25,-28.5,2.42,0,0,0,1.143
ORD-01780,2024-07-13 07:20:09.121824,Morning,C,Medium,20,10,187.1,Medium,True,10.17,8.25,18.42,45,0,7,3,5,1,0.4093,-26.58,37.42,1,0,0,0.508
ORD-01781,2024-07-13 09:57:25.889177,Morning,D,Medium,2,5,152.8,Low,True,6.53,3.53,10.06,45,0,7,3,5,1,0.2236,-34.94,3.06,0,0,0,3.265
ORD-01782,2024-07-13 12:34:42.656531,Night,D,Urgent,25,4,96.1,Medium,True,13.74,15.47,29.21,28,0,7,3,5,1,1.0432,1.21,24.02,0,0,0,0.55
ORD-01783,2024-07-13 15:11:59.423884,Evening,A,Low,9,2,30.0,Low,True,5.25,9.54,14.79,55,0,7,3,5,1,0.2689,-40.21,2.7,0,0,0,0.583
ORD-01784,2024-07-13 17:49:16.191238,Evening,B,Medium,35,1,111.5,Medium,True,40.67,23.18,63.85,45,1,7,3,5,1,1.4189,18.85,39.02,0,0,0,1.162
ORD-01785,2024-07-13 20:26:32.958591,Evening,E,High,27,6,131.5,High,True,26.18,15.94,42.12,38,1,7,3,5,1,1.1084,4.12,35.5,0,1,0,0.97
ORD-01786,2024-07-13 23:03:49.725945,Night,B,High,16,7,103.9,Low,False,19.28,16.02,35.3,38,0,7,3,5,1,0.9289,-2.7,16.62,1,0,1,1.205
ORD-01787,2024-07-14 01:41:06.493298,Morning,C,Urgent,43,1,177.7,Low,True,33.96,21.18,55.14,28,1,7,3,6,1,1.9693,27.14,76.41,0,0,0,0.79
ORD-01788,2024-07-14 04:18:23.260652,Evening,E,High,38,10,117.5,Medium,True,19.63,16.77,36.4,38,1,7,3,6,1,0.9579,-1.6,44.65,1,0,0,0.517
ORD-01789,2024-07-14 06:55:40.028005,Evening,A,Medium,32,6,150.5,Medium,True,23.33,15.27,38.6,45,1,7,3,6,1,0.8578,-6.4,48.16,0,0,0,0.729
ORD-01790,2024-07-14 09:32:56.795359,Night,E,High,18,1,244.9,Low,True,26.75,9.08,35.83,38,1,7,3,6,1,0.9429,-2.17,44.08,0,0,0,1.486
ORD-01791,2024-07-14 12:10:13.562712,Morning,B,High,14,9,154.7,Medium,True,13.75,10.79,24.54,38,0,7,3,6,1,0.6458,-13.46,21.66,1,0,0,0.982
ORD-01792,2024-07-14 14:47:30.330066,Morning,C,Urgent,30,2,145.4,Medium,True,33.17,18.15,51.32,28,1,7,3,6,1,1.8329,23.32,43.62,0,0,0,1.106
ORD-01793,2024-07-14 17:24:47.097419,Evening,B,Medium,40,7,146.3,High,True,42.58,23.05,65.63,45,1,7,3,6,1,1.4584,20.63,58.52,1,1,0,1.064
ORD-01794,2024-07-14 20:02:03.864772,Night,C,Medium,42,7,176.8,Medium,True,29.87,23.52,53.39,45,1,7,3,6,1,1.1864,8.39,74.26,1,0,0,0.711
ORD-01795,2024-07-14 22:39:20.632126,Night,A,Medium,39,9,171.8,Medium,True,17.44,18.82,36.26,45,1,7,3,6,1,0.8058,-8.74,67.0,1,0,0,0.447
ORD-01796,2024-07-15 01:16:37.399479,Evening,A,Medium,2,9,109.9,Low,True,3.96,2.47,6.43,45,0,7,3,0,0,0.1429,-38.57,2.2,1,0,0,1.98
ORD-01797,2024-07-15 03:53:54.166833,Morning,B,Urgent,50,10,133.6,Low,True,23.48,22.36,45.84,28,1,7,3,0,0,1.6371,17.84,66.8,1,0,0,0.47
ORD-01798,2024-07-15 06:31:10.934186,Morning,B,Urgent,13,1,123.3,Medium,True,20.09,11.54,31.63,28,0,7,3,0,0,1.1296,3.63,16.03,0,0,0,1.545
ORD-01799,2024-07-15 09:08:27.701540,Evening,C,Medium,1,4,138.7,Medium,True,6.21,5.4,11.61,45,0,7,3,0,0,0.258,-33.39,1.39,0,0,0,6.21
ORD-01800,2024-07-15 11:45:44.468893,Morning,A,Urgent,29,4,223.1,High,False,34.36,20.37,54.73,28,1,7,3,0,0,1.9546,26.73,64.7,0,1,1,1.185
ORD-01801,2024-07-15 14:23:01.236247,Evening,A,Medium,23,4,174.7,Low,True,19.92,13.91,33.83,45,0,7,3,0,0,0.7518,-11.17,40.18,0,0,0,0.866
ORD-01802,2024-07-15 17:00:18.003600,Night,A,High,6,3,146.8,Low,True,12.18,11.9,24.08,38,0,7,3,0,0,0.6337,-13.92,8.81,0,0,0,2.03
ORD-01803,2024-07-15 19:37:34.770954,Morning,B,High,11,3,199.8,Low,False,22.24,16.06,38.3,38,0,7,3,0,0,1.0079,0.3,21.98,0,0,1,2.022
ORD-01804,2024-07-15 22:14:51.538307,Morning,A,High,11,10,157.5,Medium,True,9.27,9.31,18.58,38,0,7,3,0,0,0.4889,-19.42,17.32,1,0,0,0.843
ORD-01805,2024-07-16 00:52:08.305661,Morning,A,High,22,9,84.5,Low,True,9.82,13.3,23.12,38,0,7,3,1,0,0.6084,-14.88,18.59,1,0,0,0.446
ORD-01806,2024-07-16 03:29:25.073014,Morning,C,High,38,7,216.6,Low,True,22.73,21.58,44.31,38,1,7,3,1,0,1.1661,6.31,82.31,1,0,0,0.598
ORD-01807,2024-07-16 06:06:41.840368,Evening,D,High,35,6,143.7,Low,True,18.72,20.77,39.49,38,0,7,3,1,0,1.0392,1.49,50.29,0,0,0,0.535
ORD-01808,2024-07-16 08:43:58.607721,Morning,D,Medium,2,5,59.8,Low,True,3.0,7.97,10.97,45,0,7,3,1,0,0.2438,-34.03,1.2,0,0,0,1.5
ORD-01809,2024-07-16 11:21:15.375075,Morning,B,High,9,7,86.0,Low,True,7.66,2.93,10.59,38,0,7,3,1,0,0.2787,-27.41,7.74,1,0,0,0.851
ORD-01810,2024-07-16 13:58:32.142428,Morning,E,Low,31,9,195.1,High,True,26.01,21.93,47.94,55,0,7,3,1,0,0.8716,-7.06,60.48,1,1,0,0.839
ORD-01811,2024-07-16 16:35:48.909781,Morning,C,Low,41,5,86.7,High,True,38.11,18.38,56.49,55,0,7,3,1,0,1.0271,1.49,35.55,0,1,0,0.93
ORD-01812,2024-07-16 19:13:05.677135,Evening,C,High,2,6,204.0,Low,True,8.27,3.44,11.71,38,1,7,3,1,0,0.3082,-26.29,4.08,0,0,0,4.135
ORD-01813,2024-07-16 21:50:22.444488,Evening,A,High,17,10,153.2,Medium,True,8.52,12.75,21.27,38,0,7,3,1,0,0.5597,-16.73,26.04,1,0,0,0.501
ORD-01814,2024-07-17 00:27:39.211842,Evening,A,Urgent,6,10,178.6,Medium,True,9.82,3.48,13.3,28,0,7,3,2,0,0.475,-14.7,10.72,1,0,0,1.637
ORD-01815,2024-07-17 03:04:55.979195,Evening,C,Medium,25,3,139.7,High,True,24.75,16.63,41.38,45,1,7,3,2,0,0.9196,-3.62,34.92,0,1,0,0.99
ORD-01816,2024-07-17 05:42:12.746549,Morning,A,Low,20,3,170.9,Medium,True,24.16,14.62,38.78,55,0,7,3,2,0,0.7051,-16.22,34.18,0,0,0,1.208
ORD-01817,2024-07-17 08:19:29.513902,Evening,D,Medium,9,3,162.7,Low,False,7.85,12.67,20.52,45,0,7,3,2,0,0.456,-24.48,14.64,0,0,1,0.872
ORD-01818,2024-07-17 10:56:46.281256,Morning,B,High,49,1,148.5,Low,True,51.36,26.8,78.16,38,1,7,3,2,0,2.0568,40.16,72.76,0,0,0,1.048
ORD-01819,2024-07-17 13:34:03.048609,Night,A,Urgent,39,7,107.4,High,False,26.62,21.22,47.84,28,1,7,3,2,0,1.7086,19.84,41.89,1,1,1,0.683
ORD-01820,2024-07-17 16:11:19.815963,Morning,A,High,28,5,164.3,High,False,29.01,19.17,48.18,38,1,7,3,2,0,1.2679,10.18,46.0,0,1,1,1.036
ORD-01821,2024-07-17 18:48:36.583316,Evening,A,Medium,39,1,77.3,Medium,True,37.38,17.76,55.14,45,1,7,3,2,0,1.2253,10.14,30.15,0,0,0,0.958
ORD-01822,2024-07-17 21:25:53.350670,Morning,B,High,16,3,187.3,Medium,True,24.76,12.39,37.15,38,0,7,3,2,0,0.9776,-0.85,29.97,0,0,0,1.548
ORD-01823,2024-07-18 00:03:10.118023,Night,A,Medium,47,6,157.9,Medium,False,28.26,28.06,56.32,45,1,7,3,3,0,1.2516,11.32,74.21,0,0,1,0.601
ORD-01824,2024-07-18 02:40:26.885377,Morning,C,Urgent,21,9,168.6,Medium,True,14.67,13.19,27.86,28,0,7,3,3,0,0.995,-0.14,35.41,1,0,0,0.699
ORD-01825,2024-07-18 05:17:43.652730,Night,B,Medium,20,7,45.3,Medium,True,18.96,13.39,32.35,45,0,7,3,3,0,0.7189,-12.65,9.06,1,0,0,0.948
ORD-01826,2024-07-18 07:55:00.420084,Morning,C,Medium,29,6,105.0,Low,True,17.62,12.7,30.32,45,0,7,3,3,0,0.6738,-14.68,30.45,0,0,0,0.608
ORD-01827,2024-07-18 10:32:17.187437,Night,E,Medium,29,2,129.8,Low,True,24.93,14.26,39.19,45,0,7,3,3,0,0.8709,-5.81,37.64,0,0,0,0.86
ORD-01828,2024-07-18 13:09:33.954790,Evening,E,High,31,3,176.9,Medium,False,32.09,18.72,50.81,38,1,7,3,3,0,1.3371,12.81,54.84,0,0,1,1.035
ORD-01829,2024-07-18 15:46:50.722144,Morning,C,Medium,42,8,112.3,Low,True,17.26,24.88,42.14,45,0,7,3,3,0,0.9364,-2.86,47.17,1,0,0,0.411
ORD-01830,2024-07-18 18:24:07.489497,Morning,B,Low,14,8,251.9,High,True,25.56,11.44,37.0,55,0,7,3,3,0,0.6727,-18.0,35.27,1,1,0,1.826
ORD-01831,2024-07-18 21:01:24.256851,Morning,D,High,36,9,139.5,High,True,20.89,20.56,41.45,38,0,7,3,3,0,1.0908,3.45,50.22,1,1,0,0.58
ORD-01832,2024-07-18 23:38:41.024204,Night,E,Urgent,10,6,109.4,Low,True,12.42,12.51,24.93,28,1,7,3,3,0,0.8904,-3.07,10.94,0,0,0,1.242
ORD-01833,2024-07-19 02:15:57.791558,Night,C,High,13,3,142.5,High,True,22.19,8.65,30.84,38,1,7,3,4,0,0.8116,-7.16,18.53,0,1,0,1.707
ORD-01834,2024-07-19 04:53:14.558911,Morning,A,Low,25,6,112.0,Medium,False,14.25,23.49,37.74,55,0,7,3,4,0,0.6862,-17.26,28.0,0,0,1,0.57
ORD-01835,2024-07-19 07:30:31.326265,Morning,D,High,27,9,102.6,Medium,True,12.58,13.54,26.12,38,1,7,3,4,0,0.6874,-11.88,27.7,1,0,0,0.466
ORD-01836,2024-07-19 10:07:48.093618,Morning,A,Low,33,2,190.4,Low,True,29.01,18.15,47.16,55,1,7,3,4,0,0.8575,-7.84,62.83,0,0,0,0.879
ORD-01837,2024-07-19 12:45:04.860972,Morning,D,Medium,7,9,170.5,Low,True,4.26,8.28,12.54,45,0,7,3,4,0,0.2787,-32.46,11.94,1,0,0,0.609
ORD-01838,2024-07-19 15:22:21.628325,Evening,A,Low,41,10,170.6,High,True,21.32,16.86,38.18,55,0,7,3,4,0,0.6942,-16.82,69.95,1,1,0,0.52
ORD-01839,2024-07-19 17:59:38.395679,Morning,A,Medium,28,9,201.1,Medium,False,16.45,20.05,36.5,45,0,7,3,4,0,0.8111,-8.5,56.31,1,0,1,0.588
ORD-01840,2024-07-19 20:36:55.163032,Morning,D,Medium,30,7,169.5,Medium,True,20.65,17.76,38.41,45,1,7,3,4,0,0.8536,-6.59,50.85,1,0,0,0.688
ORD-01841,2024-07-19 23:14:11.930386,Night,D,Low,38,5,107.3,Low,True,23.4,16.77,40.17,55,0,7,3,4,0,0.7304,-14.83,40.77,0,0,0,0.616
ORD-01842,2024-07-20 01:51:28.697739,Evening,C,Medium,35,9,178.3,Low,False,18.03,25.78,43.81,45,0,7,3,5,1,0.9736,-1.19,62.41,1,0,1,0.515
ORD-01843,2024-07-20 04:28:45.465093,Night,D,High,22,2,104.9,Medium,True,25.68,12.2,37.88,38,0,7,3,5,1,0.9968,-0.12,23.08,0,0,0,1.167
ORD-01844,2024-07-20 07:06:02.232446,Morning,E,Medium,25,8,130.9,Medium,False,15.4,20.28,35.68,45,1,7,3,5,1,0.7929,-9.32,32.72,1,0,1,0.616
ORD-01845,2024-07-20 09:43:18.999799,Night,C,Low,12,5,148.2,High,False,19.15,9.36,28.51,55,0,7,3,5,1,0.5184,-26.49,17.78,0,1,1,1.596
ORD-01846,2024-07-20 12:20:35.767153,Evening,E,Medium,29,6,144.1,Medium,True,20.29,18.63,38.92,45,0,7,3,5,1,0.8649,-6.08,41.79,0,0,0,0.7
ORD-01847,2024-07-20 14:57:52.534506,Evening,B,High,11,5,78.4,Low,True,15.07,11.28,26.35,38,0,7,3,5,1,0.6934,-11.65,8.62,0,0,0,1.37
ORD-01848,2024-07-20 17:35:09.301860,Morning,A,High,32,1,111.3,Low,True,28.16,18.17,46.33,38,0,7,3,5,1,1.2192,8.33,35.62,0,0,0,0.88
ORD-01849,2024-07-20 20:12:26.069213,Night,D,Medium,21,10,149.1,Low,True,11.3,14.13,25.43,45,0,7,3,5,1,0.5651,-19.57,31.31,1,0,0,0.538
ORD-01850,2024-07-20 22:49:42.836567,Evening,B,High,12,7,125.6,Low,True,7.79,12.7,20.49,38,0,7,3,5,1,0.5392,-17.51,15.07,1,0,0,0.649
ORD-01851,2024-07-21 01:26:59.603920,Night,E,High,24,7,195.1,Low,True,19.47,12.67,32.14,38,1,7,3,6,1,0.8458,-5.86,46.82,1,0,0,0.811
ORD-01852,2024-07-21 04:04:16.371274,Evening,A,High,47,2,201.9,Medium,True,40.63,21.91,62.54,38,1,7,3,6,1,1.6458,24.54,94.89,0,0,0,0.864
ORD-01853,2024-07-21 06:41:33.138627,Night,A,Medium,29,8,105.2,Low,False,14.98,22.56,37.54,45,0,7,3,6,1,0.8342,-7.46,30.51,1,0,1,0.517
ORD-01854,2024-07-21 09:18:49.905981,Evening,A,Low,18,10,152.4,High,True,9.72,13.68,23.4,55,0,7,3,6,1,0.4255,-31.6,27.43,1,1,0,0.54
ORD-01855,2024-07-21 11:56:06.673334,Night,C,Medium,23,9,213.3,High,True,21.37,14.56,35.93,45,1,7,3,6,1,0.7984,-9.07,49.06,1,1,0,0.929
ORD-01856,2024-07-21 14:33:23.440688,Morning,D,Medium,31,3,144.6,Low,True,20.93,15.43,36.36,45,0,7,3,6,1,0.808,-8.64,44.83,0,0,0,0.675
ORD-01857,2024-07-21 17:10:40.208041,Morning,B,Medium,8,2,133.7,Medium,True,15.33,10.48,25.81,45,0,7,3,6,1,0.5736,-19.19,10.7,0,0,0,1.916
ORD-01858,2024-07-21 19:47:56.975395,Evening,A,Urgent,29,4,184.4,Low,True,23.66,12.71,36.37,28,1,7,3,6,1,1.2989,8.37,53.48,0,0,0,0.816
ORD-01859,2024-07-21 22:25:13.742748,Evening,B,Medium,2,1,139.0,Low,True,10.87,9.2,20.07,45,1,7,3,6,1,0.446,-24.93,2.78,0,0,0,5.435
ORD-01860,2024-07-22 01:02:30.510102,Evening,B,Medium,43,6,200.8,Low,True,34.43,21.05,55.48,45,0,7,3,0,0,1.2329,10.48,86.34,0,0,0,0.801
ORD-01861,2024-07-22 03:39:47.277455,Evening,C,Urgent,31,5,126.2,Low,False,22.19,19.01,41.2,28,1,7,3,0,0,1.4714,13.2,39.12,0,0,1,0.716
ORD-01862,2024-07-22 06:17:04.044808,Evening,C,High,6,6,131.0,Medium,True,13.84,8.23,22.07,38,0,7,3,0,0,0.5808,-15.93,7.86,0,0,0,2.307
ORD-01863,2024-07-22 08:54:20.812162,Night,A,Medium,24,10,181.6,Medium,False,14.54,20.07,34.61,45,0,7,3,0,0,0.7691,-10.39,43.58,1,0,1,0.606
ORD-01864,2024-07-22 11:31:37.579515,Morning,B,Urgent,45,7,154.0,Medium,True,32.34,21.08,53.42,28,1,7,3,0,0,1.9079,25.42,69.3,1,0,0,0.719
ORD-01865,2024-07-22 14:08:54.346869,Night,C,Medium,49,5,154.3,Medium,True,31.87,28.66,60.53,45,1,7,3,0,0,1.3451,15.53,75.61,0,0,0,0.65
ORD-01866,2024-07-22 16:46:11.114222,Morning,B,Low,7,8,73.6,Medium,True,7.84,8.73,16.57,55,0,7,3,0,0,0.3013,-38.43,5.15,1,0,0,1.12
ORD-01867,2024-07-22 19:23:27.881576,Evening,B,Medium,14,4,135.9,Medium,True,22.74,8.36,31.1,45,0,7,3,0,0,0.6911,-13.9,19.03,0,0,0,1.624
ORD-01868,2024-07-22 22:00:44.648929,Night,C,Medium,8,8,184.6,High,True,13.39,9.67,23.06,45,0,7,3,0,0,0.5124,-21.94,14.77,1,1,0,1.674
ORD-01869,2024-07-23 00:38:01.416283,Morning,B,High,19,10,118.7,Medium,True,15.09,14.02,29.11,38,0,7,3,1,0,0.7661,-8.89,22.55,1,0,0,0.794
ORD-01870,2024-07-23 03:15:18.183636,Morning,A,Medium,44,10,178.0,Low,False,17.5,29.62,47.12,45,1,7,3,1,0,1.0471,2.12,78.32,1,0,1,0.398
ORD-01871,2024-07-23 05:52:34.950990,Morning,A,High,36,6,160.7,Medium,True,27.66,20.86,48.52,38,1,7,3,1,0,1.2768,10.52,57.85,0,0,0,0.768
ORD-01872,2024-07-23 08:29:51.718343,Evening,D,Low,13,5,142.0,Medium,True,14.53,6.13,20.66,55,0,7,3,1,0,0.3756,-34.34,18.46,0,0,0,1.118
ORD-01873,2024-07-23 11:07:08.485697,Evening,A,Urgent,17,4,204.3,Low,True,14.46,9.0,23.46,28,1,7,3,1,0,0.8379,-4.54,34.73,0,0,0,0.851
ORD-01874,2024-07-23 13:44:25.253050,Morning,D,Low,31,6,136.4,High,True,26.41,15.29,41.7,55,0,7,3,1,0,0.7582,-13.3,42.28,0,1,0,0.852
ORD-01875,2024-07-23 16:21:42.020404,Night,C,Urgent,30,10,139.2,High,False,15.14,20.8,35.94,28,1,7,3,1,0,1.2836,7.94,41.76,1,1,1,0.505
ORD-01876,2024-07-23 18:58:58.787757,Morning,C,Low,24,9,141.6,High,True,19.29,13.73,33.02,55,0,7,3,1,0,0.6004,-21.98,33.98,1,1,0,0.804
ORD-01877,2024-07-23 21:36:15.555111,Evening,D,High,22,7,153.2,Low,True,12.51,12.69,25.2,38,0,7,3,1,0,0.6632,-12.8,33.7,1,0,0,0.569
ORD-01878,2024-07-24 00:13:32.322464,Evening,B,High,47,3,180.7,Low,True,45.08,24.69,69.77,38,1,7,3,2,0,1.8361,31.77,84.93,0,0,0,0.959
ORD-01879,2024-07-24 02:50:49.089817,Morning,A,Medium,26,4,91.1,Low,True,17.61,10.05,27.66,45,0,7,3,2,0,0.6147,-17.34,23.69,0,0,0,0.677
ORD-01880,2024-07-24 05:28:05.857171,Morning,A,Low,40,3,184.7,High,True,43.54,20.79,64.33,55,1,7,3,2,0,1.1696,9.33,73.88,0,1,0,1.088
ORD-01881,2024-07-24 08:05:22.624524,Night,D,High,48,2,152.7,Medium,True,42.12,24.21,66.33,38,1,7,3,2,0,1.7455,28.33,73.3,0,0,0,0.878
ORD-01882,2024-07-24 10:42:39.391878,Evening,C,High,17,1,172.2,Medium,False,23.39,7.6,30.99,38,0,7,3,2,0,0.8155,-7.01,29.27,0,0,1,1.376
ORD-01883,2024-07-24 13:19:56.159231,Morning,D,Medium,39,8,245.7,High,True,30.51,20.98,51.49,45,1,7,3,2,0,1.1442,6.49,95.82,1,1,0,0.782
ORD-01884,2024-07-24 15:57:12.926585,Night,C,High,41,8,129.5,Low,True,23.26,25.35,48.61,38,1,7,3,2,0,1.2792,10.61,53.1,1,0,0,0.567
ORD-01885,2024-07-24 18:34:29.693938,Evening,B,Urgent,11,2,101.0,Low,True,19.6,11.19,30.79,28,1,7,3,2,0,1.0996,2.79,11.11,0,0,0,1.782
ORD-01886,2024-07-24 21:11:46.461292,Morning,B,Urgent,12,7,157.8,Medium,True,15.98,10.9,26.88,28,0,7,3,2,0,0.96,-1.12,18.94,1,0,0,1.332
ORD-01887,2024-07-24 23:49:03.228645,Evening,A,Medium,9,2,164.1,Low,True,11.57,10.12,21.69,45,0,7,3,2,0,0.482,-23.31,14.77,0,0,0,1.286
ORD-01888,2024-07-25 02:26:19.995999,Evening,D,Low,31,3,184.9,Medium,False,26.59,24.3,50.89,55,0,7,3,3,0,0.9253,-4.11,57.32,0,0,1,0.858
ORD-01889,2024-07-25 05:03:36.763352,Morning,A,Low,39,3,128.5,Low,True,27.64,21.73,49.37,55,0,7,3,3,0,0.8976,-5.63,50.11,0,0,0,0.709
ORD-01890,2024-07-25 07:40:53.530706,Night,E,High,38,2,116.8,Medium,True,34.6,16.32,50.92,38,1,7,3,3,0,1.34,12.92,44.38,0,0,0,0.911
ORD-01891,2024-07-25 10:18:10.298059,Morning,A,Urgent,20,8,88.7,High,True,10.19,12.87,23.06,28,1,7,3,3,0,0.8236,-4.94,17.74,1,1,0,0.509
ORD-01892,2024-07-25 12:55:27.065413,Morning,C,Medium,36,1,95.3,Low,True,30.49,19.48,49.97,45,0,7,3,3,0,1.1104,4.97,34.31,0,0,0,0.847
ORD-01893,2024-07-25 15:32:43.832766,Morning,A,Low,2,5,133.4,Medium,True,9.26,6.32,15.58,55,0,7,3,3,0,0.2833,-39.42,2.67,0,0,0,4.63
ORD-01894,2024-07-25 18:10:00.600120,Night,D,Medium,33,5,145.3,High,True,31.86,19.24,51.1,45,1,7,3,3,0,1.1356,6.1,47.95,0,1,0,0.965
ORD-01895,2024-07-25 20:47:17.367473,Evening,A,Medium,24,6,232.6,Low,False,22.16,19.38,41.54,45,1,7,3,3,0,0.9231,-3.46,55.82,0,0,1,0.923
ORD-01896,2024-07-25 23:24:34.134826,Night,C,Urgent,42,2,82.3,Medium,True,34.78,21.18,55.96,28,1,7,3,3,0,1.9986,27.96,34.57,0,0,0,0.828
ORD-01897,2024-07-26 02:01:50.902180,Morning,E,High,49,5,163.4,High,True,47.26,24.45,71.71,38,1,7,3,4,0,1.8871,33.71,80.07,0,1,0,0.964
ORD-01898,2024-07-26 04:39:07.669533,Night,C,Low,28,8,121.0,Low,True,17.18,17.05,34.23,55,0,7,3,4,0,0.6224,-20.77,33.88,1,0,0,0.614
ORD-01899,2024-07-26 07:16:24.436887,Evening,A,Medium,32,4,158.9,Low,True,19.58,15.59,35.17,45,0,7,3,4,0,0.7816,-9.83,50.85,0,0,0,0.612
ORD-01900,2024-07-26 09:53:41.204240,Morning,D,Low,47,10,127.9,Low,True,15.55,26.57,42.12,55,0,7,3,4,0,0.7658,-12.88,60.11,1,0,0,0.331
ORD-01901,2024-07-26 12:30:57.971594,Morning,B,High,18,5,191.4,Low,True,21.24,11.8,33.04,38,0,7,3,4,0,0.8695,-4.96,34.45,0,0,0,1.18
ORD-01902,2024-07-26 15:08:14.738947,Night,A,High,8,8,191.2,Low,True,11.08,5.95,17.03,38,0,7,3,4,0,0.4482,-20.97,15.3,1,0,0,1.385
ORD-01903,2024-07-26 17:45:31.506301,Morning,C,Low,26,2,145.5,Low,True,21.34,17.06,38.4,55,0,7,3,4,0,0.6982,-16.6,37.83,0,0,0,0.821
ORD-01904,2024-07-26 20:22:48.273654,Evening,D,Medium,18,9,207.6,Low,True,9.4,10.77,20.17,45,1,7,3,4,0,0.4482,-24.83,37.37,1,0,0,0.522
ORD-01905,2024-07-26 23:00:05.041008,Evening,B,Urgent,32,5,180.4,Medium,True,33.89,16.44,50.33,28,1,7,3,4,0,1.7975,22.33,57.73,0,0,0,1.059
ORD-01906,2024-07-27 01:37:21.808361,Morning,D,High,40,10,205.7,Low,True,17.46,23.77,41.23,38,1,7,3,5,1,1.085,3.23,82.28,1,0,0,0.436
ORD-01907,2024-07-27 04:14:38.575715,Night,D,Medium,26,8,148.3,Medium,True,15.6,15.03,30.63,45,0,7,3,5,1,0.6807,-14.37,38.56,1,0,0,0.6
ORD-01908,2024-07-27 06:51:55.343068,Night,C,Medium,16,8,188.1,Low,True,8.57,13.2,21.77,45,0,7,3,5,1,0.4838,-23.23,30.1,1,0,0,0.536
ORD-01909,2024-07-27 09:29:12.110422,Evening,B,Urgent,29,2,119.3,Medium,True,32.02,13.19,45.21,28,1,7,3,5,1,1.6146,17.21,34.6,0,0,0,1.104
ORD-01910,2024-07-27 12:06:28.877775,Evening,D,High,23,6,115.2,Low,False,13.76,19.75,33.51,38,0,7,3,5,1,0.8818,-4.49,26.5,0,0,1,0.598
ORD-01911,2024-07-27 14:43:45.645129,Evening,B,Urgent,10,8,237.2,Low,True,15.16,7.74,22.9,28,0,7,3,5,1,0.8179,-5.1,23.72,1,0,0,1.516
ORD-01912,2024-07-27 17:21:02.412482,Evening,A,Low,39,9,106.6,High,True,23.21,22.41,45.62,55,0,7,3,5,1,0.8295,-9.38,41.57,1,1,0,0.595
ORD-01913,2024-07-27 19:58:19.179835,Morning,B,Medium,17,4,132.6,Medium,True,21.17,12.87,34.04,45,0,7,3,5,1,0.7564,-10.96,22.54,0,0,0,1.245
ORD-01914,2024-07-27 22:35:35.947189,Evening,E,Low,27,6,74.1,Medium,True,20.63,10.57,31.2,55,0,7,3,5,1,0.5673,-23.8,20.01,0,0,0,0.764
ORD-01915,2024-07-28 01:12:52.714542,Morning,B,High,46,2,116.2,Medium,True,51.19,23.36,74.55,38,1,7,3,6,1,1.9618,36.55,53.45,0,0,0,1.113
ORD-01916,2024-07-28 03:50:09.481896,Evening,A,High,10,5,110.2,Low,True,9.79,7.79,17.58,38,0,7,3,6,1,0.4626,-20.42,11.02,0,0,0,0.979
ORD-01917,2024-07-28 06:27:26.249249,Evening,A,Low,22,5,123.2,Low,True,15.98,13.71,29.69,55,0,7,3,6,1,0.5398,-25.31,27.1,0,0,0,0.726
ORD-01918,2024-07-28 09:04:43.016603,Morning,A,Urgent,9,1,162.0,Medium,True,19.92,9.38,29.3,28,0,7,3,6,1,1.0464,1.3,14.58,0,0,0,2.213
ORD-01919,2024-07-28 11:41:59.783956,Night,E,Urgent,22,10,171.6,High,True,14.81,11.26,26.07,28,0,7,3,6,1,0.9311,-1.93,37.75,1,1,0,0.673
ORD-01920,2024-07-28 14:19:16.551310,Morning,C,Medium,16,7,109.7,High,True,14.26,10.53,24.79,45,0,7,3,6,1,0.5509,-20.21,17.55,1,1,0,0.891
ORD-01921,2024-07-28 16:56:33.318663,Morning,D,High,46,2,118.4,Medium,False,34.65,25.9,60.55,38,1,7,3,6,1,1.5934,22.55,54.46,0,0,1,0.753
ORD-01922,2024-07-28 19:33:50.086017,Morning,D,High,16,9,193.3,Low,True,13.31,9.51,22.82,38,0,7,3,6,1,0.6005,-15.18,30.93,1,0,0,0.832
ORD-01923,2024-07-28 22:11:06.853370,Evening,B,Low,31,7,218.2,Medium,True,30.41,20.32,50.73,55,1,7,3,6,1,0.9224,-4.27,67.64,1,0,0,0.981
ORD-01924,2024-07-29 00:48:23.620724,Morning,D,High,7,7,200.2,Medium,True,8.64,3.8,12.44,38,0,7,3,0,0,0.3274,-25.56,14.01,1,0,0,1.234
ORD-01925,2024-07-29 03:25:40.388077,Evening,E,Medium,23,10,84.1,Low,True,9.64,14.94,24.58,45,0,7,3,0,0,0.5462,-20.42,19.34,1,0,0,0.419
ORD-01926,2024-07-29 06:02:57.155431,Evening,D,Urgent,42,5,197.6,Low,True,26.18,18.8,44.98,28,1,7,3,0,0,1.6064,16.98,82.99,0,0,0,0.623
ORD-01927,2024-07-29 08:40:13.922784,Morning,D,High,34,4,224.1,Low,True,28.01,17.34,45.35,38,1,7,3,0,0,1.1934,7.35,76.19,0,0,0,0.824
ORD-01928,2024-07-29 11:17:30.690138,Night,B,Urgent,15,7,82.2,Low,True,10.85,8.6,19.45,28,1,7,3,0,0,0.6946,-8.55,12.33,1,0,0,0.723
ORD-01929,2024-07-29 13:54:47.457491,Morning,D,High,49,9,193.3,Medium,True,22.61,23.19,45.8,38,1,7,3,0,0,1.2053,7.8,94.72,1,0,0,0.461
ORD-01930,2024-07-29 16:32:04.224844,Evening,A,Low,41,9,159.0,Low,True,15.81,21.79,37.6,55,0,7,3,0,0,0.6836,-17.4,65.19,1,0,0,0.386
ORD-01931,2024-07-29 19:09:20.992198,Morning,D,Medium,21,8,136.9,Medium,True,12.46,16.72,29.18,45,1,7,3,0,0,0.6484,-15.82,28.75,1,0,0,0.593
ORD-01932,2024-07-29 21:46:37.759551,Evening,B,High,49,8,154.2,Low,True,37.02,25.49,62.51,38,1,7,3,0,0,1.645,24.51,75.56,1,0,0,0.756
ORD-01933,2024-07-30 00:23:54.526905,Night,C,Medium,10,1,167.7,Low,True,16.06,8.43,24.49,45,0,7,3,1,0,0.5442,-20.51,16.77,0,0,0,1.606
ORD-01934,2024-07-30 03:01:11.294258,Morning,E,High,17,5,196.3,Medium,True,21.7,11.0,32.7,38,0,7,3,1,0,0.8605,-5.3,33.37,0,0,0,1.276
ORD-01935,2024-07-30 05:38:28.061612,Morning,C,Medium,47,4,194.2,Medium,False,39.14,33.2,72.34,45,1,7,3,1,0,1.6076,27.34,91.27,0,0,1,0.833
ORD-01936,2024-07-30 08:15:44.828965,Morning,A,Low,49,4,89.7,High,True,41.29,21.74,63.03,55,0,7,3,1,0,1.146,8.03,43.95,0,1,0,0.843
ORD-01937,2024-07-30 10:53:01.596319,Morning,D,Medium,42,9,124.1,Medium,True,21.52,26.03,47.55,45,0,7,3,1,0,1.0567,2.55,52.12,1,0,0,0.512
ORD-01938,2024-07-30 13:30:18.363672,Night,E,High,10,4,153.7,High,True,19.6,5.9,25.5,38,0,7,3,1,0,0.6711,-12.5,15.37,0,1,0,1.96
ORD-01939,2024-07-30 16:07:35.131026,Evening,C,Medium,11,9,212.9,Low,True,10.93,10.15,21.08,45,0,7,3,1,0,0.4684,-23.92,23.42,1,0,0,0.994
ORD-01940,2024-07-30 18:44:51.898379,Evening,E,High,33,10,40.9,Medium,True,14.22,19.97,34.19,38,0,7,3,1,0,0.8997,-3.81,13.5,1,0,0,0.431
ORD-01941,2024-07-30 21:22:08.665733,Night,D,Medium,3,5,125.6,Low,False,5.09,7.59,12.68,45,0,7,3,1,0,0.2818,-32.32,3.77,0,0,1,1.697
ORD-01942,2024-07-30 23:59:25.433086,Night,E,High,50,2,88.9,Medium,True,43.29,29.09,72.38,38,1,7,3,1,0,1.9047,34.38,44.45,0,0,0,0.866
ORD-01943,2024-07-31 02:36:42.200440,Night,B,High,48,7,95.2,Medium,False,35.85,31.89,67.74,38,1,7,3,2,0,1.7826,29.74,45.7,1,0,1,0.747
ORD-01944,2024-07-31 05:13:58.967793,Morning,C,Medium,41,9,189.4,Low,False,25.21,29.96,55.17,45,1,7,3,2,0,1.226,10.17,77.65,1,0,1,0.615
ORD-01945,2024-07-31 07:51:15.735147,Morning,D,Medium,49,5,128.7,Medium,True,33.87,22.2,56.07,45,0,7,3,2,0,1.246,11.07,63.06,0,0,0,0.691
ORD-01946,2024-07-31 10:28:32.502500,Morning,E,Medium,12,2,56.7,Medium,True,10.62,10.37,20.99,45,0,7,3,2,0,0.4664,-24.01,6.8,0,0,0,0.885
ORD-01947,2024-07-31 13:05:49.269853,Morning,A,Low,45,6,143.7,Low,True,21.77,24.06,45.83,55,0,7,3,2,0,0.8333,-9.17,64.66,0,0,0,0.484
ORD-01948,2024-07-31 15:43:06.037207,Morning,A,High,13,10,231.4,Medium,False,10.43,16.24,26.67,38,0,7,3,2,0,0.7018,-11.33,30.08,1,0,1,0.802
ORD-01949,2024-07-31 18:20:22.804560,Morning,B,Medium,7,6,77.7,High,False,8.72,8.12,16.84,45,0,7,3,2,0,0.3742,-28.16,5.44,0,1,1,1.246
ORD-01950,2024-07-31 20:57:39.571914,Morning,D,High,14,5,171.3,Low,True,11.39,11.58,22.97,38,0,7,3,2,0,0.6045,-15.03,23.98,0,0,0,0.814
ORD-01951,2024-07-31 23:34:56.339267,Evening,E,High,39,5,212.7,Medium,True,31.94,20.18,52.12,38,1,7,3,2,0,1.3716,14.12,82.95,0,0,0,0.819
ORD-01952,2024-08-01 02:12:13.106621,Morning,C,Medium,48,8,148.0,High,True,32.86,24.99,57.85,45,1,8,3,3,0,1.2856,12.85,71.04,1,1,0,0.685
ORD-01953,2024-08-01 04:49:29.873974,Morning,A,High,31,4,227.1,Low,True,24.17,13.13,37.3,38,1,8,3,3,0,0.9816,-0.7,70.4,0,0,0,0.78
ORD-01954,2024-08-01 07:26:46.641328,Morning,B,High,13,8,123.6,Low,True,11.9,7.13,19.03,38,0,8,3,3,0,0.5008,-18.97,16.07,1,0,0,0.915
ORD-01955,2024-08-01 10:04:03.408681,Evening,E,Low,31,10,207.8,Medium,True,18.3,19.22,37.52,55,1,8,3,3,0,0.6822,-17.48,64.42,1,0,0,0.59
ORD-01956,2024-08-01 12:41:20.176035,Evening,B,High,26,8,198.4,Medium,False,22.59,20.61,43.2,38,1,8,3,3,0,1.1368,5.2,51.58,1,0,1,0.869
ORD-01957,2024-08-01 15:18:36.943388,Evening,A,Urgent,26,10,148.7,Medium,True,16.63,14.87,31.5,28,1,8,3,3,0,1.125,3.5,38.66,1,0,0,0.64
ORD-01958,2024-08-01 17:55:53.710742,Morning,B,Low,18,8,90.5,Medium,True,15.93,12.21,28.14,55,1,8,3,3,0,0.5116,-26.86,16.29,1,0,0,0.885
ORD-01959,2024-08-01 20:33:10.478095,Morning,D,Medium,7,9,109.9,Medium,True,4.68,8.77,13.45,45,0,8,3,3,0,0.2989,-31.55,7.69,1,0,0,0.669
ORD-01960,2024-08-01 23:10:27.245449,Morning,C,Medium,19,1,56.2,Medium,True,15.39,15.05,30.44,45,1,8,3,3,0,0.6764,-14.56,10.68,0,0,0,0.81
ORD-01961,2024-08-02 01:47:44.012802,Morning,A,Medium,45,4,173.8,Low,True,26.07,18.64,44.71,45,1,8,3,4,0,0.9936,-0.29,78.21,0,0,0,0.579
ORD-01962,2024-08-02 04:25:00.780156,Morning,B,High,21,3,169.0,Medium,True,25.96,16.66,42.62,38,0,8,3,4,0,1.1216,4.62,35.49,0,0,0,1.236
ORD-01963,2024-08-02 07:02:17.547509,Night,E,Medium,2,9,153.2,Low,True,8.03,5.4,13.43,45,0,8,3,4,0,0.2984,-31.57,3.06,1,0,0,4.015
ORD-01964,2024-08-02 09:39:34.314862,Morning,B,High,18,3,145.1,High,False,33.77,19.57,53.34,38,1,8,3,4,0,1.4037,15.34,26.12,0,1,1,1.876
ORD-01965,2024-08-02 12:16:51.082216,Morning,B,Low,24,10,204.3,Low,True,15.15,12.52,27.67,55,0,8,3,4,0,0.5031,-27.33,49.03,1,0,0,0.631
ORD-01966,2024-08-02 14:54:07.849569,Evening,A,Medium,30,7,161.9,Low,True,20.81,18.31,39.12,45,0,8,3,4,0,0.8693,-5.88,48.57,1,0,0,0.694
ORD-01967,2024-08-02 17:31:24.616923,Evening,B,High,33,2,127.8,Medium,True,40.94,18.03,58.97,38,1,8,3,4,0,1.5518,20.97,42.17,0,0,0,1.241
ORD-01968,2024-08-02 20:08:41.384276,Morning,D,Medium,22,7,155.9,Low,True,13.8,12.06,25.86,45,0,8,3,4,0,0.5747,-19.14,34.3,1,0,0,0.627
ORD-01969,2024-08-02 22:45:58.151630,Morning,D,Medium,8,4,231.9,Low,True,15.13,12.56,27.69,45,0,8,3,4,0,0.6153,-17.31,18.55,0,0,0,1.891
ORD-01970,2024-08-03 01:23:14.918983,Night,B,Low,23,3,174.9,High,True,40.77,9.13,49.9,55,0,8,3,5,1,0.9073,-5.1,40.23,0,1,0,1.773
ORD-01971,2024-08-03 04:00:31.686337,Morning,E,Medium,1,10,134.4,Medium,True,5.13,2.0,7.13,45,0,8,3,5,1,0.1584,-37.87,1.34,1,0,0,5.13
ORD-01972,2024-08-03 06:37:48.453690,Evening,B,Medium,26,8,148.2,Low,True,18.38,15.51,33.89,45,0,8,3,5,1,0.7531,-11.11,38.53,1,0,0,0.707
ORD-01973,2024-08-03 09:15:05.221044,Night,E,Medium,23,8,168.5,Low,True,14.67,12.45,27.12,45,0,8,3,5,1,0.6027,-17.88,38.76,1,0,0,0.638
ORD-01974,2024-08-03 11:52:21.988397,Morning,A,High,18,4,133.2,Medium,False,13.15,15.36,28.51,38,0,8,3,5,1,0.7503,-9.49,23.98,0,0,1,0.731
ORD-01975,2024-08-03 14:29:38.755751,Evening,B,High,34,7,129.6,Medium,True,26.54,22.59,49.13,38,1,8,3,5,1,1.2929,11.13,44.06,1,0,0,0.781
ORD-01976,2024-08-03 17:06:55.523104,Morning,E,Urgent,38,4,149.5,Low,False,32.25,29.9,62.15,28,1,8,3,5,1,2.2196,34.15,56.81,0,0,1,0.849
ORD-01977,2024-08-03 19:44:12.290458,Morning,E,High,14,7,210.8,Low,True,11.82,11.04,22.86,38,0,8,3,5,1,0.6016,-15.14,29.51,1,0,0,0.844
ORD-01978,2024-08-03 22:21:29.057811,Morning,D,Medium,26,4,181.6,High,True,23.7,20.57,44.27,45,1,8,3,5,1,0.9838,-0.73,47.22,0,1,0,0.912
ORD-01979,2024-08-04 00:58:45.825165,Night,C,Low,26,7,133.6,Low,True,17.86,16.88,34.74,55,0,8,3,6,1,0.6316,-20.26,34.74,1,0,0,0.687
ORD-01980,2024-08-04 03:36:02.592518,Morning,D,High,26,8,184.8,Medium,False,17.64,19.85,37.49,38,0,8,3,6,1,0.9866,-0.51,48.05,1,0,1,0.678
ORD-01981,2024-08-04 06:13:19.359871,Morning,D,Medium,21,4,150.3,Low,True,16.69,11.8,28.49,45,0,8,3,6,1,0.6331,-16.51,31.56,0,0,0,0.795
ORD-01982,2024-08-04 08:50:36.127225,Night,B,Medium,11,1,163.8,Medium,False,23.17,10.09,33.26,45,1,8,3,6,1,0.7391,-11.74,18.02,0,0,1,2.106
ORD-01983,2024-08-04 11:27:52.894578,Morning,C,Low,9,1,160.1,Medium,True,18.89,2.94,21.83,55,0,8,3,6,1,0.3969,-33.17,14.41,0,0,0,2.099
ORD-01984,2024-08-04 14:05:09.661932,Night,C,High,2,10,65.6,Low,True,6.18,8.77,14.95,38,0,8,3,6,1,0.3934,-23.05,1.31,1,0,0,3.09
ORD-01985,2024-08-04 16:42:26.429285,Evening,C,Medium,3,10,30.0,Medium,True,3.0,4.46,7.46,45,0,8,3,6,1,0.1658,-37.54,0.9,1,0,0,1.0
ORD-01986,2024-08-04 19:19:43.196639,Evening,E,Low,41,7,159.1,Low,True,25.46,21.13,46.59,55,1,8,3,6,1,0.8471,-8.41,65.23,1,0,0,0.621
ORD-01987,2024-08-04 21:56:59.963992,Night,C,Medium,4,2,115.9,High,True,14.58,7.32,21.9,45,1,8,3,6,1,0.4867,-23.1,4.64,0,1,0,3.645
ORD-01988,2024-08-05 00:34:16.731346,Evening,A,High,43,6,84.4,Medium,True,24.14,18.89,43.03,38,1,8,3,0,0,1.1324,5.03,36.29,0,0,0,0.561
ORD-01989,2024-08-05 03:11:33.498699,Morning,A,Medium,45,5,117.1,Low,False,29.33,28.21,57.54,45,1,8,3,0,0,1.2787,12.54,52.7,0,0,1,0.652
ORD-01990,2024-08-05 05:48:50.266053,Night,D,High,13,3,187.0,Medium,True,19.88,7.72,27.6,38,0,8,3,0,0,0.7263,-10.4,24.31,0,0,0,1.529
ORD-01991,2024-08-05 08:26:07.033406,Night,A,Medium,23,4,164.3,High,True,23.5,12.67,36.17,45,0,8,3,0,0,0.8038,-8.83,37.79,0,1,0,1.022
ORD-01992,2024-08-05 11:03:23.800760,Night,E,Medium,19,8,180.9,Low,True,17.73,8.68,26.41,45,0,8,3,0,0,0.5869,-18.59,34.37,1,0,0,0.933
ORD-01993,2024-08-05 13:40:40.568113,Evening,A,Medium,20,10,168.1,Low,True,7.23,12.33,19.56,45,0,8,3,0,0,0.4347,-25.44,33.62,1,0,0,0.362
ORD-01994,2024-08-05 16:17:57.335467,Evening,B,Low,18,9,113.2,Medium,True,12.85,7.44,20.29,55,0,8,3,0,0,0.3689,-34.71,20.38,1,0,0,0.714
ORD-01995,2024-08-05 18:55:14.102820,Evening,D,Medium,18,3,181.1,Low,True,18.48,11.63,30.11,45,0,8,3,0,0,0.6691,-14.89,32.6,0,0,0,1.027
ORD-01996,2024-08-05 21:32:30.870174,Morning,B,High,35,6,173.4,Medium,True,36.74,19.96,56.7,38,1,8,3,0,0,1.4921,18.7,60.69,0,0,0,1.05
ORD-01997,2024-08-06 00:09:47.637527,Evening,D,Low,21,6,145.3,Low,True,13.88,15.17,29.05,55,0,8,3,1,0,0.5282,-25.95,30.51,0,0,0,0.661
ORD-01998,2024-08-06 02:47:04.404880,Evening,A,Urgent,10,3,152.4,Medium,True,12.71,11.48,24.19,28,1,8,3,1,0,0.8639,-3.81,15.24,0,0,0,1.271
ORD-01999,2024-08-06 05:24:21.172234,Evening,C,Low,19,5,181.7,Low,True,16.08,9.59,25.67,55,0,8,3,1,0,0.4667,-29.33,34.52,0,0,0,0.846
ORD-02000,2024-08-06 08:01:37.939587,Morning,C,Medium,49,4,120.0,Low,True,30.03,25.48,55.51,45,1,8,3,1,0,1.2336,10.51,58.8,0,0,0,0.613
ORD-02001,2024-08-06 10:38:54.706941,Evening,E,High,50,1,193.5,High,True,65.38,25.94,91.32,38,1,8,3,1,0,2.4032,53.32,96.75,0,1,0,1.308
ORD-02002,2024-08-06 13:16:11.474294,Evening,A,High,4,5,172.6,Medium,True,9.11,5.22,14.33,38,0,8,3,1,0,0.3771,-23.67,6.9,0,0,0,2.278
ORD-02003,2024-08-06 15:53:28.241648,Evening,B,Low,29,4,150.1,Low,True,26.39,15.49,41.88,55,0,8,3,1,0,0.7615,-13.12,43.53,0,0,0,0.91
ORD-02004,2024-08-06 18:30:45.009001,Night,C,Low,49,4,211.2,Medium,True,37.57,24.89,62.46,55,1,8,3,1,0,1.1356,7.46,103.49,0,0,0,0.767
ORD-02005,2024-08-06 21:08:01.776355,Evening,E,High,10,7,98.2,Medium,True,7.96,7.63,15.59,38,0,8,3,1,0,0.4103,-22.41,9.82,1,0,0,0.796
ORD-02006,2024-08-06 23:45:18.543708,Morning,D,Medium,4,8,131.6,Low,True,4.92,6.32,11.24,45,0,8,3,1,0,0.2498,-33.76,5.26,1,0,0,1.23
ORD-02007,2024-08-07 02:22:35.311062,Morning,D,High,11,1,122.7,Medium,True,11.45,5.57,17.02,38,0,8,3,2,0,0.4479,-20.98,13.5,0,0,0,1.041
ORD-02008,2024-08-07 04:59:52.078415,Evening,C,High,16,4,164.3,High,True,18.24,13.44,31.68,38,1,8,3,2,0,0.8337,-6.32,26.29,0,1,0,1.14
ORD-02009,2024-08-07 07:37:08.845769,Evening,C,Low,47,1,197.3,Low,False,42.42,28.41,70.83,55,1,8,3,2,0,1.2878,15.83,92.73,0,0,1,0.903
ORD-02010,2024-08-07 10:14:25.613122,Night,E,High,13,9,110.7,High,False,9.32,12.77,22.09,38,0,8,3,2,0,0.5813,-15.91,14.39,1,1,1,0.717
ORD-02011,2024-08-07 12:51:42.380476,Morning,E,Low,17,10,282.2,Medium,True,12.5,12.15,24.65,55,0,8,3,2,0,0.4482,-30.35,47.97,1,0,0,0.735
ORD-02012,2024-08-07 15:28:59.147829,Morning,D,Urgent,13,5,123.5,Low,True,14.25,12.23,26.48,28,0,8,3,2,0,0.9457,-1.52,16.06,0,0,0,1.096
ORD-02013,2024-08-07 18:06:15.915183,Morning,D,Urgent,20,10,164.4,Medium,True,13.46,9.95,23.41,28,0,8,3,2,0,0.8361,-4.59,32.88,1,0,0,0.673
ORD-02014,2024-08-07 20:43:32.682536,Evening,E,High,50,7,150.1,Low,True,30.07,25.73,55.8,38,1,8,3,2,0,1.4684,17.8,75.05,1,0,0,0.601
ORD-02015,2024-08-07 23:20:49.449889,Night,A,Urgent,5,9,151.8,Medium,True,8.21,5.05,13.26,28,0,8,3,2,0,0.4736,-14.74,7.59,1,0,0,1.642
ORD-02016,2024-08-08 01:58:06.217243,Night,B,High,23,10,118.3,Medium,True,18.98,12.41,31.39,38,1,8,3,3,0,0.8261,-6.61,27.21,1,0,0,0.825
ORD-02017,2024-08-08 04:35:22.984596,Evening,E,Low,31,6,192.7,Low,False,24.64,25.3,49.94,55,0,8,3,3,0,0.908,-5.06,59.74,0,0,1,0.795
ORD-02018,2024-08-08 07:12:39.751950,Night,C,Low,6,5,115.8,Low,True,6.81,5.89,12.7,55,0,8,3,3,0,0.2309,-42.3,6.95,0,0,0,1.135
ORD-02019,2024-08-08 09:49:56.519303,Morning,A,Low,3,8,79.2,Low,True,3.0,6.4,9.4,55,0,8,3,3,0,0.1709,-45.6,2.38,1,0,0,1.0
ORD-02020,2024-08-08 12:27:13.286657,Evening,C,Medium,50,2,105.1,Medium,True,38.05,22.95,61.0,45,1,8,3,3,0,1.3556,16.0,52.55,0,0,0,0.761
ORD-02021,2024-08-08 15:04:30.054010,Night,C,High,14,3,207.8,High,True,25.08,7.25,32.33,38,0,8,3,3,0,0.8508,-5.67,29.09,0,1,0,1.791
ORD-02022,2024-08-08 17:41:46.821364,Morning,D,Medium,13,6,200.0,High,True,14.96,6.5,21.46,45,0,8,3,3,0,0.4769,-23.54,26.0,0,1,0,1.151
ORD-02023,2024-08-08 20:19:03.588717,Night,D,High,18,3,69.7,High,True,15.5,9.64,25.14,38,1,8,3,3,0,0.6616,-12.86,12.55,0,1,0,0.861
ORD-02024,2024-08-08 22:56:20.356071,Morning,A,Medium,4,5,182.5,Medium,True,10.2,5.63,15.83,45,0,8,3,3,0,0.3518,-29.17,7.3,0,0,0,2.55
ORD-02025,2024-08-09 01:33:37.123424,Morning,C,Low,8,9,70.7,Low,True,8.36,5.13,13.49,55,0,8,3,4,0,0.2453,-41.51,5.66,1,0,0,1.045
ORD-02026,2024-08-09 04:10:53.890778,Evening,A,Medium,2,8,148.9,Medium,True,3.0,8.65,11.65,45,0,8,3,4,0,0.2589,-33.35,2.98,1,0,0,1.5
ORD-02027,2024-08-09 06:48:10.658131,Night,E,Urgent,27,9,101.7,Low,True,13.08,14.14,27.22,28,0,8,3,4,0,0.9721,-0.78,27.46,1,0,0,0.484
ORD-02028,2024-08-09 09:25:27.425485,Morning,A,Medium,24,9,185.6,Low,True,10.03,16.22,26.25,45,0,8,3,4,0,0.5833,-18.75,44.54,1,0,0,0.418
ORD-02029,2024-08-09 12:02:44.192838,Night,C,Medium,14,4,172.2,Low,True,13.49,8.51,22.0,45,0,8,3,4,0,0.4889,-23.0,24.11,0,0,0,0.964
ORD-02030,2024-08-09 14:40:00.960192,Morning,C,Low,46,8,189.2,High,True,36.81,24.4,61.21,55,1,8,3,4,0,1.1129,6.21,87.03,1,1,0,0.8
ORD-02031,2024-08-09 17:17:17.727545,Evening,C,Urgent,16,4,138.2,Medium,False,14.93,14.1,29.03,28,0,8,3,4,0,1.0368,1.03,22.11,0,0,1,0.933
ORD-02032,2024-08-09 19:54:34.494898,Evening,C,Medium,1,10,142.3,Low,True,3.39,12.44,15.83,45,0,8,3,4,0,0.3518,-29.17,1.42,1,0,0,3.39
ORD-02033,2024-08-09 22:31:51.262252,Morning,D,High,5,2,90.0,High,True,10.11,5.76,15.87,38,0,8,3,4,0,0.4176,-22.13,4.5,0,1,0,2.022
ORD-02034,2024-08-10 01:09:08.029605,Evening,C,Low,37,3,108.8,Medium,True,32.19,19.52,51.71,55,1,8,3,5,1,0.9402,-3.29,40.26,0,0,0,0.87
ORD-02035,2024-08-10 03:46:24.796959,Evening,A,Low,27,10,187.9,Medium,False,13.73,20.92,34.65,55,0,8,3,5,1,0.63,-20.35,50.73,1,0,1,0.509
ORD-02036,2024-08-10 06:23:41.564312,Evening,B,High,14,3,164.7,Low,True,23.11,12.66,35.77,38,0,8,3,5,1,0.9413,-2.23,23.06,0,0,0,1.651
ORD-02037,2024-08-10 09:00:58.331666,Morning,C,High,13,7,154.2,Low,True,9.74,10.44,20.18,38,0,8,3,5,1,0.5311,-17.82,20.05,1,0,0,0.749
ORD-02038,2024-08-10 11:38:15.099019,Morning,B,High,11,3,200.5,Low,True,21.16,10.69,31.85,38,0,8,3,5,1,0.8382,-6.15,22.06,0,0,0,1.924
ORD-02039,2024-08-10 14:15:31.866373,Night,D,Medium,22,3,98.0,Medium,True,17.56,13.38,30.94,45,0,8,3,5,1,0.6876,-14.06,21.56,0,0,0,0.798
ORD-02040,2024-08-10 16:52:48.633726,Evening,B,Urgent,36,7,178.8,Medium,True,34.29,19.96,54.25,28,1,8,3,5,1,1.9375,26.25,64.37,1,0,0,0.952
ORD-02041,2024-08-10 19:30:05.401080,Night,D,Medium,32,8,102.8,Low,True,19.2,15.82,35.02,45,0,8,3,5,1,0.7782,-9.98,32.9,1,0,0,0.6
ORD-02042,2024-08-10 22:07:22.168433,Evening,A,Urgent,38,3,209.1,Low,True,28.87,22.06,50.93,28,1,8,3,5,1,1.8189,22.93,79.46,0,0,0,0.76
ORD-02043,2024-08-11 00:44:38.935787,Night,D,Low,3,10,171.8,Medium,True,5.78,5.44,11.22,55,0,8,3,6,1,0.204,-43.78,5.15,1,0,0,1.927
ORD-02044,2024-08-11 03:21:55.703140,Morning,A,Medium,28,1,188.6,High,True,36.95,13.62,50.57,45,1,8,3,6,1,1.1238,5.57,52.81,0,1,0,1.32
ORD-02045,2024-08-11 05:59:12.470494,Evening,C,Medium,39,2,121.9,Low,True,27.78,19.94,47.72,45,1,8,3,6,1,1.0604,2.72,47.54,0,0,0,0.712
ORD-02046,2024-08-11 08:36:29.237847,Evening,B,High,11,10,237.3,Medium,True,12.96,8.37,21.33,38,0,8,3,6,1,0.5613,-16.67,26.1,1,0,0,1.178
ORD-02047,2024-08-11 11:13:46.005201,Morning,C,High,30,1,229.9,High,True,44.86,15.66,60.52,38,1,8,3,6,1,1.5926,22.52,68.97,0,1,0,1.495
ORD-02048,2024-08-11 13:51:02.772554,Morning,A,Medium,1,4,167.2,Medium,True,6.87,4.2,11.07,45,0,8,3,6,1,0.246,-33.93,1.67,0,0,0,6.87
ORD-02049,2024-08-11 16:28:19.539907,Evening,D,Low,46,2,197.0,Low,True,31.73,20.65,52.38,55,1,8,3,6,1,0.9524,-2.62,90.62,0,0,0,0.69
ORD-02050,2024-08-11 19:05:36.307261,Night,C,Low,37,3,137.9,Medium,True,24.13,20.58,44.71,55,0,8,3,6,1,0.8129,-10.29,51.02,0,0,0,0.652
ORD-02051,2024-08-11 21:42:53.074614,Evening,E,Low,32,1,99.3,High,True,42.01,17.64,59.65,55,0,8,3,6,1,1.0845,4.65,31.78,0,1,0,1.313
ORD-02052,2024-08-12 00:20:09.841968,Morning,D,High,30,4,181.8,Medium,True,29.42,14.15,43.57,38,1,8,3,0,0,1.1466,5.57,54.54,0,0,0,0.981
ORD-02053,2024-08-12 02:57:26.609321,Night,C,Medium,34,3,113.2,Low,True,25.94,14.85,40.79,45,0,8,3,0,0,0.9064,-4.21,38.49,0,0,0,0.763
ORD-02054,2024-08-12 05:34:43.376675,Morning,D,Low,22,2,202.4,Low,True,18.74,18.95,37.69,55,0,8,3,0,0,0.6853,-17.31,44.53,0,0,0,0.852
ORD-02055,2024-08-12 08:12:00.144028,Morning,A,Medium,49,8,191.9,Low,True,20.67,27.74,48.41,45,0,8,3,0,0,1.0758,3.41,94.03,1,0,0,0.422
ORD-02056,2024-08-12 10:49:16.911382,Night,C,Low,11,1,159.4,Low,True,11.39,12.56,23.95,55,0,8,3,0,0,0.4355,-31.05,17.53,0,0,0,1.035
ORD-02057,2024-08-12 13:26:33.678735,Night,B,Urgent,41,5,157.2,Medium,True,41.82,23.3,65.12,28,1,8,3,0,0,2.3257,37.12,64.45,0,0,0,1.02
ORD-02058,2024-08-12 16:03:50.446089,Night,D,Medium,39,4,189.6,Low,True,29.19,20.35,49.54,45,1,8,3,0,0,1.1009,4.54,73.94,0,0,0,0.748
ORD-02059,2024-08-12 18:41:07.213442,Night,A,Urgent,42,7,161.0,Medium,True,26.57,20.43,47.0,28,1,8,3,0,0,1.6786,19.0,67.62,1,0,0,0.633
ORD-02060,2024-08-12 21:18:23.980796,Evening,B,High,4,4,133.8,Medium,True,14.21,6.76,20.97,38,0,8,3,0,0,0.5518,-17.03,5.35,0,0,0,3.552
ORD-02061,2024-08-12 23:55:40.748149,Morning,C,Medium,23,5,89.4,Medium,True,18.72,12.64,31.36,45,0,8,3,0,0,0.6969,-13.64,20.56,0,0,0,0.814
ORD-02062,2024-08-13 02:32:57.515503,Morning,C,Medium,33,9,188.4,Low,False,15.12,17.16,32.28,45,0,8,3,1,0,0.7173,-12.72,62.17,1,0,1,0.458
ORD-02063,2024-08-13 05:10:14.282856,Night,A,High,31,2,164.7,Low,True,27.87,14.21,42.08,38,1,8,3,1,0,1.1074,4.08,51.06,0,0,0,0.899
ORD-02064,2024-08-13 07:47:31.050210,Night,C,High,35,5,260.2,Low,True,30.14,21.07,51.21,38,1,8,3,1,0,1.3476,13.21,91.07,0,0,0,0.861
ORD-02065,2024-08-13 10:24:47.817563,Morning,D,Low,32,6,146.2,High,False,23.9,21.04,44.94,55,0,8,3,1,0,0.8171,-10.06,46.78,0,1,1,0.747
ORD-02066,2024-08-13 13:02:04.584916,Morning,A,Urgent,12,8,162.1,Low,True,11.37,10.65,22.02,28,0,8,3,1,0,0.7864,-5.98,19.45,1,0,0,0.947
ORD-02067,2024-08-13 15:39:21.352270,Morning,B,Medium,42,6,163.0,Low,True,32.15,20.0,52.15,45,1,8,3,1,0,1.1589,7.15,68.46,0,0,0,0.765
ORD-02068,2024-08-13 18:16:38.119623,Morning,E,Medium,25,8,176.0,Low,True,15.35,14.07,29.42,45,0,8,3,1,0,0.6538,-15.58,44.0,1,0,0,0.614
ORD-02069,2024-08-13 20:53:54.886977,Night,E,Medium,49,8,111.3,Medium,True,28.71,25.79,54.5,45,1,8,3,1,0,1.2111,9.5,54.54,1,0,0,0.586
ORD-02070,2024-08-13 23:31:11.654330,Morning,A,High,27,8,146.9,Medium,True,17.88,16.12,34.0,38,0,8,3,1,0,0.8947,-4.0,39.66,1,0,0,0.662
ORD-02071,2024-08-14 02:08:28.421684,Evening,C,Medium,27,7,183.1,High,False,27.96,15.63,43.59,45,0,8,3,2,0,0.9687,-1.41,49.44,1,1,1,1.036
ORD-02072,2024-08-14 04:45:45.189037,Night,A,Medium,30,10,136.7,Low,True,10.29,17.91,28.2,45,0,8,3,2,0,0.6267,-16.8,41.01,1,0,0,0.343
ORD-02073,2024-08-14 07:23:01.956391,Evening,E,Low,44,1,181.6,Low,True,40.44,24.05,64.49,55,1,8,3,2,0,1.1725,9.49,79.9,0,0,0,0.919
ORD-02074,2024-08-14 10:00:18.723744,Evening,B,Medium,46,5,153.9,Medium,False,40.83,35.43,76.26,45,1,8,3,2,0,1.6947,31.26,70.79,0,0,1,0.888
ORD-02075,2024-08-14 12:37:35.491098,Morning,B,Low,30,9,166.1,Low,True,19.28,18.45,37.73,55,1,8,3,2,0,0.686,-17.27,49.83,1,0,0,0.643
ORD-02076,2024-08-14 15:14:52.258451,Morning,B,High,28,2,196.0,Low,False,33.63,17.36,50.99,38,1,8,3,2,0,1.3418,12.99,54.88,0,0,1,1.201
ORD-02077,2024-08-14 17:52:09.025805,Morning,C,Medium,3,9,140.9,High,True,9.91,5.71,15.62,45,0,8,3,2,0,0.3471,-29.38,4.23,1,1,0,3.303
ORD-02078,2024-08-14 20:29:25.793158,Morning,A,Urgent,4,1,91.9,Medium,True,8.28,5.98,14.26,28,0,8,3,2,0,0.5093,-13.74,3.68,0,0,0,2.07
ORD-02079,2024-08-14 23:06:42.560512,Morning,D,High,37,8,139.3,Low,True,16.28,14.76,31.04,38,0,8,3,2,0,0.8168,-6.96,51.54,1,0,0,0.44
ORD-02080,2024-08-15 01:43:59.327865,Morning,C,High,18,2,117.0,High,True,27.51,10.87,38.38,38,1,8,3,3,0,1.01,0.38,21.06,0,1,0,1.528
ORD-02081,2024-08-15 04:21:16.095219,Morning,C,Urgent,22,7,65.0,Low,False,10.44,18.68,29.12,28,0,8,3,3,0,1.04,1.12,14.3,1,0,1,0.475
ORD-02082,2024-08-15 06:58:32.862572,Morning,D,Medium,32,9,145.7,Low,True,12.8,16.44,29.24,45,0,8,3,3,0,0.6498,-15.76,46.62,1,0,0,0.4
ORD-02083,2024-08-15 09:35:49.629925,Night,A,Medium,12,9,158.0,Low,True,3.7,13.27,16.97,45,1,8,3,3,0,0.3771,-28.03,18.96,1,0,0,0.308
ORD-02084,2024-08-15 12:13:06.397279,Morning,A,Low,17,6,190.8,Low,False,13.71,14.05,27.76,55,0,8,3,3,0,0.5047,-27.24,32.44,0,0,1,0.806
ORD-02085,2024-08-15 14:50:23.164632,Morning,B,Low,3,10,104.4,Low,True,3.0,4.31,7.31,55,0,8,3,3,0,0.1329,-47.69,3.13,1,0,0,1.0
ORD-02086,2024-08-15 17:27:39.931986,Night,D,Medium,39,2,153.5,High,False,39.8,25.68,65.48,45,1,8,3,3,0,1.4551,20.48,59.86,0,1,1,1.021
ORD-02087,2024-08-15 20:04:56.699339,Morning,A,High,26,3,195.1,High,True,33.28,17.25,50.53,38,1,8,3,3,0,1.3297,12.53,50.73,0,1,0,1.28
ORD-02088,2024-08-15 22:42:13.466693,Evening,D,High,10,2,127.0,Medium,True,10.36,8.0,18.36,38,0,8,3,3,0,0.4832,-19.64,12.7,0,0,0,1.036
ORD-02089,2024-08-16 01:19:30.234046,Night,C,Medium,30,8,171.4,High,False,22.66,24.56,47.22,45,0,8,3,4,0,1.0493,2.22,51.42,1,1,1,0.755
ORD-02090,2024-08-16 03:56:47.001400,Evening,C,High,8,9,213.9,Low,True,5.04,9.82,14.86,38,0,8,3,4,0,0.3911,-23.14,17.11,1,0,0,0.63
ORD-02091,2024-08-16 06:34:03.768753,Morning,C,Medium,40,10,75.5,Low,True,13.31,21.0,34.31,45,1,8,3,4,0,0.7624,-10.69,30.2,1,0,0,0.333
ORD-02092,2024-08-16 09:11:20.536107,Evening,A,Low,12,6,160.9,Low,True,8.65,10.57,19.22,55,0,8,3,4,0,0.3495,-35.78,19.31,0,0,0,0.721
ORD-02093,2024-08-16 11:48:37.303460,Evening,A,Low,14,2,196.5,Medium,True,25.67,14.93,40.6,55,1,8,3,4,0,0.7382,-14.4,27.51,0,0,0,1.834
ORD-02094,2024-08-16 14:25:54.070814,Morning,D,Medium,44,2,136.0,Low,True,33.55,21.1,54.65,45,1,8,3,4,0,1.2144,9.65,59.84,0,0,0,0.762
ORD-02095,2024-08-16 17:03:10.838167,Morning,B,Medium,38,7,205.5,Low,True,33.12,19.81,52.93,45,1,8,3,4,0,1.1762,7.93,78.09,1,0,0,0.872
ORD-02096,2024-08-16 19:40:27.605521,Morning,C,Medium,35,9,175.4,High,False,21.94,26.5,48.44,45,0,8,3,4,0,1.0764,3.44,61.39,1,1,1,0.627
ORD-02097,2024-08-16 22:17:44.372874,Night,E,Low,31,10,220.8,Low,True,15.86,13.5,29.36,55,0,8,3,4,0,0.5338,-25.64,68.45,1,0,0,0.512
ORD-02098,2024-08-17 00:55:01.140228,Morning,A,Medium,27,8,173.3,Medium,True,14.92,13.7,28.62,45,0,8,3,5,1,0.636,-16.38,46.79,1,0,0,0.553
ORD-02099,2024-08-17 03:32:17.907581,Morning,B,High,10,9,224.1,Low,True,17.51,6.0,23.51,38,0,8,3,5,1,0.6187,-14.49,22.41,1,0,0,1.751
ORD-02100,2024-08-17 06:09:34.674934,Evening,B,Low,16,5,162.0,Medium,True,24.01,11.03,35.04,55,0,8,3,5,1,0.6371,-19.96,25.92,0,0,0,1.501
ORD-02101,2024-08-17 08:46:51.442288,Night,A,High,49,2,95.3,Medium,False,35.44,31.63,67.07,38,1,8,3,5,1,1.765,29.07,46.7,0,0,1,0.723
ORD-02102,2024-08-17 11:24:08.209641,Morning,E,High,46,5,124.8,Low,False,29.88,31.07,60.95,38,1,8,3,5,1,1.6039,22.95,57.41,0,0,1,0.65
ORD-02103,2024-08-17 14:01:24.976995,Morning,E,Medium,37,1,190.7,Low,True,31.2,15.7,46.9,45,1,8,3,5,1,1.0422,1.9,70.56,0,0,0,0.843
ORD-02104,2024-08-17 16:38:41.744348,Evening,B,Low,45,7,189.9,Medium,True,38.42,20.6,59.02,55,1,8,3,5,1,1.0731,4.02,85.46,1,0,0,0.854
ORD-02105,2024-08-17 19:15:58.511702,Evening,E,Urgent,41,4,137.6,Medium,True,33.61,22.88,56.49,28,1,8,3,5,1,2.0175,28.49,56.42,0,0,0,0.82
ORD-02106,2024-08-17 21:53:15.279055,Evening,A,Medium,20,4,222.2,Low,False,21.11,14.45,35.56,45,0,8,3,5,1,0.7902,-9.44,44.44,0,0,1,1.055
ORD-02107,2024-08-18 00:30:32.046409,Night,E,Medium,36,1,135.8,Low,True,33.7,20.76,54.46,45,0,8,3,6,1,1.2102,9.46,48.89,0,0,0,0.936
ORD-02108,2024-08-18 03:07:48.813762,Morning,D,High,38,10,168.5,Low,True,14.88,23.21,38.09,38,1,8,3,6,1,1.0024,0.09,64.03,1,0,0,0.392
ORD-02109,2024-08-18 05:45:05.581116,Morning,A,High,7,5,167.4,Low,True,9.22,7.93,17.15,38,0,8,3,6,1,0.4513,-20.85,11.72,0,0,0,1.317
ORD-02110,2024-08-18 08:22:22.348469,Morning,C,High,46,8,96.8,High,True,22.09,24.97,47.06,38,0,8,3,6,1,1.2384,9.06,44.53,1,1,0,0.48
ORD-02111,2024-08-18 10:59:39.115823,Morning,D,High,25,6,145.6,Low,True,19.19,10.61,29.8,38,0,8,3,6,1,0.7842,-8.2,36.4,0,0,0,0.768
ORD-02112,2024-08-18 13:36:55.883176,Evening,B,Low,16,7,245.2,Medium,True,21.57,13.32,34.89,55,0,8,3,6,1,0.6344,-20.11,39.23,1,0,0,1.348
ORD-02113,2024-08-18 16:14:12.650530,Night,B,High,24,5,113.1,Medium,False,25.1,18.26,43.36,38,1,8,3,6,1,1.1411,5.36,27.14,0,0,1,1.046
ORD-02114,2024-08-18 18:51:29.417883,Morning,C,Medium,17,7,175.0,High,True,24.88,13.36,38.24,45,1,8,3,6,1,0.8498,-6.76,29.75,1,1,0,1.464
ORD-02115,2024-08-18 21:28:46.185237,Evening,A,High,17,2,103.8,Low,False,11.55,13.61,25.16,38,1,8,3,6,1,0.6621,-12.84,17.65,0,0,1,0.679
ORD-02116,2024-08-19 00:06:02.952590,Morning,A,Medium,28,10,112.7,Medium,True,13.29,16.12,29.41,45,0,8,3,0,0,0.6536,-15.59,31.56,1,0,0,0.475
ORD-02117,2024-08-19 02:43:19.719943,Evening,A,Low,50,5,93.4,Medium,True,33.06,26.12,59.18,55,1,8,3,0,0,1.076,4.18,46.7,0,0,0,0.661
ORD-02118,2024-08-19 05:20:36.487297,Morning,D,Medium,21,1,187.6,Low,False,23.61,15.61,39.22,45,0,8,3,0,0,0.8716,-5.78,39.4,0,0,1,1.124
ORD-02119,2024-08-19 07:57:53.254650,Evening,B,High,11,10,115.1,Low,True,8.34,12.11,20.45,38,0,8,3,0,0,0.5382,-17.55,12.66,1,0,0,0.758
ORD-02120,2024-08-19 10:35:10.022004,Morning,C,Medium,39,1,200.7,High,True,53.84,16.97,70.81,45,1,8,3,0,0,1.5736,25.81,78.27,0,1,0,1.381
ORD-02121,2024-08-19 13:12:26.789357,Night,A,High,15,5,128.7,Low,True,10.97,11.23,22.2,38,0,8,3,0,0,0.5842,-15.8,19.3,0,0,0,0.731
ORD-02122,2024-08-19 15:49:43.556711,Night,A,Low,27,8,155.1,Low,True,16.0,12.86,28.86,55,0,8,3,0,0,0.5247,-26.14,41.88,1,0,0,0.593
ORD-02123,2024-08-19 18:27:00.324064,Night,C,Low,13,4,166.5,Medium,True,17.68,6.76,24.44,55,0,8,3,0,0,0.4444,-30.56,21.64,0,0,0,1.36
ORD-02124,2024-08-19 21:04:17.091418,Night,A,Medium,11,3,85.3,Low,False,9.43,12.92,22.35,45,0,8,3,0,0,0.4967,-22.65,9.38,0,0,1,0.857
ORD-02125,2024-08-19 23:41:33.858771,Morning,C,Medium,13,3,158.1,Low,False,15.47,8.54,24.01,45,0,8,3,0,0,0.5336,-20.99,20.55,0,0,1,1.19
ORD-02126,2024-08-20 02:18:50.626125,Evening,B,High,18,7,164.0,Low,True,14.91,8.96,23.87,38,0,8,3,1,0,0.6282,-14.13,29.52,1,0,0,0.828
ORD-02127,2024-08-20 04:56:07.393478,Morning,D,Urgent,48,6,195.6,Low,True,25.72,22.72,48.44,28,1,8,3,1,0,1.73,20.44,93.89,0,0,0,0.536
ORD-02128,2024-08-20 07:33:24.160832,Night,B,High,34,6,111.6,Medium,True,26.67,18.94,45.61,38,1,8,3,1,0,1.2003,7.61,37.94,0,0,0,0.784
ORD-02129,2024-08-20 10:10:40.928185,Morning,D,Medium,35,6,117.3,Low,True,17.33,19.82,37.15,45,1,8,3,1,0,0.8256,-7.85,41.06,0,0,0,0.495
ORD-02130,2024-08-20 12:47:57.695539,Morning,A,Medium,3,4,176.4,Low,True,11.7,2.0,13.7,45,0,8,3,1,0,0.3044,-31.3,5.29,0,0,0,3.9
ORD-02131,2024-08-20 15:25:14.462892,Evening,E,Urgent,1,10,206.5,Medium,True,8.14,7.72,15.86,28,0,8,3,1,0,0.5664,-12.14,2.06,1,0,0,8.14
ORD-02132,2024-08-20 18:02:31.230246,Morning,B,High,18,3,126.3,Medium,True,25.0,10.79,35.79,38,0,8,3,1,0,0.9418,-2.21,22.73,0,0,0,1.389
ORD-02133,2024-08-20 20:39:47.997599,Evening,A,High,45,9,100.6,Medium,True,17.0,21.68,38.68,38,0,8,3,1,0,1.0179,0.68,45.27,1,0,0,0.378
ORD-02134,2024-08-20 23:17:04.764952,Morning,C,Medium,1,8,137.3,Low,True,5.59,6.26,11.85,45,0,8,3,1,0,0.2633,-33.15,1.37,1,0,0,5.59
ORD-02135,2024-08-21 01:54:21.532306,Evening,A,High,39,1,109.5,Low,True,28.72,19.84,48.56,38,0,8,3,2,0,1.2779,10.56,42.7,0,0,0,0.736
ORD-02136,2024-08-21 04:31:38.299659,Night,C,Low,42,2,165.9,High,True,49.51,20.46,69.97,55,1,8,3,2,0,1.2722,14.97,69.68,0,1,0,1.179
ORD-02137,2024-08-21 07:08:55.067013,Evening,D,High,14,6,106.8,Low,True,12.89,11.29,24.18,38,0,8,3,2,0,0.6363,-13.82,14.95,0,0,0,0.921
ORD-02138,2024-08-21 09:46:11.834366,Morning,D,Urgent,6,2,188.9,Low,True,10.68,8.38,19.06,28,1,8,3,2,0,0.6807,-8.94,11.33,0,0,0,1.78
ORD-02139,2024-08-21 12:23:28.601720,Morning,C,Urgent,8,9,158.5,Medium,True,7.97,5.83,13.8,28,0,8,3,2,0,0.4929,-14.2,12.68,1,0,0,0.996
ORD-02140,2024-08-21 15:00:45.369073,Morning,E,Low,4,5,190.2,Medium,True,14.32,6.21,20.53,55,0,8,3,2,0,0.3733,-34.47,7.61,0,0,0,3.58
ORD-02141,2024-08-21 17:38:02.136427,Morning,C,High,43,9,53.1,High,True,22.56,27.38,49.94,38,1,8,3,2,0,1.3142,11.94,22.83,1,1,0,0.525
ORD-02142,2024-08-21 20:15:18.903780,Evening,A,Low,40,2,79.7,Low,True,26.65,22.25,48.9,55,0,8,3,2,0,0.8891,-6.1,31.88,0,0,0,0.666
ORD-02143,2024-08-21 22:52:35.671134,Morning,D,Medium,34,1,201.7,High,True,37.0,21.03,58.03,45,1,8,3,2,0,1.2896,13.03,68.58,0,1,0,1.088
ORD-02144,2024-08-22 01:29:52.438487,Morning,A,High,5,7,121.2,Low,False,5.27,9.26,14.53,38,0,8,3,3,0,0.3824,-23.47,6.06,1,0,1,1.054
ORD-02145,2024-08-22 04:07:09.205841,Morning,A,Medium,48,9,91.3,High,True,30.14,25.28,55.42,45,1,8,3,3,0,1.2316,10.42,43.82,1,1,0,0.628
ORD-02146,2024-08-22 06:44:25.973194,Night,A,Medium,35,10,141.9,Low,True,14.89,16.23,31.12,45,0,8,3,3,0,0.6916,-13.88,49.66,1,0,0,0.425
ORD-02147,2024-08-22 09:21:42.740548,Morning,B,High,42,8,159.7,High,True,41.95,23.51,65.46,38,1,8,3,3,0,1.7226,27.46,67.07,1,1,0,0.999
ORD-02148,2024-08-22 11:58:59.507901,Morning,B,High,19,8,143.7,High,True,24.62,11.52,36.14,38,0,8,3,3,0,0.9511,-1.86,27.3,1,1,0,1.296
ORD-02149,2024-08-22 14:36:16.275255,Evening,B,Medium,10,1,168.7,Medium,True,26.37,10.63,37.0,45,1,8,3,3,0,0.8222,-8.0,16.87,0,0,0,2.637
ORD-02150,2024-08-22 17:13:33.042608,Morning,C,Medium,42,7,163.3,Medium,True,26.69,24.02,50.71,45,0,8,3,3,0,1.1269,5.71,68.59,1,0,0,0.635
ORD-02151,2024-08-22 19:50:49.809961,Night,D,High,3,8,161.2,Low,True,8.08,3.7,11.78,38,0,8,3,3,0,0.31,-26.22,4.84,1,0,0,2.693
ORD-02152,2024-08-22 22:28:06.577315,Morning,E,Medium,10,4,203.9,Medium,True,23.14,10.0,33.14,45,0,8,3,3,0,0.7364,-11.86,20.39,0,0,0,2.314
ORD-02153,2024-08-23 01:05:23.344668,Evening,A,Low,8,10,149.4,Low,False,6.07,13.59,19.66,55,0,8,3,4,0,0.3575,-35.34,11.95,1,0,1,0.759
ORD-02154,2024-08-23 03:42:40.112022,Evening,A,Medium,5,10,148.3,Medium,True,3.0,11.71,14.71,45,0,8,3,4,0,0.3269,-30.29,7.42,1,0,0,0.6
ORD-02155,2024-08-23 06:19:56.879375,Night,C,High,28,9,182.1,Low,True,13.62,15.57,29.19,38,1,8,3,4,0,0.7682,-8.81,50.99,1,0,0,0.486
ORD-02156,2024-08-23 08:57:13.646729,Evening,A,Medium,12,9,172.1,Low,True,9.95,10.4,20.35,45,0,8,3,4,0,0.4522,-24.65,20.65,1,0,0,0.829
ORD-02157,2024-08-23 11:34:30.414082,Night,B,Low,49,6,113.9,Low,True,30.06,18.73,48.79,55,0,8,3,4,0,0.8871,-6.21,55.81,0,0,0,0.613
ORD-02158,2024-08-23 14:11:47.181436,Evening,C,Urgent,47,9,146.3,Medium,True,22.54,23.48,46.02,28,1,8,3,4,0,1.6436,18.02,68.76,1,0,0,0.48
ORD-02159,2024-08-23 16:49:03.948789,Evening,D,High,9,1,167.5,Low,True,12.26,8.5,20.76,38,0,8,3,4,0,0.5463,-17.24,15.08,0,0,0,1.362
ORD-02160,2024-08-23 19:26:20.716143,Evening,A,High,42,3,126.5,Medium,True,33.34,20.93,54.27,38,1,8,3,4,0,1.4282,16.27,53.13,0,0,0,0.794
ORD-02161,2024-08-23 22:03:37.483496,Evening,C,High,2,7,128.4,Low,True,9.83,8.39,18.22,38,0,8,3,4,0,0.4795,-19.78,2.57,1,0,0,4.915
ORD-02162,2024-08-24 00:40:54.250850,Evening,C,Urgent,15,2,94.3,Low,True,15.32,10.54,25.86,28,0,8,3,5,1,0.9236,-2.14,14.14,0,0,0,1.021
ORD-02163,2024-08-24 03:18:11.018203,Morning,E,Medium,33,9,34.7,Medium,False,12.74,20.99,33.73,45,0,8,3,5,1,0.7496,-11.27,11.45,1,0,1,0.386
ORD-02164,2024-08-24 05:55:27.785557,Morning,B,Medium,11,2,135.0,Low,True,26.69,8.53,35.22,45,0,8,3,5,1,0.7827,-9.78,14.85,0,0,0,2.426
ORD-02165,2024-08-24 08:32:44.552910,Morning,D,High,4,4,155.1,Medium,True,9.45,12.38,21.83,38,0,8,3,5,1,0.5745,-16.17,6.2,0,0,0,2.362
ORD-02166,2024-08-24 11:10:01.320264,Morning,D,Urgent,8,3,106.2,Low,True,4.34,10.78,15.12,28,0,8,3,5,1,0.54,-12.88,8.5,0,0,0,0.542
ORD-02167,2024-08-24 13:47:18.087617,Evening,A,High,33,6,205.1,High,False,28.88,24.48,53.36,38,1,8,3,5,1,1.4042,15.36,67.68,0,1,1,0.875
ORD-02168,2024-08-24 16:24:34.854970,Morning,C,Low,12,1,108.1,Low,True,10.65,14.21,24.86,55,0,8,3,5,1,0.452,-30.14,12.97,0,0,0,0.888
ORD-02169,2024-08-24 19:01:51.622324,Evening,D,Urgent,13,9,186.5,Low,True,5.67,11.38,17.05,28,0,8,3,5,1,0.6089,-10.95,24.24,1,0,0,0.436
ORD-02170,2024-08-24 21:39:08.389677,Evening,B,High,11,9,166.7,High,True,17.52,8.21,25.73,38,0,8,3,5,1,0.6771,-12.27,18.34,1,1,0,1.593
ORD-02171,2024-08-25 00:16:25.157031,Evening,C,Medium,45,8,237.1,High,True,29.48,26.24,55.72,45,1,8,3,6,1,1.2382,10.72,106.7,1,1,0,0.655
ORD-02172,2024-08-25 02:53:41.924384,Evening,B,Urgent,45,2,171.6,Medium,True,55.99,26.11,82.1,28,1,8,3,6,1,2.9321,54.1,77.22,0,0,0,1.244
ORD-02173,2024-08-25 05:30:58.691738,Morning,D,High,41,3,92.1,Low,True,26.7,21.13,47.83,38,1,8,3,6,1,1.2587,9.83,37.76,0,0,0,0.651
ORD-02174,2024-08-25 08:08:15.459091,Morning,A,High,1,3,192.2,Low,True,7.93,3.62,11.55,38,0,8,3,6,1,0.3039,-26.45,1.92,0,0,0,7.93
ORD-02175,2024-08-25 10:45:32.226445,Evening,C,Urgent,13,7,217.9,Medium,True,17.73,9.78,27.51,28,1,8,3,6,1,0.9825,-0.49,28.33,1,0,0,1.364
ORD-02176,2024-08-25 13:22:48.993798,Night,A,Low,45,9,79.1,Low,True,14.47,22.79,37.26,55,0,8,3,6,1,0.6775,-17.74,35.6,1,0,0,0.322
ORD-02177,2024-08-25 16:00:05.761152,Evening,C,High,28,9,175.6,Low,True,12.82,18.91,31.73,38,0,8,3,6,1,0.835,-6.27,49.17,1,0,0,0.458
ORD-02178,2024-08-25 18:37:22.528505,Evening,D,Medium,3,10,184.4,Medium,True,7.55,8.95,16.5,45,0,8,3,6,1,0.3667,-28.5,5.53,1,0,0,2.517
ORD-02179,2024-08-25 21:14:39.295859,Evening,C,High,13,7,141.5,Low,True,9.89,10.72,20.61,38,0,8,3,6,1,0.5424,-17.39,18.4,1,0,0,0.761
ORD-02180,2024-08-25 23:51:56.063212,Evening,C,High,42,3,53.1,High,True,36.13,25.68,61.81,38,1,8,3,6,1,1.6266,23.81,22.3,0,1,0,0.86
ORD-02181,2024-08-26 02:29:12.830566,Evening,B,High,44,4,138.2,Low,False,37.19,26.11,63.3,38,1,8,3,0,0,1.6658,25.3,60.81,0,0,1,0.845
ORD-02182,2024-08-26 05:06:29.597919,Evening,B,High,22,3,126.8,High,False,37.3,19.88,57.18,38,1,8,3,0,0,1.5047,19.18,27.9,0,1,1,1.695
ORD-02183,2024-08-26 07:43:46.365273,Morning,D,High,8,1,211.2,Medium,True,20.42,6.59,27.01,38,0,8,3,0,0,0.7108,-10.99,16.9,0,0,0,2.552
ORD-02184,2024-08-26 10:21:03.132626,Morning,A,Medium,4,9,146.5,High,True,8.9,9.59,18.49,45,0,8,3,0,0,0.4109,-26.51,5.86,1,1,0,2.225
ORD-02185,2024-08-26 12:58:19.899979,Morning,D,Medium,12,6,133.5,Medium,False,10.34,10.64,20.98,45,0,8,3,0,0,0.4662,-24.02,16.02,0,0,1,0.862
ORD-02186,2024-08-26 15:35:36.667333,Evening,C,Low,40,10,126.5,Low,True,17.22,20.69,37.91,55,0,8,3,0,0,0.6893,-17.09,50.6,1,0,0,0.43
ORD-02187,2024-08-26 18:12:53.434686,Night,E,High,42,9,163.0,Low,True,18.22,22.69,40.91,38,1,8,3,0,0,1.0766,2.91,68.46,1,0,0,0.434
ORD-02188,2024-08-26 20:50:10.202040,Morning,B,High,13,7,152.3,Low,True,16.8,9.41,26.21,38,0,8,3,0,0,0.6897,-11.79,19.8,1,0,0,1.292
ORD-02189,2024-08-26 23:27:26.969393,Morning,C,High,49,1,118.4,Medium,False,46.14,31.27,77.41,38,1,8,3,0,0,2.0371,39.41,58.02,0,0,1,0.942
ORD-02190,2024-08-27 02:04:43.736747,Night,A,Medium,44,5,160.6,Low,True,31.61,20.6,52.21,45,1,8,3,1,0,1.1602,7.21,70.66,0,0,0,0.718
ORD-02191,2024-08-27 04:42:00.504100,Morning,E,High,50,5,127.7,Medium,True,34.73,16.85,51.58,38,1,8,3,1,0,1.3574,13.58,63.85,0,0,0,0.695
ORD-02192,2024-08-27 07:19:17.271454,Night,D,Medium,38,7,46.3,High,True,20.75,18.3,39.05,45,1,8,3,1,0,0.8678,-5.95,17.59,1,1,0,0.546
ORD-02193,2024-08-27 09:56:34.038807,Morning,C,Urgent,29,6,176.7,Low,True,21.27,14.66,35.93,28,0,8,3,1,0,1.2832,7.93,51.24,0,0,0,0.733
ORD-02194,2024-08-27 12:33:50.806161,Morning,D,High,50,8,172.9,Medium,True,25.79,25.9,51.69,38,0,8,3,1,0,1.3603,13.69,86.45,1,0,0,0.516
ORD-02195,2024-08-27 15:11:07.573514,Evening,B,Medium,35,1,158.0,High,True,59.07,18.94,78.01,45,1,8,3,1,0,1.7336,33.01,55.3,0,1,0,1.688
ORD-02196,2024-08-27 17:48:24.340868,Morning,C,High,42,2,132.3,Medium,True,40.52,22.9,63.42,38,1,8,3,1,0,1.6689,25.42,55.57,0,0,0,0.965
ORD-02197,2024-08-27 20:25:41.108221,Morning,D,Low,21,10,147.1,Low,False,13.74,21.39,35.13,55,0,8,3,1,0,0.6387,-19.87,30.89,1,0,1,0.654
ORD-02198,2024-08-27 23:02:57.875575,Morning,A,Low,13,5,182.8,Low,False,13.32,8.31,21.63,55,0,8,3,1,0,0.3933,-33.37,23.76,0,0,1,1.025
ORD-02199,2024-08-28 01:40:14.642928,Morning,E,High,29,9,124.7,Medium,True,19.24,15.52,34.76,38,1,8,3,2,0,0.9147,-3.24,36.16,1,0,0,0.663
ORD-02200,2024-08-28 04:17:31.410282,Morning,E,High,21,9,184.4,Low,True,12.04,9.09,21.13,38,0,8,3,2,0,0.5561,-16.87,38.72,1,0,0,0.573
ORD-02201,2024-08-28 06:54:48.177635,Night,E,Low,18,2,91.0,Medium,True,19.36,10.42,29.78,55,0,8,3,2,0,0.5415,-25.22,16.38,0,0,0,1.076
ORD-02202,2024-08-28 09:32:04.944988,Morning,D,Medium,35,8,156.7,High,True,24.14,17.76,41.9,45,1,8,3,2,0,0.9311,-3.1,54.84,1,1,0,0.69
ORD-02203,2024-08-28 12:09:21.712342,Morning,B,Medium,31,2,151.0,Medium,True,39.08,15.54,54.62,45,1,8,3,2,0,1.2138,9.62,46.81,0,0,0,1.261
ORD-02204,2024-08-28 14:46:38.479695,Morning,C,Low,16,2,190.1,Low,True,23.51,13.78,37.29,55,0,8,3,2,0,0.678,-17.71,30.42,0,0,0,1.469
ORD-02205,2024-08-28 17:23:55.247049,Night,A,Medium,13,3,113.2,Low,True,8.61,10.89,19.5,45,0,8,3,2,0,0.4333,-25.5,14.72,0,0,0,0.662
ORD-02206,2024-08-28 20:01:12.014402,Night,D,Medium,28,8,117.6,High,True,19.08,12.26,31.34,45,0,8,3,2,0,0.6964,-13.66,32.93,1,1,0,0.681
ORD-02207,2024-08-28 22:38:28.781756,Night,A,Urgent,17,1,94.2,Low,False,15.04,19.47,34.51,28,1,8,3,2,0,1.2325,6.51,16.01,0,0,1,0.885
ORD-02208,2024-08-29 01:15:45.549109,Night,E,Medium,12,7,127.3,Low,True,11.56,6.51,18.07,45,0,8,3,3,0,0.4016,-26.93,15.28,1,0,0,0.963
ORD-02209,2024-08-29 03:53:02.316463,Morning,A,Low,12,4,160.2,Medium,True,12.21,8.47,20.68,55,0,8,3,3,0,0.376,-34.32,19.22,0,0,0,1.018
ORD-02210,2024-08-29 06:30:19.083816,Evening,A,Low,34,3,78.1,Medium,True,24.75,18.55,43.3,55,0,8,3,3,0,0.7873,-11.7,26.55,0,0,0,0.728
ORD-02211,2024-08-29 09:07:35.851170,Morning,A,Low,21,3,132.3,Low,True,15.59,12.25,27.84,55,0,8,3,3,0,0.5062,-27.16,27.78,0,0,0,0.742
ORD-02212,2024-08-29 11:44:52.618523,Night,D,High,18,4,174.4,Medium,False,12.61,16.03,28.64,38,1,8,3,3,0,0.7537,-9.36,31.39,0,0,1,0.701
ORD-02213,2024-08-29 14:22:09.385877,Evening,A,Medium,6,4,145.9,Medium,True,13.62,4.26,17.88,45,0,8,3,3,0,0.3973,-27.12,8.75,0,0,0,2.27
ORD-02214,2024-08-29 16:59:26.153230,Morning,A,Low,3,4,153.0,Low,True,4.2,7.68,11.88,55,0,8,3,3,0,0.216,-43.12,4.59,0,0,0,1.4
ORD-02215,2024-08-29 19:36:42.920584,Night,A,Urgent,35,6,89.8,Low,True,14.4,21.11,35.51,28,1,8,3,3,0,1.2682,7.51,31.43,0,0,0,0.411
ORD-02216,2024-08-29 22:13:59.687937,Night,B,High,49,10,146.0,Medium,True,31.6,25.38,56.98,38,1,8,3,3,0,1.4995,18.98,71.54,1,0,0,0.645
ORD-02217,2024-08-30 00:51:16.455291,Night,E,Low,17,5,151.1,Low,True,14.35,13.28,27.63,55,0,8,3,4,0,0.5024,-27.37,25.69,0,0,0,0.844
ORD-02218,2024-08-30 03:28:33.222644,Morning,C,Medium,43,2,143.5,High,False,46.66,24.24,70.9,45,1,8,3,4,0,1.5756,25.9,61.71,0,1,1,1.085
ORD-02219,2024-08-30 06:05:49.989998,Morning,B,High,31,7,156.1,Low,False,23.06,22.9,45.96,38,1,8,3,4,0,1.2095,7.96,48.39,1,0,1,0.744
ORD-02220,2024-08-30 08:43:06.757351,Morning,A,High,16,9,137.6,Medium,True,13.49,9.38,22.87,38,0,8,3,4,0,0.6018,-15.13,22.02,1,0,0,0.843
ORD-02221,2024-08-30 11:20:23.524704,Evening,A,Urgent,29,6,131.8,Medium,False,19.07,23.28,42.35,28,1,8,3,4,0,1.5125,14.35,38.22,0,0,1,0.658
ORD-02222,2024-08-30 13:57:40.292058,Evening,B,Low,7,6,108.4,Medium,False,12.56,9.44,22.0,55,0,8,3,4,0,0.4,-33.0,7.59,0,0,1,1.794
ORD-02223,2024-08-30 16:34:57.059411,Morning,A,High,17,7,189.0,Low,True,10.25,12.65,22.9,38,0,8,3,4,0,0.6026,-15.1,32.13,1,0,0,0.603
ORD-02224,2024-08-30 19:12:13.826765,Night,A,Low,37,9,100.9,Medium,True,18.69,16.16,34.85,55,0,8,3,4,0,0.6336,-20.15,37.33,1,0,0,0.505
ORD-02225,2024-08-30 21:49:30.594118,Morning,A,Medium,43,1,156.3,High,True,51.0,23.71,74.71,45,1,8,3,4,0,1.6602,29.71,67.21,0,1,0,1.186
ORD-02226,2024-08-31 00:26:47.361472,Evening,B,High,12,10,222.5,Low,True,15.88,9.24,25.12,38,0,8,3,5,1,0.6611,-12.88,26.7,1,0,0,1.323
ORD-02227,2024-08-31 03:04:04.128825,Night,D,High,46,9,194.1,Low,True,15.82,19.01,34.83,38,1,8,3,5,1,0.9166,-3.17,89.29,1,0,0,0.344
ORD-02228,2024-08-31 05:41:20.896179,Evening,A,Low,31,10,170.4,Low,True,12.82,17.02,29.84,55,0,8,3,5,1,0.5425,-25.16,52.82,1,0,0,0.414
ORD-02229,2024-08-31 08:18:37.663532,Morning,D,Medium,12,5,160.0,Low,True,15.23,11.52,26.75,45,0,8,3,5,1,0.5944,-18.25,19.2,0,0,0,1.269
ORD-02230,2024-08-31 10:55:54.430886,Morning,C,High,39,9,144.9,Low,True,20.18,22.53,42.71,38,1,8,3,5,1,1.1239,4.71,56.51,1,0,0,0.517
ORD-02231,2024-08-31 13:33:11.198239,Morning,E,Low,45,1,113.9,High,True,51.65,23.83,75.48,55,1,8,3,5,1,1.3724,20.48,51.26,0,1,0,1.148
ORD-02232,2024-08-31 16:10:27.965593,Evening,A,Medium,14,5,139.8,High,False,17.37,13.13,30.5,45,0,8,3,5,1,0.6778,-14.5,19.57,0,1,1,1.241
ORD-02233,2024-08-31 18:47:44.732946,Evening,D,Low,6,9,173.0,High,True,10.12,5.3,15.42,55,0,8,3,5,1,0.2804,-39.58,10.38,1,1,0,1.687
ORD-02234,2024-08-31 21:25:01.500300,Morning,E,Low,15,3,165.6,Low,True,15.96,11.86,27.82,55,0,8,3,5,1,0.5058,-27.18,24.84,0,0,0,1.064
ORD-02235,2024-09-01 00:02:18.267653,Night,E,High,38,8,181.5,Medium,True,26.65,20.18,46.83,38,1,9,3,6,1,1.2324,8.83,68.97,1,0,0,0.701
ORD-02236,2024-09-01 02:39:35.035007,Evening,D,Low,4,4,198.8,Low,True,11.0,5.95,16.95,55,0,9,3,6,1,0.3082,-38.05,7.95,0,0,0,2.75
ORD-02237,2024-09-01 05:16:51.802360,Night,A,Medium,15,6,143.7,Low,True,8.9,9.77,18.67,45,0,9,3,6,1,0.4149,-26.33,21.55,0,0,0,0.593
ORD-02238,2024-09-01 07:54:08.569713,Evening,E,High,16,7,157.7,Medium,True,13.91,9.33,23.24,38,0,9,3,6,1,0.6116,-14.76,25.23,1,0,0,0.869
ORD-02239,2024-09-01 10:31:25.337067,Night,D,Low,1,9,74.0,Low,True,3.0,7.52,10.52,55,0,9,3,6,1,0.1913,-44.48,0.74,1,0,0,3.0
ORD-02240,2024-09-01 13:08:42.104420,Morning,A,High,30,4,240.2,Low,True,24.37,19.05,43.42,38,0,9,3,6,1,1.1426,5.42,72.06,0,0,0,0.812
ORD-02241,2024-09-01 15:45:58.871774,Morning,A,Medium,41,8,133.4,High,True,28.38,24.22,52.6,45,1,9,3,6,1,1.1689,7.6,54.69,1,1,0,0.692
ORD-02242,2024-09-01 18:23:15.639127,Night,E,High,8,5,176.1,Medium,True,14.19,9.77,23.96,38,0,9,3,6,1,0.6305,-14.04,14.09,0,0,0,1.774
ORD-02243,2024-09-01 21:00:32.406481,Night,A,High,45,4,133.4,High,True,38.89,24.13,63.02,38,1,9,3,6,1,1.6584,25.02,60.03,0,1,0,0.864
ORD-02244,2024-09-01 23:37:49.173834,Evening,D,High,48,1,132.5,Low,True,37.0,25.12,62.12,38,1,9,3,6,1,1.6347,24.12,63.6,0,0,0,0.771
ORD-02245,2024-09-02 02:15:05.941188,Morning,B,Medium,44,1,140.5,High,True,65.44,20.24,85.68,45,1,9,3,0,0,1.904,40.68,61.82,0,1,0,1.487
ORD-02246,2024-09-02 04:52:22.708541,Morning,D,High,37,8,100.2,Low,True,19.46,21.11,40.57,38,0,9,3,0,0,1.0676,2.57,37.07,1,0,0,0.526
ORD-02247,2024-09-02 07:29:39.475895,Night,A,High,23,2,50.8,Low,False,19.03,18.63,37.66,38,1,9,3,0,0,0.9911,-0.34,11.68,0,0,1,0.827
ORD-02248,2024-09-02 10:06:56.243248,Night,D,Medium,11,2,196.4,Medium,True,14.74,14.12,28.86,45,0,9,3,0,0,0.6413,-16.14,21.6,0,0,0,1.34
ORD-02249,2024-09-02 12:44:13.010602,Morning,C,Low,46,2,171.8,Medium,True,41.12,23.68,64.8,55,1,9,3,0,0,1.1782,9.8,79.03,0,0,0,0.894
ORD-02250,2024-09-02 15:21:29.777955,Morning,E,Low,27,4,113.4,Low,True,19.0,13.72,32.72,55,0,9,3,0,0,0.5949,-22.28,30.62,0,0,0,0.704
ORD-02251,2024-09-02 17:58:46.545309,Evening,A,Medium,23,2,168.1,Medium,True,25.53,15.09,40.62,45,0,9,3,0,0,0.9027,-4.38,38.66,0,0,0,1.11
ORD-02252,2024-09-02 20:36:03.312662,Evening,A,Medium,20,6,183.0,Low,True,17.09,12.15,29.24,45,0,9,3,0,0,0.6498,-15.76,36.6,0,0,0,0.854
ORD-02253,2024-09-02 23:13:20.080016,Evening,A,Urgent,11,9,122.3,High,True,10.61,12.13,22.74,28,0,9,3,0,0,0.8121,-5.26,13.45,1,1,0,0.965
ORD-02254,2024-09-03 01:50:36.847369,Evening,A,Urgent,20,6,166.5,Low,False,13.3,16.38,29.68,28,1,9,3,1,0,1.06,1.68,33.3,0,0,1,0.665
ORD-02255,2024-09-03 04:27:53.614722,Night,E,Low,40,7,190.3,Medium,True,33.13,20.96,54.09,55,0,9,3,1,0,0.9835,-0.91,76.12,1,0,0,0.828
ORD-02256,2024-09-03 07:05:10.382076,Morning,A,Urgent,28,9,92.5,High,False,16.16,18.84,35.0,28,1,9,3,1,0,1.25,7.0,25.9,1,1,1,0.577
ORD-02257,2024-09-03 09:42:27.149429,Evening,A,High,20,9,171.3,Medium,True,15.34,14.2,29.54,38,0,9,3,1,0,0.7774,-8.46,34.26,1,0,0,0.767
ORD-02258,2024-09-03 12:19:43.916783,Evening,D,Medium,6,7,164.6,High,True,10.77,7.99,18.76,45,0,9,3,1,0,0.4169,-26.24,9.88,1,1,0,1.795
ORD-02259,2024-09-03 14:57:00.684136,Evening,A,Urgent,21,1,225.2,Medium,True,27.99,8.73,36.72,28,1,9,3,1,0,1.3114,8.72,47.29,0,0,0,1.333
ORD-02260,2024-09-03 17:34:17.451490,Night,A,High,11,8,172.3,Low,True,10.98,10.31,21.29,38,0,9,3,1,0,0.5603,-16.71,18.95,1,0,0,0.998
ORD-02261,2024-09-03 20:11:34.218843,Evening,D,Medium,20,8,133.6,Medium,True,16.65,13.95,30.6,45,1,9,3,1,0,0.68,-14.4,26.72,1,0,0,0.832
ORD-02262,2024-09-03 22:48:50.986197,Evening,B,Medium,8,4,138.2,Medium,False,16.31,6.32,22.63,45,1,9,3,1,0,0.5029,-22.37,11.06,0,0,1,2.039
ORD-02263,2024-09-04 01:26:07.753550,Morning,D,Medium,48,2,230.9,Low,True,34.98,22.19,57.17,45,1,9,3,2,0,1.2704,12.17,110.83,0,0,0,0.729
ORD-02264,2024-09-04 04:03:24.520904,Evening,C,Urgent,9,2,135.8,Low,True,15.79,11.37,27.16,28,1,9,3,2,0,0.97,-0.84,12.22,0,0,0,1.754
ORD-02265,2024-09-04 06:40:41.288257,Morning,B,Medium,7,3,173.4,Low,True,16.68,12.08,28.76,45,0,9,3,2,0,0.6391,-16.24,12.14,0,0,0,2.383
ORD-02266,2024-09-04 09:17:58.055611,Morning,C,Low,33,8,140.5,Low,True,17.64,18.83,36.47,55,1,9,3,2,0,0.6631,-18.53,46.36,1,0,0,0.535
ORD-02267,2024-09-04 11:55:14.822964,Evening,E,Medium,18,10,193.3,High,False,18.89,18.29,37.18,45,0,9,3,2,0,0.8262,-7.82,34.79,1,1,1,1.049
ORD-02268,2024-09-04 14:32:31.590318,Evening,B,Medium,50,2,195.2,High,True,74.31,27.39,101.7,45,1,9,3,2,0,2.26,56.7,97.6,0,1,0,1.486
ORD-02269,2024-09-04 17:09:48.357671,Night,D,Medium,21,5,149.1,Medium,True,23.63,13.05,36.68,45,0,9,3,2,0,0.8151,-8.32,31.31,0,0,0,1.125
ORD-02270,2024-09-04 19:47:05.125025,Evening,B,Urgent,33,9,133.7,Low,True,19.87,10.28,30.15,28,0,9,3,2,0,1.0768,2.15,44.12,1,0,0,0.602
ORD-02271,2024-09-04 22:24:21.892378,Night,C,Medium,42,1,132.8,Low,True,36.31,18.79,55.1,45,1,9,3,2,0,1.2244,10.1,55.78,0,0,0,0.865
ORD-02272,2024-09-05 01:01:38.659731,Morning,D,Urgent,50,10,80.9,Low,True,17.28,24.03,41.31,28,1,9,3,3,0,1.4754,13.31,40.45,1,0,0,0.346
ORD-02273,2024-09-05 03:38:55.427085,Evening,A,Medium,41,1,154.0,Low,True,33.4,21.41,54.81,45,0,9,3,3,0,1.218,9.81,63.14,0,0,0,0.815
ORD-02274,2024-09-05 06:16:12.194438,Night,C,Medium,29,3,153.2,Medium,True,26.69,18.88,45.57,45,1,9,3,3,0,1.0127,0.57,44.43,0,0,0,0.92
ORD-02275,2024-09-05 08:53:28.961792,Evening,A,Low,41,1,117.4,Medium,False,35.06,25.11,60.17,55,1,9,3,3,0,1.094,5.17,48.13,0,0,1,0.855
ORD-02276,2024-09-05 11:30:45.729145,Night,D,Medium,15,8,76.6,Medium,False,10.03,12.88,22.91,45,0,9,3,3,0,0.5091,-22.09,11.49,1,0,1,0.669
ORD-02277,2024-09-05 14:08:02.496499,Evening,C,High,44,5,158.3,Low,True,25.85,22.05,47.9,38,1,9,3,3,0,1.2605,9.9,69.65,0,0,0,0.588
ORD-02278,2024-09-05 16:45:19.263852,Morning,B,High,44,5,163.3,High,True,51.19,21.74,72.93,38,1,9,3,3,0,1.9192,34.93,71.85,0,1,0,1.163
ORD-02279,2024-09-05 19:22:36.031206,Evening,A,Medium,20,6,165.8,Low,True,14.69,13.46,28.15,45,0,9,3,3,0,0.6256,-16.85,33.16,0,0,0,0.734
ORD-02280,2024-09-05 21:59:52.798559,Morning,E,Urgent,4,3,110.4,Low,True,10.84,3.98,14.82,28,0,9,3,3,0,0.5293,-13.18,4.42,0,0,0,2.71
ORD-02281,2024-09-06 00:37:09.565913,Morning,B,High,35,8,165.9,Low,True,24.37,19.14,43.51,38,1,9,3,4,0,1.145,5.51,58.06,1,0,0,0.696
ORD-02282,2024-09-06 03:14:26.333266,Morning,B,Low,6,5,142.9,Low,True,11.44,7.62,19.06,55,0,9,3,4,0,0.3465,-35.94,8.57,0,0,0,1.907
ORD-02283,2024-09-06 05:51:43.100620,Morning,A,High,1,8,184.6,Medium,True,4.44,4.98,9.42,38,0,9,3,4,0,0.2479,-28.58,1.85,1,0,0,4.44
ORD-02284,2024-09-06 08:28:59.867973,Morning,C,High,48,7,111.0,Medium,False,32.61,32.74,65.35,38,1,9,3,4,0,1.7197,27.35,53.28,1,0,1,0.679
ORD-02285,2024-09-06 11:06:16.635327,Night,B,High,29,7,196.0,Medium,True,31.65,19.32,50.97,38,1,9,3,4,0,1.3413,12.97,56.84,1,0,0,1.091
ORD-02286,2024-09-06 13:43:33.402680,Morning,D,Low,33,10,210.4,Low,False,17.45,22.18,39.63,55,0,9,3,4,0,0.7205,-15.37,69.43,1,0,1,0.529
ORD-02287,2024-09-06 16:20:50.170034,Night,D,Medium,45,6,154.6,High,True,30.92,21.64,52.56,45,1,9,3,4,0,1.168,7.56,69.57,0,1,0,0.687
ORD-02288,2024-09-06 18:58:06.937387,Evening,A,Medium,47,4,166.1,Medium,True,36.78,23.0,59.78,45,1,9,3,4,0,1.3284,14.78,78.07,0,0,0,0.783
ORD-02289,2024-09-06 21:35:23.704740,Morning,C,Medium,48,8,181.4,High,False,32.89,35.22,68.11,45,1,9,3,4,0,1.5136,23.11,87.07,1,1,1,0.685
ORD-02290,2024-09-07 00:12:40.472094,Morning,A,Low,7,8,109.0,Low,True,7.83,5.74,13.57,55,0,9,3,5,1,0.2467,-41.43,7.63,1,0,0,1.119
ORD-02291,2024-09-07 02:49:57.239447,Night,A,High,17,5,130.5,High,True,19.67,13.97,33.64,38,1,9,3,5,1,0.8853,-4.36,22.18,0,1,0,1.157
ORD-02292,2024-09-07 05:27:14.006801,Evening,C,Medium,39,4,157.4,Medium,True,33.58,19.67,53.25,45,1,9,3,5,1,1.1833,8.25,61.39,0,0,0,0.861
ORD-02293,2024-09-07 08:04:30.774154,Night,A,Low,2,10,231.1,Medium,False,5.73,9.71,15.44,55,0,9,3,5,1,0.2807,-39.56,4.62,1,0,1,2.865
ORD-02294,2024-09-07 10:41:47.541508,Morning,E,Medium,12,3,102.2,Low,True,9.44,8.7,18.14,45,0,9,3,5,1,0.4031,-26.86,12.26,0,0,0,0.787
ORD-02295,2024-09-07 13:19:04.308861,Evening,C,Low,26,1,215.5,Low,False,26.09,23.42,49.51,55,1,9,3,5,1,0.9002,-5.49,56.03,0,0,1,1.003
ORD-02296,2024-09-07 15:56:21.076215,Night,A,Medium,18,7,142.3,High,True,18.09,13.57,31.66,45,0,9,3,5,1,0.7036,-13.34,25.61,1,1,0,1.005
ORD-02297,2024-09-07 18:33:37.843568,Night,E,High,9,1,148.6,Low,True,13.51,7.28,20.79,38,0,9,3,5,1,0.5471,-17.21,13.37,0,0,0,1.501
ORD-02298,2024-09-07 21:10:54.610922,Morning,C,Urgent,45,8,198.7,Medium,False,28.6,26.59,55.19,28,1,9,3,5,1,1.9711,27.19,89.42,1,0,1,0.636
ORD-02299,2024-09-07 23:48:11.378275,Night,A,Medium,23,9,230.9,Medium,True,14.06,15.99,30.05,45,0,9,3,5,1,0.6678,-14.95,53.11,1,0,0,0.611
ORD-02300,2024-09-08 02:25:28.145629,Morning,C,High,21,8,166.9,Medium,True,15.84,10.06,25.9,38,0,9,3,6,1,0.6816,-12.1,35.05,1,0,0,0.754
ORD-02301,2024-09-08 05:02:44.912982,Night,E,Urgent,33,3,196.6,Low,True,32.46,16.81,49.27,28,1,9,3,6,1,1.7596,21.27,64.88,0,0,0,0.984
ORD-02302,2024-09-08 07:40:01.680336,Evening,B,High,34,10,113.2,High,True,26.34,23.51,49.85,38,1,9,3,6,1,1.3118,11.85,38.49,1,1,0,0.775
ORD-02303,2024-09-08 10:17:18.447689,Evening,B,Urgent,25,1,128.8,Low,True,29.93,15.42,45.35,28,1,9,3,6,1,1.6196,17.35,32.2,0,0,0,1.197
ORD-02304,2024-09-08 12:54:35.215043,Morning,C,Medium,45,2,95.9,High,True,46.73,24.43,71.16,45,1,9,3,6,1,1.5813,26.16,43.16,0,1,0,1.038
ORD-02305,2024-09-08 15:31:51.982396,Night,B,Low,15,4,129.4,Low,True,16.12,9.03,25.15,55,0,9,3,6,1,0.4573,-29.85,19.41,0,0,0,1.075
ORD-02306,2024-09-08 18:09:08.749749,Morning,A,High,44,6,172.6,Low,True,29.38,22.19,51.57,38,1,9,3,6,1,1.3571,13.57,75.94,0,0,0,0.668
ORD-02307,2024-09-08 20:46:25.517103,Evening,C,Medium,44,8,158.5,Low,False,22.92,35.75,58.67,45,1,9,3,6,1,1.3038,13.67,69.74,1,0,1,0.521
ORD-02308,2024-09-08 23:23:42.284456,Evening,E,Medium,1,3,219.1,Medium,True,13.77,9.3,23.07,45,0,9,3,6,1,0.5127,-21.93,2.19,0,0,0,13.77
ORD-02309,2024-09-09 02:00:59.051810,Evening,D,Low,38,10,232.2,Medium,True,21.0,20.64,41.64,55,0,9,3,0,0,0.7571,-13.36,88.24,1,0,0,0.553
ORD-02310,2024-09-09 04:38:15.819163,Evening,A,Low,8,9,144.5,Low,True,9.03,7.66,16.69,55,0,9,3,0,0,0.3035,-38.31,11.56,1,0,0,1.129
ORD-02311,2024-09-09 07:15:32.586517,Evening,B,Low,25,3,122.8,Low,True,22.25,17.41,39.66,55,0,9,3,0,0,0.7211,-15.34,30.7,0,0,0,0.89
ORD-02312,2024-09-09 09:52:49.353870,Evening,A,Low,46,1,196.4,Medium,True,44.3,20.12,64.42,55,1,9,3,0,0,1.1713,9.42,90.34,0,0,0,0.963
ORD-02313,2024-09-09 12:30:06.121224,Evening,B,Urgent,10,8,200.6,Low,True,18.81,10.4,29.21,28,1,9,3,0,0,1.0432,1.21,20.06,1,0,0,1.881
ORD-02314,2024-09-09 15:07:22.888577,Evening,C,Medium,29,2,167.6,Low,True,29.7,14.64,44.34,45,1,9,3,0,0,0.9853,-0.66,48.6,0,0,0,1.024
ORD-02315,2024-09-09 17:44:39.655931,Evening,B,High,39,3,178.2,Medium,True,45.48,20.89,66.37,38,1,9,3,0,0,1.7466,28.37,69.5,0,0,0,1.166
ORD-02316,2024-09-09 20:21:56.423284,Night,D,Low,25,8,172.0,Low,True,15.52,18.54,34.06,55,0,9,3,0,0,0.6193,-20.94,43.0,1,0,0,0.621
ORD-02317,2024-09-09 22:59:13.190638,Evening,C,Medium,4,2,110.4,Low,True,7.04,6.87,13.91,45,0,9,3,0,0,0.3091,-31.09,4.42,0,0,0,1.76
ORD-02318,2024-09-10 01:36:29.957991,Morning,C,Urgent,4,4,101.3,Low,False,7.42,12.4,19.82,28,0,9,3,1,0,0.7079,-8.18,4.05,0,0,1,1.855
ORD-02319,2024-09-10 04:13:46.725345,Evening,E,Low,26,10,148.0,Medium,True,13.78,17.19,30.97,55,0,9,3,1,0,0.5631,-24.03,38.48,1,0,0,0.53
ORD-02320,2024-09-10 06:51:03.492698,Morning,D,Medium,2,7,142.0,Medium,True,5.01,6.67,11.68,45,0,9,3,1,0,0.2596,-33.32,2.84,1,0,0,2.505
ORD-02321,2024-09-10 09:28:20.260052,Morning,E,High,1,7,161.1,Low,True,4.87,6.13,11.0,38,0,9,3,1,0,0.2895,-27.0,1.61,1,0,0,4.87
ORD-02322,2024-09-10 12:05:37.027405,Night,D,Low,48,10,144.8,Medium,True,24.41,25.21,49.62,55,1,9,3,1,0,0.9022,-5.38,69.5,1,0,0,0.509
ORD-02323,2024-09-10 14:42:53.794758,Evening,C,Low,27,8,81.9,Low,True,11.82,15.01,26.83,55,0,9,3,1,0,0.4878,-28.17,22.11,1,0,0,0.438
ORD-02324,2024-09-10 17:20:10.562112,Evening,B,Urgent,24,5,65.5,Low,True,21.41,13.57,34.98,28,1,9,3,1,0,1.2493,6.98,15.72,0,0,0,0.892
ORD-02325,2024-09-10 19:57:27.329465,Night,B,Medium,6,7,179.5,Low,True,10.24,10.04,20.28,45,0,9,3,1,0,0.4507,-24.72,10.77,1,0,0,1.707
ORD-02326,2024-09-10 22:34:44.096819,Morning,E,High,40,6,123.5,Low,True,22.61,23.22,45.83,38,1,9,3,1,0,1.2061,7.83,49.4,0,0,0,0.565
ORD-02327,2024-09-11 01:12:00.864172,Morning,A,Low,26,4,140.7,Medium,True,23.23,13.73,36.96,55,0,9,3,2,0,0.672,-18.04,36.58,0,0,0,0.893
ORD-02328,2024-09-11 03:49:17.631526,Morning,E,Medium,12,10,127.7,Low,True,4.22,12.78,17.0,45,0,9,3,2,0,0.3778,-28.0,15.32,1,0,0,0.352
ORD-02329,2024-09-11 06:26:34.398879,Morning,B,Medium,38,6,113.5,High,True,41.92,23.49,65.41,45,0,9,3,2,0,1.4536,20.41,43.13,0,1,0,1.103
ORD-02330,2024-09-11 09:03:51.166233,Evening,D,High,12,8,112.4,High,True,10.45,8.43,18.88,38,0,9,3,2,0,0.4968,-19.12,13.49,1,1,0,0.871
ORD-02331,2024-09-11 11:41:07.933586,Night,B,Medium,26,5,190.8,Low,True,25.02,18.85,43.87,45,1,9,3,2,0,0.9749,-1.13,49.61,0,0,0,0.962
ORD-02332,2024-09-11 14:18:24.700940,Evening,E,Urgent,29,2,140.4,Medium,False,28.02,20.84,48.86,28,1,9,3,2,0,1.745,20.86,40.72,0,0,1,0.966
ORD-02333,2024-09-11 16:55:41.468293,Morning,A,High,14,2,175.4,Medium,True,24.06,9.76,33.82,38,0,9,3,2,0,0.89,-4.18,24.56,0,0,0,1.719
ORD-02334,2024-09-11 19:32:58.235647,Evening,B,Medium,44,9,180.8,Low,True,26.49,23.41,49.9,45,1,9,3,2,0,1.1089,4.9,79.55,1,0,0,0.602
ORD-02335,2024-09-11 22:10:15.003000,Morning,E,Medium,36,6,162.7,Low,True,23.43,19.03,42.46,45,0,9,3,2,0,0.9436,-2.54,58.57,0,0,0,0.651
ORD-02336,2024-09-12 00:47:31.770354,Evening,B,High,15,6,182.1,High,True,27.78,13.64,41.42,38,1,9,3,3,0,1.09,3.42,27.32,0,1,0,1.852
ORD-02337,2024-09-12 03:24:48.537707,Evening,B,High,8,2,150.6,Low,True,13.62,6.99,20.61,38,0,9,3,3,0,0.5424,-17.39,12.05,0,0,0,1.702
ORD-02338,2024-09-12 06:02:05.305061,Morning,E,Low,17,8,204.6,Medium,True,19.04,7.49,26.53,55,0,9,3,3,0,0.4824,-28.47,34.78,1,0,0,1.12
ORD-02339,2024-09-12 08:39:22.072414,Night,D,High,24,3,182.9,Medium,True,23.37,18.81,42.18,38,1,9,3,3,0,1.11,4.18,43.9,0,0,0,0.974
ORD-02340,2024-09-12 11:16:38.839767,Night,A,Medium,28,6,188.3,Low,True,15.47,16.21,31.68,45,0,9,3,3,0,0.704,-13.32,52.72,0,0,0,0.552
ORD-02341,2024-09-12 13:53:55.607121,Morning,C,Urgent,21,4,112.5,Medium,True,17.49,17.33,34.82,28,1,9,3,3,0,1.2436,6.82,23.62,0,0,0,0.833
ORD-02342,2024-09-12 16:31:12.374474,Evening,A,Urgent,3,3,160.5,High,True,9.93,5.11,15.04,28,0,9,3,3,0,0.5371,-12.96,4.81,0,1,0,3.31
ORD-02343,2024-09-12 19:08:29.141828,Evening,A,Low,34,2,76.6,Low,True,23.09,22.1,45.19,55,1,9,3,3,0,0.8216,-9.81,26.04,0,0,0,0.679
ORD-02344,2024-09-12 21:45:45.909181,Morning,C,Medium,19,9,206.0,Low,True,10.67,11.81,22.48,45,0,9,3,3,0,0.4996,-22.52,39.14,1,0,0,0.562
ORD-02345,2024-09-13 00:23:02.676535,Morning,A,Medium,17,1,125.1,Low,True,14.2,12.12,26.32,45,0,9,3,4,0,0.5849,-18.68,21.27,0,0,0,0.835
ORD-02346,2024-09-13 03:00:19.443888,Evening,C,Medium,28,1,130.6,Medium,True,29.64,16.96,46.6,45,1,9,3,4,0,1.0356,1.6,36.57,0,0,0,1.059
ORD-02347,2024-09-13 05:37:36.211242,Night,B,High,42,4,95.3,Medium,True,39.89,20.74,60.63,38,1,9,3,4,0,1.5955,22.63,40.03,0,0,0,0.95
ORD-02348,2024-09-13 08:14:52.978595,Evening,E,Low,1,9,148.5,Medium,True,8.81,5.96,14.77,55,0,9,3,4,0,0.2685,-40.23,1.48,1,0,0,8.81
ORD-02349,2024-09-13 10:52:09.745949,Evening,C,High,49,8,139.3,Medium,True,30.45,24.83,55.28,38,1,9,3,4,0,1.4547,17.28,68.26,1,0,0,0.621
ORD-02350,2024-09-13 13:29:26.513302,Evening,A,Urgent,32,9,222.9,High,True,24.6,15.08,39.68,28,1,9,3,4,0,1.4171,11.68,71.33,1,1,0,0.769
ORD-02351,2024-09-13 16:06:43.280656,Evening,E,Urgent,28,3,184.4,Low,True,26.69,13.63,40.32,28,1,9,3,4,0,1.44,12.32,51.63,0,0,0,0.953
ORD-02352,2024-09-13 18:44:00.048009,Morning,D,Low,3,10,129.4,High,True,3.0,4.89,7.89,55,0,9,3,4,0,0.1435,-47.11,3.88,1,1,0,1.0
ORD-02353,2024-09-13 21:21:16.815363,Morning,B,Urgent,36,2,83.4,Low,True,34.6,20.6,55.2,28,1,9,3,4,0,1.9714,27.2,30.02,0,0,0,0.961
ORD-02354,2024-09-13 23:58:33.582716,Night,E,Low,36,1,58.7,Low,True,28.02,15.95,43.97,55,1,9,3,4,0,0.7995,-11.03,21.13,0,0,0,0.778
ORD-02355,2024-09-14 02:35:50.350070,Night,B,Medium,29,5,108.9,Low,True,26.37,15.2,41.57,45,0,9,3,5,1,0.9238,-3.43,31.58,0,0,0,0.909
ORD-02356,2024-09-14 05:13:07.117423,Night,B,Medium,41,5,96.8,Low,True,30.15,20.32,50.47,45,1,9,3,5,1,1.1216,5.47,39.69,0,0,0,0.735
ORD-02357,2024-09-14 07:50:23.884776,Morning,B,High,42,3,163.9,High,True,57.36,22.73,80.09,38,1,9,3,5,1,2.1076,42.09,68.84,0,1,0,1.366
ORD-02358,2024-09-14 10:27:40.652130,Evening,A,Low,42,2,144.2,Medium,True,35.39,22.1,57.49,55,1,9,3,5,1,1.0453,2.49,60.56,0,0,0,0.843
ORD-02359,2024-09-14 13:04:57.419483,Evening,D,Medium,17,4,150.7,Medium,True,20.15,14.99,35.14,45,0,9,3,5,1,0.7809,-9.86,25.62,0,0,0,1.185
ORD-02360,2024-09-14 15:42:14.186837,Morning,C,Medium,34,4,112.0,Low,True,23.46,14.95,38.41,45,0,9,3,5,1,0.8536,-6.59,38.08,0,0,0,0.69
ORD-02361,2024-09-14 18:19:30.954190,Morning,E,Urgent,3,7,156.1,Low,True,3.3,4.93,8.23,28,0,9,3,5,1,0.2939,-19.77,4.68,1,0,0,1.1
ORD-02362,2024-09-14 20:56:47.721544,Night,A,Medium,29,4,93.2,High,True,28.27,14.98,43.25,45,0,9,3,5,1,0.9611,-1.75,27.03,0,1,0,0.975
ORD-02363,2024-09-14 23:34:04.488897,Evening,A,High,8,3,146.5,High,True,14.47,5.63,20.1,38,0,9,3,5,1,0.5289,-17.9,11.72,0,1,0,1.809
ORD-02364,2024-09-15 02:11:21.256251,Evening,B,High,16,6,183.2,Medium,True,24.29,10.45,34.74,38,0,9,3,6,1,0.9142,-3.26,29.31,0,0,0,1.518
ORD-02365,2024-09-15 04:48:38.023604,Morning,A,Medium,34,6,135.4,Low,True,20.97,19.58,40.55,45,0,9,3,6,1,0.9011,-4.45,46.04,0,0,0,0.617
ORD-02366,2024-09-15 07:25:54.790958,Evening,E,Low,22,5,167.7,Low,True,21.57,15.42,36.99,55,1,9,3,6,1,0.6725,-18.01,36.89,0,0,0,0.98
ORD-02367,2024-09-15 10:03:11.558311,Morning,D,Low,44,2,70.9,High,False,41.55,26.96,68.51,55,0,9,3,6,1,1.2456,13.51,31.2,0,1,1,0.944
ORD-02368,2024-09-15 12:40:28.325665,Morning,D,Medium,5,10,67.7,Low,True,5.38,7.35,12.73,45,0,9,3,6,1,0.2829,-32.27,3.38,1,0,0,1.076
ORD-02369,2024-09-15 15:17:45.093018,Evening,D,Urgent,49,6,163.1,Low,False,28.6,32.06,60.66,28,1,9,3,6,1,2.1664,32.66,79.92,0,0,1,0.584
ORD-02370,2024-09-15 17:55:01.860372,Morning,A,Medium,36,3,191.9,Medium,True,34.76,18.89,53.65,45,1,9,3,6,1,1.1922,8.65,69.08,0,0,0,0.966
ORD-02371,2024-09-15 20:32:18.627725,Night,A,High,22,8,140.5,High,True,16.19,11.19,27.38,38,0,9,3,6,1,0.7205,-10.62,30.91,1,1,0,0.736
ORD-02372,2024-09-15 23:09:35.395079,Evening,B,High,2,5,235.8,Low,True,10.78,2.0,12.78,38,0,9,3,6,1,0.3363,-25.22,4.72,0,0,0,5.39
ORD-02373,2024-09-16 01:46:52.162432,Morning,D,Urgent,3,2,92.3,Medium,False,4.72,9.87,14.59,28,0,9,3,0,0,0.5211,-13.41,2.77,0,0,1,1.573
ORD-02374,2024-09-16 04:24:08.929785,Morning,B,Medium,21,8,122.8,Low,True,17.29,16.63,33.92,45,0,9,3,0,0,0.7538,-11.08,25.79,1,0,0,0.823
ORD-02375,2024-09-16 07:01:25.697139,Evening,A,Urgent,29,1,155.6,Medium,True,24.15,13.99,38.14,28,1,9,3,0,0,1.3621,10.14,45.12,0,0,0,0.833
ORD-02376,2024-09-16 09:38:42.464492,Morning,C,High,26,3,168.6,Low,True,22.39,10.31,32.7,38,0,9,3,0,0,0.8605,-5.3,43.84,0,0,0,0.861
ORD-02377,2024-09-16 12:15:59.231846,Morning,A,Medium,15,7,126.6,High,False,14.15,11.51,25.66,45,0,9,3,0,0,0.5702,-19.34,18.99,1,1,1,0.943
ORD-02378,2024-09-16 14:53:15.999199,Evening,C,High,33,8,107.6,Medium,True,22.13,20.59,42.72,38,0,9,3,0,0,1.1242,4.72,35.51,1,0,0,0.671
ORD-02379,2024-09-16 17:30:32.766553,Morning,A,Medium,31,10,174.8,High,True,19.53,17.95,37.48,45,0,9,3,0,0,0.8329,-7.52,54.19,1,1,0,0.63
ORD-02380,2024-09-16 20:07:49.533906,Evening,C,High,18,8,155.3,Medium,True,13.14,12.67,25.81,38,1,9,3,0,0,0.6792,-12.19,27.95,1,0,0,0.73
ORD-02381,2024-09-16 22:45:06.301260,Evening,B,High,17,3,136.2,High,False,32.89,15.02,47.91,38,1,9,3,0,0,1.2608,9.91,23.15,0,1,1,1.935
ORD-02382,2024-09-17 01:22:23.068613,Morning,E,High,23,8,170.0,Medium,True,17.46,16.05,33.51,38,0,9,3,1,0,0.8818,-4.49,39.1,1,0,0,0.759
ORD-02383,2024-09-17 03:59:39.835967,Night,D,High,38,8,144.5,Medium,True,19.94,17.14,37.08,38,1,9,3,1,0,0.9758,-0.92,54.91,1,0,0,0.525
ORD-02384,2024-09-17 06:36:56.603320,Evening,A,High,30,7,144.4,Low,True,15.59,18.22,33.81,38,1,9,3,1,0,0.8897,-4.19,43.32,1,0,0,0.52
ORD-02385,2024-09-17 09:14:13.370674,Evening,D,Low,7,8,142.9,High,True,10.26,12.75,23.01,55,0,9,3,1,0,0.4184,-31.99,10.0,1,1,0,1.466
ORD-02386,2024-09-17 11:51:30.138027,Morning,D,Medium,47,9,117.2,Low,True,17.15,20.56,37.71,45,0,9,3,1,0,0.838,-7.29,55.08,1,0,0,0.365
ORD-02387,2024-09-17 14:28:46.905381,Evening,C,High,11,6,113.1,Medium,True,10.15,8.52,18.67,38,0,9,3,1,0,0.4913,-19.33,12.44,0,0,0,0.923
ORD-02388,2024-09-17 17:06:03.672734,Morning,E,High,34,10,129.0,Medium,True,21.05,18.41,39.46,38,0,9,3,1,0,1.0384,1.46,43.86,1,0,0,0.619
ORD-02389,2024-09-17 19:43:20.440088,Evening,D,Urgent,1,7,151.3,Medium,True,6.22,5.3,11.52,28,0,9,3,1,0,0.4114,-16.48,1.51,1,0,0,6.22
ORD-02390,2024-09-17 22:20:37.207441,Morning,A,Medium,13,1,75.1,Medium,True,12.51,11.6,24.11,45,0,9,3,1,0,0.5358,-20.89,9.76,0,0,0,0.962
ORD-02391,2024-09-18 00:57:53.974794,Night,B,Medium,29,2,187.8,Medium,True,37.82,14.77,52.59,45,1,9,3,2,0,1.1687,7.59,54.46,0,0,0,1.304
ORD-02392,2024-09-18 03:35:10.742148,Morning,B,High,43,5,150.7,Medium,True,41.8,21.7,63.5,38,1,9,3,2,0,1.6711,25.5,64.8,0,0,0,0.972
ORD-02393,2024-09-18 06:12:27.509501,Night,C,High,29,5,107.4,Medium,True,20.54,17.77,38.31,38,1,9,3,2,0,1.0082,0.31,31.15,0,0,0,0.708
ORD-02394,2024-09-18 08:49:44.276855,Night,E,Medium,3,9,214.7,Low,True,6.74,8.52,15.26,45,0,9,3,2,0,0.3391,-29.74,6.44,1,0,0,2.247
ORD-02395,2024-09-18 11:27:01.044208,Evening,C,Low,48,7,151.7,Medium,True,27.93,24.51,52.44,55,0,9,3,2,0,0.9535,-2.56,72.82,1,0,0,0.582
ORD-02396,2024-09-18 14:04:17.811562,Morning,B,Urgent,14,1,96.6,High,True,26.39,6.87,33.26,28,1,9,3,2,0,1.1879,5.26,13.52,0,1,0,1.885
ORD-02397,2024-09-18 16:41:34.578915,Morning,E,High,19,5,212.9,Medium,True,19.0,10.21,29.21,38,0,9,3,2,0,0.7687,-8.79,40.45,0,0,0,1.0
ORD-02398,2024-09-18 19:18:51.346269,Night,D,Medium,6,6,204.2,Low,True,10.5,9.12,19.62,45,0,9,3,2,0,0.436,-25.38,12.25,0,0,0,1.75
ORD-02399,2024-09-18 21:56:08.113622,Evening,B,Medium,35,10,113.6,Low,True,16.64,16.87,33.51,45,0,9,3,2,0,0.7447,-11.49,39.76,1,0,0,0.475
ORD-02400,2024-09-19 00:33:24.880976,Evening,E,Medium,23,7,137.1,High,True,23.75,12.19,35.94,45,0,9,3,3,0,0.7987,-9.06,31.53,1,1,0,1.033
ORD-02401,2024-09-19 03:10:41.648329,Morning,B,Medium,11,2,131.7,High,True,25.59,8.16,33.75,45,0,9,3,3,0,0.75,-11.25,14.49,0,1,0,2.326
ORD-02402,2024-09-19 05:47:58.415683,Night,C,Low,32,2,74.4,Low,True,22.99,17.12,40.11,55,0,9,3,3,0,0.7293,-14.89,23.81,0,0,0,0.718
ORD-02403,2024-09-19 08:25:15.183036,Morning,C,Medium,10,4,163.0,High,True,20.07,8.37,28.44,45,0,9,3,3,0,0.632,-16.56,16.3,0,1,0,2.007
ORD-02404,2024-09-19 11:02:31.950390,Morning,E,High,27,5,183.8,Low,True,25.61,14.09,39.7,38,0,9,3,3,0,1.0447,1.7,49.63,0,0,0,0.949
ORD-02405,2024-09-19 13:39:48.717743,Morning,B,Medium,34,2,176.3,High,True,57.18,16.26,73.44,45,1,9,3,3,0,1.632,28.44,59.94,0,1,0,1.682
ORD-02406,2024-09-19 16:17:05.485097,Evening,B,High,41,8,151.3,High,True,35.2,26.5,61.7,38,1,9,3,3,0,1.6237,23.7,62.03,1,1,0,0.859
ORD-02407,2024-09-19 18:54:22.252450,Night,C,Medium,35,1,187.7,Medium,True,36.13,16.71,52.84,45,1,9,3,3,0,1.1742,7.84,65.69,0,0,0,1.032
ORD-02408,2024-09-19 21:31:39.019803,Night,E,Low,29,1,104.6,High,True,34.89,15.46,50.35,55,1,9,3,3,0,0.9155,-4.65,30.33,0,1,0,1.203
ORD-02409,2024-09-20 00:08:55.787157,Morning,A,Medium,2,2,222.7,Medium,True,15.34,5.77,21.11,45,0,9,3,4,0,0.4691,-23.89,4.45,0,0,0,7.67
ORD-02410,2024-09-20 02:46:12.554510,Morning,A,Low,12,2,119.1,Low,True,11.12,8.63,19.75,55,0,9,3,4,0,0.3591,-35.25,14.29,0,0,0,0.927
ORD-02411,2024-09-20 05:23:29.321864,Night,E,High,29,6,123.6,High,True,25.76,14.0,39.76,38,1,9,3,4,0,1.0463,1.76,35.84,0,1,0,0.888
ORD-02412,2024-09-20 08:00:46.089217,Evening,D,Urgent,27,9,127.0,Low,True,10.07,15.18,25.25,28,0,9,3,4,0,0.9018,-2.75,34.29,1,0,0,0.373
ORD-02413,2024-09-20 10:38:02.856571,Morning,B,High,27,10,124.1,Low,True,15.87,13.22,29.09,38,0,9,3,4,0,0.7655,-8.91,33.51,1,0,0,0.588
ORD-02414,2024-09-20 13:15:19.623924,Morning,B,High,37,9,142.3,Low,True,23.57,20.85,44.42,38,0,9,3,4,0,1.1689,6.42,52.65,1,0,0,0.637
ORD-02415,2024-09-20 15:52:36.391278,Evening,C,High,46,7,140.7,Medium,True,25.58,21.44,47.02,38,1,9,3,4,0,1.2374,9.02,64.72,1,0,0,0.556
ORD-02416,2024-09-20 18:29:53.158631,Night,D,High,26,6,155.2,Medium,False,17.63,18.11,35.74,38,1,9,3,4,0,0.9405,-2.26,40.35,0,0,1,0.678
ORD-02417,2024-09-20 21:07:09.925985,Evening,C,Medium,7,4,117.3,High,True,8.03,8.27,16.3,45,0,9,3,4,0,0.3622,-28.7,8.21,0,1,0,1.147
ORD-02418,2024-09-20 23:44:26.693338,Morning,D,High,23,5,156.7,High,True,17.2,9.03,26.23,38,0,9,3,4,0,0.6903,-11.77,36.04,0,1,0,0.748
ORD-02419,2024-09-21 02:21:43.460692,Evening,A,Medium,13,9,106.4,High,True,11.78,13.0,24.78,45,0,9,3,5,1,0.5507,-20.22,13.83,1,1,0,0.906
ORD-02420,2024-09-21 04:59:00.228045,Morning,D,Low,27,2,179.3,Medium,False,27.43,22.04,49.47,55,0,9,3,5,1,0.8995,-5.53,48.41,0,0,1,1.016
ORD-02421,2024-09-21 07:36:16.995399,Night,A,High,30,9,178.8,High,False,22.13,20.6,42.73,38,1,9,3,5,1,1.1245,4.73,53.64,1,1,1,0.738
ORD-02422,2024-09-21 10:13:33.762752,Morning,E,High,28,9,149.8,Low,False,18.81,17.63,36.44,38,0,9,3,5,1,0.9589,-1.56,41.94,1,0,1,0.672
ORD-02423,2024-09-21 12:50:50.530106,Morning,A,Medium,30,1,124.0,Medium,True,24.37,12.46,36.83,45,0,9,3,5,1,0.8184,-8.17,37.2,0,0,0,0.812
ORD-02424,2024-09-21 15:28:07.297459,Evening,A,Urgent,16,3,162.4,Low,False,10.55,20.1,30.65,28,1,9,3,5,1,1.0946,2.65,25.98,0,0,1,0.659
ORD-02425,2024-09-21 18:05:24.064812,Morning,A,Low,9,4,114.5,Low,True,6.46,9.05,15.51,55,0,9,3,5,1,0.282,-39.49,10.3,0,0,0,0.718
ORD-02426,2024-09-21 20:42:40.832166,Morning,A,High,43,10,151.4,Low,True,11.39,24.61,36.0,38,0,9,3,5,1,0.9474,-2.0,65.1,1,0,0,0.265
ORD-02427,2024-09-21 23:19:57.599519,Evening,B,Urgent,21,5,143.9,Low,True,19.25,14.8,34.05,28,1,9,3,5,1,1.2161,6.05,30.22,0,0,0,0.917
ORD-02428,2024-09-22 01:57:14.366873,Night,C,Medium,11,8,255.2,High,True,19.47,12.23,31.7,45,0,9,3,6,1,0.7044,-13.3,28.07,1,1,0,1.77
ORD-02429,2024-09-22 04:34:31.134226,Night,E,Urgent,50,7,100.9,Medium,True,31.07,26.99,58.06,28,1,9,3,6,1,2.0736,30.06,50.45,1,0,0,0.621
ORD-02430,2024-09-22 07:11:47.901580,Morning,C,High,2,1,43.3,High,True,7.69,3.69,11.38,38,0,9,3,6,1,0.2995,-26.62,0.87,0,1,0,3.845
ORD-02431,2024-09-22 09:49:04.668933,Morning,C,High,18,7,124.5,Medium,False,14.99,15.9,30.89,38,0,9,3,6,1,0.8129,-7.11,22.41,1,0,1,0.833
ORD-02432,2024-09-22 12:26:21.436287,Evening,B,Urgent,38,7,81.4,Medium,True,27.53,23.08,50.61,28,1,9,3,6,1,1.8075,22.61,30.93,1,0,0,0.724
ORD-02433,2024-09-22 15:03:38.203640,Evening,D,High,21,9,120.9,Low,True,8.53,14.94,23.47,38,0,9,3,6,1,0.6176,-14.53,25.39,1,0,0,0.406
ORD-02434,2024-09-22 17:40:54.970994,Morning,A,Medium,43,10,98.1,High,True,23.35,22.56,45.91,45,0,9,3,6,1,1.0202,0.91,42.18,1,1,0,0.543
ORD-02435,2024-09-22 20:18:11.738347,Night,B,High,18,6,113.8,Low,True,12.25,11.92,24.17,38,0,9,3,6,1,0.6361,-13.83,20.48,0,0,0,0.681
ORD-02436,2024-09-22 22:55:28.505701,Night,A,Medium,33,9,107.4,Medium,True,8.56,13.73,22.29,45,0,9,3,6,1,0.4953,-22.71,35.44,1,0,0,0.259
ORD-02437,2024-09-23 01:32:45.273054,Morning,A,Medium,22,2,188.5,High,True,31.96,14.02,45.98,45,0,9,3,0,0,1.0218,0.98,41.47,0,1,0,1.453
ORD-02438,2024-09-23 04:10:02.040408,Night,C,Low,24,7,148.1,Medium,True,18.6,16.71,35.31,55,0,9,3,0,0,0.642,-19.69,35.54,1,0,0,0.775
ORD-02439,2024-09-23 06:47:18.807761,Evening,A,Medium,25,6,193.0,High,False,29.74,20.35,50.09,45,1,9,3,0,0,1.1131,5.09,48.25,0,1,1,1.19
ORD-02440,2024-09-23 09:24:35.575115,Morning,A,High,49,2,151.6,Low,True,36.67,29.03,65.7,38,1,9,3,0,0,1.7289,27.7,74.28,0,0,0,0.748
ORD-02441,2024-09-23 12:01:52.342468,Evening,D,Urgent,38,6,187.1,Medium,True,26.81,20.03,46.84,28,1,9,3,0,0,1.6729,18.84,71.1,0,0,0,0.706
ORD-02442,2024-09-23 14:39:09.109821,Morning,A,Urgent,19,7,137.9,Low,True,11.42,14.87,26.29,28,0,9,3,0,0,0.9389,-1.71,26.2,1,0,0,0.601
ORD-02443,2024-09-23 17:16:25.877175,Morning,C,Medium,21,5,213.8,Low,True,16.99,11.75,28.74,45,0,9,3,0,0,0.6387,-16.26,44.9,0,0,0,0.809
ORD-02444,2024-09-23 19:53:42.644528,Night,B,Medium,21,7,168.8,Low,True,18.24,19.6,37.84,45,1,9,3,0,0,0.8409,-7.16,35.45,1,0,0,0.869
ORD-02445,2024-09-23 22:30:59.411882,Evening,E,Medium,37,8,118.8,Medium,True,24.71,15.9,40.61,45,0,9,3,0,0,0.9024,-4.39,43.96,1,0,0,0.668
ORD-02446,2024-09-24 01:08:16.179235,Morning,D,Low,30,6,174.8,High,False,27.76,22.85,50.61,55,1,9,3,1,0,0.9202,-4.39,52.44,0,1,1,0.925
ORD-02447,2024-09-24 03:45:32.946589,Evening,A,Medium,27,4,151.1,Medium,True,25.69,12.6,38.29,45,1,9,3,1,0,0.8509,-6.71,40.8,0,0,0,0.951
ORD-02448,2024-09-24 06:22:49.713942,Night,E,Medium,22,3,141.9,High,False,29.04,14.38,43.42,45,1,9,3,1,0,0.9649,-1.58,31.22,0,1,1,1.32
ORD-02449,2024-09-24 09:00:06.481296,Evening,B,Urgent,20,7,153.8,Medium,True,18.66,13.62,32.28,28,1,9,3,1,0,1.1529,4.28,30.76,1,0,0,0.933
ORD-02450,2024-09-24 11:37:23.248649,Night,B,Medium,28,10,180.0,Low,True,20.32,16.53,36.85,45,0,9,3,1,0,0.8189,-8.15,50.4,1,0,0,0.726
ORD-02451,2024-09-24 14:14:40.016003,Night,D,High,42,5,65.3,Medium,True,27.49,19.38,46.87,38,1,9,3,1,0,1.2334,8.87,27.43,0,0,0,0.655
ORD-02452,2024-09-24 16:51:56.783356,Morning,D,Urgent,49,6,136.0,Low,True,25.3,24.42,49.72,28,1,9,3,1,0,1.7757,21.72,66.64,0,0,0,0.516
ORD-02453,2024-09-24 19:29:13.550710,Evening,B,High,4,10,177.3,Medium,True,10.36,3.75,14.11,38,0,9,3,1,0,0.3713,-23.89,7.09,1,0,0,2.59
ORD-02454,2024-09-24 22:06:30.318063,Evening,B,Medium,12,3,159.9,High,True,27.69,8.09,35.78,45,0,9,3,1,0,0.7951,-9.22,19.19,0,1,0,2.308
ORD-02455,2024-09-25 00:43:47.085417,Night,A,Medium,35,9,104.9,Low,True,13.41,17.73,31.14,45,0,9,3,2,0,0.692,-13.86,36.72,1,0,0,0.383
ORD-02456,2024-09-25 03:21:03.852770,Morning,C,Urgent,8,3,55.3,Low,True,6.41,6.93,13.34,28,0,9,3,2,0,0.4764,-14.66,4.42,0,0,0,0.801
ORD-02457,2024-09-25 05:58:20.620124,Morning,E,Low,31,3,218.0,Low,True,26.57,14.25,40.82,55,0,9,3,2,0,0.7422,-14.18,67.58,0,0,0,0.857
ORD-02458,2024-09-25 08:35:37.387477,Morning,B,Low,22,3,142.5,Medium,True,28.12,16.35,44.47,55,0,9,3,2,0,0.8085,-10.53,31.35,0,0,0,1.278
ORD-02459,2024-09-25 11:12:54.154830,Evening,E,Urgent,10,1,210.6,Low,False,20.76,10.82,31.58,28,1,9,3,2,0,1.1279,3.58,21.06,0,0,1,2.076
ORD-02460,2024-09-25 13:50:10.922184,Night,A,High,26,5,181.8,Medium,False,24.76,21.78,46.54,38,1,9,3,2,0,1.2247,8.54,47.27,0,0,1,0.952
ORD-02461,2024-09-25 16:27:27.689537,Night,D,High,26,4,118.3,Low,True,18.43,12.19,30.62,38,1,9,3,2,0,0.8058,-7.38,30.76,0,0,0,0.709
ORD-02462,2024-09-25 19:04:44.456891,Evening,E,Low,36,3,49.9,Medium,True,30.2,17.99,48.19,55,1,9,3,2,0,0.8762,-6.81,17.96,0,0,0,0.839
ORD-02463,2024-09-25 21:42:01.224244,Morning,D,Medium,42,8,131.5,High,False,25.84,31.68,57.52,45,1,9,3,2,0,1.2782,12.52,55.23,1,1,1,0.615
ORD-02464,2024-09-26 00:19:17.991598,Morning,A,High,48,6,148.5,Low,True,23.23,26.7,49.93,38,1,9,3,3,0,1.3139,11.93,71.28,0,0,0,0.484
ORD-02465,2024-09-26 02:56:34.758951,Night,B,Medium,22,2,168.0,Medium,False,32.11,13.99,46.1,45,0,9,3,3,0,1.0244,1.1,36.96,0,0,1,1.46
ORD-02466,2024-09-26 05:33:51.526305,Evening,A,Low,35,2,105.6,Low,True,24.63,14.43,39.06,55,0,9,3,3,0,0.7102,-15.94,36.96,0,0,0,0.704
ORD-02467,2024-09-26 08:11:08.293658,Night,C,Low,40,9,157.1,Low,False,20.27,29.85,50.12,55,0,9,3,3,0,0.9113,-4.88,62.84,1,0,1,0.507
ORD-02468,2024-09-26 10:48:25.061012,Morning,E,High,50,3,157.1,Low,True,38.29,24.35,62.64,38,1,9,3,3,0,1.6484,24.64,78.55,0,0,0,0.766
ORD-02469,2024-09-26 13:25:41.828365,Evening,B,Medium,33,4,189.4,Low,True,35.46,14.88,50.34,45,1,9,3,3,0,1.1187,5.34,62.5,0,0,0,1.075
ORD-02470,2024-09-26 16:02:58.595719,Night,A,High,13,2,137.7,High,True,15.07,8.31,23.38,38,0,9,3,3,0,0.6153,-14.62,17.9,0,1,0,1.159
ORD-02471,2024-09-26 18:40:15.363072,Morning,B,Medium,18,9,167.7,High,True,18.87,10.13,29.0,45,0,9,3,3,0,0.6444,-16.0,30.19,1,1,0,1.048
ORD-02472,2024-09-26 21:17:32.130426,Morning,C,Low,11,4,161.5,High,True,18.39,11.38,29.77,55,0,9,3,3,0,0.5413,-25.23,17.76,0,1,0,1.672
ORD-02473,2024-09-26 23:54:48.897779,Evening,C,Urgent,10,8,185.0,Low,True,10.98,8.71,19.69,28,1,9,3,3,0,0.7032,-8.31,18.5,1,0,0,1.098
ORD-02474,2024-09-27 02:32:05.665133,Evening,A,Urgent,16,5,117.2,Medium,True,19.42,9.53,28.95,28,0,9,3,4,0,1.0339,0.95,18.75,0,0,0,1.214
ORD-02475,2024-09-27 05:09:22.432486,Night,D,High,25,9,30.0,Medium,True,7.83,16.82,24.65,38,0,9,3,4,0,0.6487,-13.35,7.5,1,0,0,0.313
ORD-02476,2024-09-27 07:46:39.199839,Night,A,Urgent,40,5,140.5,Low,True,22.36,18.89,41.25,28,1,9,3,4,0,1.4732,13.25,56.2,0,0,0,0.559
ORD-02477,2024-09-27 10:23:55.967193,Evening,C,Low,15,9,140.8,Medium,True,9.98,9.12,19.1,55,0,9,3,4,0,0.3473,-35.9,21.12,1,0,0,0.665
ORD-02478,2024-09-27 13:01:12.734546,Morning,B,Medium,10,8,103.7,High,True,11.52,8.45,19.97,45,0,9,3,4,0,0.4438,-25.03,10.37,1,1,0,1.152
ORD-02479,2024-09-27 15:38:29.501900,Evening,A,Medium,7,5,89.7,High,False,7.57,9.85,17.42,45,0,9,3,4,0,0.3871,-27.58,6.28,0,1,1,1.081
ORD-02480,2024-09-27 18:15:46.269253,Night,C,Medium,10,5,127.0,High,True,14.74,5.31,20.05,45,0,9,3,4,0,0.4456,-24.95,12.7,0,1,0,1.474
ORD-02481,2024-09-27 20:53:03.036607,Evening,D,High,22,7,145.4,Low,True,15.42,11.22,26.64,38,0,9,3,4,0,0.7011,-11.36,31.99,1,0,0,0.701
ORD-02482,2024-09-27 23:30:19.803960,Night,B,High,21,7,153.8,High,False,26.78,19.86,46.64,38,0,9,3,4,0,1.2274,8.64,32.3,1,1,1,1.275
ORD-02483,2024-09-28 02:07:36.571314,Evening,D,Low,20,8,58.6,High,False,10.42,13.43,23.85,55,0,9,3,5,1,0.4336,-31.15,11.72,1,1,1,0.521
ORD-02484,2024-09-28 04:44:53.338667,Morning,C,Medium,16,1,79.9,Medium,True,16.35,11.59,27.94,45,0,9,3,5,1,0.6209,-17.06,12.78,0,0,0,1.022
ORD-02485,2024-09-28 07:22:10.106021,Evening,B,Urgent,23,3,195.2,Low,True,25.68,15.26,40.94,28,1,9,3,5,1,1.4621,12.94,44.9,0,0,0,1.117
ORD-02486,2024-09-28 09:59:26.873374,Evening,E,Medium,33,5,142.4,Low,True,25.49,24.57,50.06,45,0,9,3,5,1,1.1124,5.06,46.99,0,0,0,0.772
ORD-02487,2024-09-28 12:36:43.640728,Morning,E,Medium,3,6,149.9,Low,True,11.06,6.62,17.68,45,0,9,3,5,1,0.3929,-27.32,4.5,0,0,0,3.687
ORD-02488,2024-09-28 15:14:00.408081,Morning,A,Medium,45,1,96.7,Low,False,27.85,29.7,57.55,45,0,9,3,5,1,1.2789,12.55,43.52,0,0,1,0.619
ORD-02489,2024-09-28 17:51:17.175435,Evening,E,Medium,16,2,149.8,High,False,26.32,14.76,41.08,45,0,9,3,5,1,0.9129,-3.92,23.97,0,1,1,1.645
ORD-02490,2024-09-28 20:28:33.942788,Morning,D,Medium,7,5,135.0,High,True,9.79,6.93,16.72,45,0,9,3,5,1,0.3716,-28.28,9.45,0,1,0,1.399
ORD-02491,2024-09-28 23:05:50.710142,Morning,A,Medium,9,5,125.3,High,True,13.31,4.59,17.9,45,0,9,3,5,1,0.3978,-27.1,11.28,0,1,0,1.479
ORD-02492,2024-09-29 01:43:07.477495,Evening,C,Medium,28,7,91.5,Low,False,14.75,26.47,41.22,45,0,9,3,6,1,0.916,-3.78,25.62,1,0,1,0.527
ORD-02493,2024-09-29 04:20:24.244848,Night,A,Medium,27,1,115.3,Medium,False,22.57,19.54,42.11,45,0,9,3,6,1,0.9358,-2.89,31.13,0,0,1,0.836
ORD-02494,2024-09-29 06:57:41.012202,Evening,C,Medium,5,8,228.9,Medium,True,13.96,4.81,18.77,45,0,9,3,6,1,0.4171,-26.23,11.44,1,0,0,2.792
ORD-02495,2024-09-29 09:34:57.779555,Night,E,Low,25,4,136.0,Medium,True,23.2,15.6,38.8,55,0,9,3,6,1,0.7055,-16.2,34.0,0,0,0,0.928
ORD-02496,2024-09-29 12:12:14.546909,Night,B,Low,12,6,181.6,Low,True,14.7,10.93,25.63,55,0,9,3,6,1,0.466,-29.37,21.79,0,0,0,1.225
ORD-02497,2024-09-29 14:49:31.314262,Evening,C,Medium,46,10,142.1,High,True,26.71,23.31,50.02,45,1,9,3,6,1,1.1116,5.02,65.37,1,1,0,0.581
ORD-02498,2024-09-29 17:26:48.081616,Morning,A,Urgent,16,4,137.5,Medium,True,14.02,9.53,23.55,28,0,9,3,6,1,0.8411,-4.45,22.0,0,0,0,0.876
ORD-02499,2024-09-29 20:04:04.848969,Night,C,High,50,4,124.6,High,True,45.51,23.13,68.64,38,1,9,3,6,1,1.8063,30.64,62.3,0,1,0,0.91
ORD-02500,2024-09-29 22:41:21.616323,Morning,D,Low,29,3,203.8,Low,True,18.7,11.6,30.3,55,0,9,3,6,1,0.5509,-24.7,59.1,0,0,0,0.645
ORD-02501,2024-09-30 01:18:38.383676,Night,A,Medium,49,7,164.9,Low,True,19.2,24.14,43.34,45,1,9,3,0,0,0.9631,-1.66,80.8,1,0,0,0.392
ORD-02502,2024-09-30 03:55:55.151030,Evening,C,High,28,10,118.4,Medium,True,11.65,15.07,26.72,38,1,9,3,0,0,0.7032,-11.28,33.15,1,0,0,0.416
ORD-02503,2024-09-30 06:33:11.918383,Morning,B,Medium,7,6,134.2,Medium,True,11.22,9.33,20.55,45,0,9,3,0,0,0.4567,-24.45,9.39,0,0,0,1.603
ORD-02504,2024-09-30 09:10:28.685737,Evening,D,High,33,2,193.0,High,True,33.92,19.39,53.31,38,1,9,3,0,0,1.4029,15.31,63.69,0,1,0,1.028
ORD-02505,2024-09-30 11:47:45.453090,Evening,D,Urgent,24,10,36.5,Low,True,6.46,14.69,21.15,28,1,9,3,0,0,0.7554,-6.85,8.76,1,0,0,0.269
ORD-02506,2024-09-30 14:25:02.220444,Night,D,Low,41,1,162.4,Low,False,29.75,26.77,56.52,55,1,9,3,0,0,1.0276,1.52,66.58,0,0,1,0.726
ORD-02507,2024-09-30 17:02:18.987797,Morning,B,Medium,20,5,171.5,High,True,31.17,11.64,42.81,45,1,9,3,0,0,0.9513,-2.19,34.3,0,1,0,1.558
ORD-02508,2024-09-30 19:39:35.755151,Night,C,Medium,10,2,120.0,Medium,True,15.58,9.37,24.95,45,0,9,3,0,0,0.5544,-20.05,12.0,0,0,0,1.558
ORD-02509,2024-09-30 22:16:52.522504,Morning,C,Medium,6,1,156.2,Medium,True,18.42,9.28,27.7,45,0,9,3,0,0,0.6156,-17.3,9.37,0,0,0,3.07
ORD-02510,2024-10-01 00:54:09.289857,Night,D,Low,38,10,170.1,High,True,22.63,17.94,40.57,55,0,10,4,1,0,0.7376,-14.43,64.64,1,1,0,0.596
ORD-02511,2024-10-01 03:31:26.057211,Night,C,High,12,1,100.8,Medium,True,12.71,10.17,22.88,38,0,10,4,1,0,0.6021,-15.12,12.1,0,0,0,1.059
ORD-02512,2024-10-01 06:08:42.824564,Morning,E,Low,34,10,183.7,Medium,True,20.87,18.21,39.08,55,1,10,4,1,0,0.7105,-15.92,62.46,1,0,0,0.614
ORD-02513,2024-10-01 08:45:59.591918,Morning,A,High,7,6,161.9,Low,False,12.38,8.89,21.27,38,0,10,4,1,0,0.5597,-16.73,11.33,0,0,1,1.769
ORD-02514,2024-10-01 11:23:16.359271,Night,A,High,4,4,143.9,Medium,True,6.63,8.82,15.45,38,0,10,4,1,0,0.4066,-22.55,5.76,0,0,0,1.658
ORD-02515,2024-10-01 14:00:33.126625,Night,E,Medium,36,9,154.2,Medium,False,18.47,26.28,44.75,45,0,10,4,1,0,0.9944,-0.25,55.51,1,0,1,0.513
ORD-02516,2024-10-01 16:37:49.893978,Morning,A,Urgent,18,1,178.3,Medium,True,19.71,9.41,29.12,28,1,10,4,1,0,1.04,1.12,32.09,0,0,0,1.095
ORD-02517,2024-10-01 19:15:06.661332,Evening,E,High,29,7,242.6,Medium,True,24.14,15.07,39.21,38,1,10,4,1,0,1.0318,1.21,70.35,1,0,0,0.832
ORD-02518,2024-10-01 21:52:23.428685,Night,C,Medium,2,8,174.4,Low,False,7.3,9.1,16.4,45,0,10,4,1,0,0.3644,-28.6,3.49,1,0,1,3.65
ORD-02519,2024-10-02 00:29:40.196039,Morning,E,Urgent,10,4,182.4,Low,True,17.57,6.8,24.37,28,1,10,4,2,0,0.8704,-3.63,18.24,0,0,0,1.757
ORD-02520,2024-10-02 03:06:56.963392,Evening,C,High,5,4,157.7,Medium,True,13.47,4.51,17.98,38,0,10,4,2,0,0.4732,-20.02,7.88,0,0,0,2.694
ORD-02521,2024-10-02 05:44:13.730746,Evening,D,Low,14,1,226.1,Medium,True,23.05,10.15,33.2,55,0,10,4,2,0,0.6036,-21.8,31.65,0,0,0,1.646
ORD-02522,2024-10-02 08:21:30.498099,Morning,D,Medium,15,1,91.4,Low,True,13.01,11.84,24.85,45,0,10,4,2,0,0.5522,-20.15,13.71,0,0,0,0.867
ORD-02523,2024-10-02 10:58:47.265453,Night,C,Medium,19,1,80.5,High,True,24.46,11.7,36.16,45,0,10,4,2,0,0.8036,-8.84,15.3,0,1,0,1.287
ORD-02524,2024-10-02 13:36:04.032806,Morning,B,High,13,5,156.1,Low,False,17.51,11.57,29.08,38,1,10,4,2,0,0.7653,-8.92,20.29,0,0,1,1.347
ORD-02525,2024-10-02 16:13:20.800160,Night,A,Urgent,23,6,176.4,Medium,True,22.54,15.72,38.26,28,1,10,4,2,0,1.3664,10.26,40.57,0,0,0,0.98
ORD-02526,2024-10-02 18:50:37.567513,Evening,B,Medium,46,5,47.0,Medium,False,37.06,31.28,68.34,45,1,10,4,2,0,1.5187,23.34,21.62,0,0,1,0.806
ORD-02527,2024-10-02 21:27:54.334866,Evening,E,Low,5,8,149.9,Medium,True,8.98,6.48,15.46,55,0,10,4,2,0,0.2811,-39.54,7.5,1,0,0,1.796
ORD-02528,2024-10-03 00:05:11.102220,Evening,B,Medium,45,4,142.8,Low,True,37.39,21.83,59.22,45,1,10,4,3,0,1.316,14.22,64.26,0,0,0,0.831
ORD-02529,2024-10-03 02:42:27.869573,Evening,D,High,21,8,179.8,Low,True,12.82,7.91,20.73,38,0,10,4,3,0,0.5455,-17.27,37.76,1,0,0,0.61
ORD-02530,2024-10-03 05:19:44.636927,Night,C,Medium,29,7,167.1,Low,True,17.39,15.01,32.4,45,0,10,4,3,0,0.72,-12.6,48.46,1,0,0,0.6
ORD-02531,2024-10-03 07:57:01.404280,Evening,B,Low,34,10,77.7,Low,False,13.42,24.13,37.55,55,0,10,4,3,0,0.6827,-17.45,26.42,1,0,1,0.395
ORD-02532,2024-10-03 10:34:18.171634,Night,E,Medium,37,8,106.8,Low,True,20.7,20.38,41.08,45,1,10,4,3,0,0.9129,-3.92,39.52,1,0,0,0.559
ORD-02533,2024-10-03 13:11:34.938987,Evening,A,High,48,2,117.7,Medium,True,42.38,24.31,66.69,38,1,10,4,3,0,1.755,28.69,56.5,0,0,0,0.883
ORD-02534,2024-10-03 15:48:51.706341,Morning,C,Low,50,6,179.6,Medium,True,34.79,23.94,58.73,55,1,10,4,3,0,1.0678,3.73,89.8,0,0,0,0.696
ORD-02535,2024-10-03 18:26:08.473694,Morning,C,Medium,5,7,165.0,Low,True,8.71,6.1,14.81,45,0,10,4,3,0,0.3291,-30.19,8.25,1,0,0,1.742
ORD-02536,2024-10-03 21:03:25.241048,Night,A,Low,21,1,125.2,Medium,True,24.41,15.69,40.1,55,1,10,4,3,0,0.7291,-14.9,26.29,0,0,0,1.162
ORD-02537,2024-10-03 23:40:42.008401,Evening,A,Medium,27,1,155.8,Low,True,23.63,14.24,37.87,45,0,10,4,3,0,0.8416,-7.13,42.07,0,0,0,0.875
ORD-02538,2024-10-04 02:17:58.775755,Evening,D,Low,27,1,107.7,High,True,30.21,15.24,45.45,55,1,10,4,4,0,0.8264,-9.55,29.08,0,1,0,1.119
ORD-02539,2024-10-04 04:55:15.543108,Evening,A,Low,50,2,232.0,Medium,True,45.82,27.07,72.89,55,1,10,4,4,0,1.3253,17.89,116.0,0,0,0,0.916
ORD-02540,2024-10-04 07:32:32.310462,Evening,D,High,33,9,173.0,Medium,False,16.34,30.41,46.75,38,1,10,4,4,0,1.2303,8.75,57.09,1,0,1,0.495
ORD-02541,2024-10-04 10:09:49.077815,Evening,C,Low,21,3,181.4,Low,True,21.53,14.34,35.87,55,0,10,4,4,0,0.6522,-19.13,38.09,0,0,0,1.025
ORD-02542,2024-10-04 12:47:05.845169,Evening,A,Low,47,2,205.1,Medium,False,44.14,31.77,75.91,55,1,10,4,4,0,1.3802,20.91,96.4,0,0,1,0.939
ORD-02543,2024-10-04 15:24:22.612522,Night,B,Medium,37,5,190.6,Low,True,35.62,16.86,52.48,45,1,10,4,4,0,1.1662,7.48,70.52,0,0,0,0.963
ORD-02544,2024-10-04 18:01:39.379875,Morning,A,Low,40,4,151.3,High,True,38.13,23.54,61.67,55,0,10,4,4,0,1.1213,6.67,60.52,0,1,0,0.953
ORD-02545,2024-10-04 20:38:56.147229,Evening,D,Low,32,10,142.6,Low,True,9.51,22.25,31.76,55,0,10,4,4,0,0.5775,-23.24,45.63,1,0,0,0.297
ORD-02546,2024-10-04 23:16:12.914582,Morning,C,Medium,4,2,201.5,Medium,True,17.37,6.44,23.81,45,0,10,4,4,0,0.5291,-21.19,8.06,0,0,0,4.342
ORD-02547,2024-10-05 01:53:29.681936,Night,A,Medium,49,9,151.1,Medium,False,22.39,31.11,53.5,45,1,10,4,5,1,1.1889,8.5,74.04,1,0,1,0.457
ORD-02548,2024-10-05 04:30:46.449289,Evening,C,Medium,36,3,120.0,Medium,True,28.52,19.55,48.07,45,1,10,4,5,1,1.0682,3.07,43.2,0,0,0,0.792
ORD-02549,2024-10-05 07:08:03.216643,Evening,C,Urgent,8,4,228.7,Medium,True,15.43,12.02,27.45,28,0,10,4,5,1,0.9804,-0.55,18.3,0,0,0,1.929
ORD-02550,2024-10-05 09:45:19.983996,Night,C,Medium,13,5,112.6,High,True,11.54,13.81,25.35,45,0,10,4,5,1,0.5633,-19.65,14.64,0,1,0,0.888
ORD-02551,2024-10-05 12:22:36.751350,Evening,A,Medium,18,10,80.6,Low,True,6.87,15.09,21.96,45,0,10,4,5,1,0.488,-23.04,14.51,1,0,0,0.382
ORD-02552,2024-10-05 14:59:53.518703,Morning,A,Urgent,13,3,189.7,Low,True,16.91,12.23,29.14,28,0,10,4,5,1,1.0407,1.14,24.66,0,0,0,1.301
ORD-02553,2024-10-05 17:37:10.286057,Evening,B,Medium,32,4,120.8,High,True,40.09,16.74,56.83,45,1,10,4,5,1,1.2629,11.83,38.66,0,1,0,1.253
ORD-02554,2024-10-05 20:14:27.053410,Morning,D,High,28,7,167.4,Low,False,19.29,17.75,37.04,38,1,10,4,5,1,0.9747,-0.96,46.87,1,0,1,0.689
ORD-02555,2024-10-05 22:51:43.820764,Night,C,Medium,11,7,222.7,Medium,True,17.84,10.08,27.92,45,0,10,4,5,1,0.6204,-17.08,24.5,1,0,0,1.622
ORD-02556,2024-10-06 01:29:00.588117,Evening,B,High,35,4,95.0,Low,True,31.19,23.1,54.29,38,1,10,4,6,1,1.4287,16.29,33.25,0,0,0,0.891
ORD-02557,2024-10-06 04:06:17.355471,Night,A,Urgent,15,2,148.4,Low,False,10.67,18.02,28.69,28,0,10,4,6,1,1.0246,0.69,22.26,0,0,1,0.711
ORD-02558,2024-10-06 06:43:34.122824,Night,D,Low,8,8,209.3,Low,True,12.45,9.64,22.09,55,0,10,4,6,1,0.4016,-32.91,16.74,1,0,0,1.556
ORD-02559,2024-10-06 09:20:50.890178,Night,A,Urgent,48,10,177.3,High,True,26.71,21.26,47.97,28,1,10,4,6,1,1.7132,19.97,85.1,1,1,0,0.556
ORD-02560,2024-10-06 11:58:07.657531,Evening,C,Medium,16,7,142.8,Low,True,15.91,13.26,29.17,45,0,10,4,6,1,0.6482,-15.83,22.85,1,0,0,0.994
ORD-02561,2024-10-06 14:35:24.424884,Morning,B,High,12,9,245.6,Low,True,13.1,9.78,22.88,38,0,10,4,6,1,0.6021,-15.12,29.47,1,0,0,1.092
ORD-02562,2024-10-06 17:12:41.192238,Morning,A,Medium,36,3,146.2,Low,True,25.35,19.96,45.31,45,1,10,4,6,1,1.0069,0.31,52.63,0,0,0,0.704
ORD-02563,2024-10-06 19:49:57.959591,Night,C,Medium,39,9,165.9,Low,True,18.71,19.13,37.84,45,0,10,4,6,1,0.8409,-7.16,64.7,1,0,0,0.48
ORD-02564,2024-10-06 22:27:14.726945,Night,A,Low,8,9,216.0,Low,True,6.34,10.45,16.79,55,0,10,4,6,1,0.3053,-38.21,17.28,1,0,0,0.792
ORD-02565,2024-10-07 01:04:31.494298,Night,C,Urgent,3,10,189.2,High,True,4.52,3.81,8.33,28,0,10,4,0,0,0.2975,-19.67,5.68,1,1,0,1.507
ORD-02566,2024-10-07 03:41:48.261652,Morning,A,High,43,10,202.9,Medium,True,15.21,20.93,36.14,38,0,10,4,0,0,0.9511,-1.86,87.25,1,0,0,0.354
ORD-02567,2024-10-07 06:19:05.029005,Morning,B,High,26,4,114.0,Low,True,31.34,13.24,44.58,38,0,10,4,0,0,1.1732,6.58,29.64,0,0,0,1.205
ORD-02568,2024-10-07 08:56:21.796359,Night,C,Medium,23,2,199.1,Low,True,19.39,11.62,31.01,45,0,10,4,0,0,0.6891,-13.99,45.79,0,0,0,0.843
ORD-02569,2024-10-07 11:33:38.563712,Morning,A,Medium,22,8,156.8,Low,True,8.72,10.94,19.66,45,0,10,4,0,0,0.4369,-25.34,34.5,1,0,0,0.396
ORD-02570,2024-10-07 14:10:55.331066,Evening,C,Medium,30,7,120.2,Low,True,18.24,12.32,30.56,45,0,10,4,0,0,0.6791,-14.44,36.06,1,0,0,0.608
ORD-02571,2024-10-07 16:48:12.098419,Morning,D,Medium,34,7,158.9,Low,True,14.39,18.57,32.96,45,0,10,4,0,0,0.7324,-12.04,54.03,1,0,0,0.423
ORD-02572,2024-10-07 19:25:28.865773,Morning,E,Medium,5,7,157.6,High,True,7.55,12.47,20.02,45,0,10,4,0,0,0.4449,-24.98,7.88,1,1,0,1.51
ORD-02573,2024-10-07 22:02:45.633126,Evening,A,Urgent,14,1,224.7,Low,True,12.45,10.76,23.21,28,0,10,4,0,0,0.8289,-4.79,31.46,0,0,0,0.889
ORD-02574,2024-10-08 00:40:02.400480,Night,A,High,48,7,165.3,Low,True,25.44,23.88,49.32,38,1,10,4,1,0,1.2979,11.32,79.34,1,0,0,0.53
ORD-02575,2024-10-08 03:17:19.167833,Night,B,Medium,9,5,118.8,Medium,True,11.38,12.24,23.62,45,0,10,4,1,0,0.5249,-21.38,10.69,0,0,0,1.264
ORD-02576,2024-10-08 05:54:35.935187,Evening,E,Medium,46,1,109.5,Low,True,37.99,20.24,58.23,45,1,10,4,1,0,1.294,13.23,50.37,0,0,0,0.826
ORD-02577,2024-10-08 08:31:52.702540,Evening,B,High,21,9,148.1,Medium,True,17.51,15.46,32.97,38,0,10,4,1,0,0.8676,-5.03,31.1,1,0,0,0.834
ORD-02578,2024-10-08 11:09:09.469893,Night,B,High,10,1,96.1,Medium,True,17.43,8.35,25.78,38,0,10,4,1,0,0.6784,-12.22,9.61,0,0,0,1.743
ORD-02579,2024-10-08 13:46:26.237247,Evening,D,High,30,3,121.4,Low,True,19.19,18.7,37.89,38,1,10,4,1,0,0.9971,-0.11,36.42,0,0,0,0.64
ORD-02580,2024-10-08 16:23:43.004600,Evening,A,Medium,34,3,140.2,High,True,34.64,17.77,52.41,45,0,10,4,1,0,1.1647,7.41,47.67,0,1,0,1.019
ORD-02581,2024-10-08 19:00:59.771954,Evening,C,Low,18,8,133.1,Low,True,8.96,14.92,23.88,55,0,10,4,1,0,0.4342,-31.12,23.96,1,0,0,0.498
ORD-02582,2024-10-08 21:38:16.539307,Morning,C,Low,40,1,179.1,Low,False,32.6,25.87,58.47,55,0,10,4,1,0,1.0631,3.47,71.64,0,0,1,0.815
ORD-02583,2024-10-09 00:15:33.306661,Morning,C,Urgent,4,4,120.5,Medium,True,5.96,4.06,10.02,28,0,10,4,2,0,0.3579,-17.98,4.82,0,0,0,1.49
ORD-02584,2024-10-09 02:52:50.074014,Night,D,High,7,4,51.2,Medium,False,10.1,11.8,21.9,38,0,10,4,2,0,0.5763,-16.1,3.58,0,0,1,1.443
ORD-02585,2024-10-09 05:30:06.841368,Evening,B,Urgent,32,5,82.6,Low,True,23.51,22.22,45.73,28,1,10,4,2,0,1.6332,17.73,26.43,0,0,0,0.735
ORD-02586,2024-10-09 08:07:23.608721,Morning,C,Medium,29,9,149.3,Low,False,8.84,23.35,32.19,45,0,10,4,2,0,0.7153,-12.81,43.3,1,0,1,0.305
ORD-02587,2024-10-09 10:44:40.376075,Morning,C,Medium,35,4,126.5,High,True,35.32,22.14,57.46,45,1,10,4,2,0,1.2769,12.46,44.28,0,1,0,1.009
ORD-02588,2024-10-09 13:21:57.143428,Night,A,Medium,43,4,100.5,Medium,True,28.3,21.77,50.07,45,1,10,4,2,0,1.1127,5.07,43.22,0,0,0,0.658
ORD-02589,2024-10-09 15:59:13.910782,Evening,E,Urgent,47,5,228.3,Medium,True,39.88,23.93,63.81,28,1,10,4,2,0,2.2789,35.81,107.3,0,0,0,0.849
ORD-02590,2024-10-09 18:36:30.678135,Evening,D,Medium,26,4,183.2,Medium,True,22.46,11.87,34.33,45,0,10,4,2,0,0.7629,-10.67,47.63,0,0,0,0.864
ORD-02591,2024-10-09 21:13:47.445489,Morning,E,High,26,10,147.7,Medium,True,18.64,14.84,33.48,38,0,10,4,2,0,0.8811,-4.52,38.4,1,0,0,0.717
ORD-02592,2024-10-09 23:51:04.212842,Night,D,Low,47,3,159.3,Medium,True,35.08,26.76,61.84,55,1,10,4,2,0,1.1244,6.84,74.87,0,0,0,0.746
ORD-02593,2024-10-10 02:28:20.980196,Night,A,Low,49,2,139.4,Low,True,36.39,24.75,61.14,55,1,10,4,3,0,1.1116,6.14,68.31,0,0,0,0.743
ORD-02594,2024-10-10 05:05:37.747549,Evening,B,Low,3,5,99.8,Low,True,8.91,5.83,14.74,55,0,10,4,3,0,0.268,-40.26,2.99,0,0,0,2.97
ORD-02595,2024-10-10 07:42:54.514902,Morning,B,Medium,26,1,191.2,Medium,True,36.66,13.45,50.11,45,0,10,4,3,0,1.1136,5.11,49.71,0,0,0,1.41
ORD-02596,2024-10-10 10:20:11.282256,Evening,A,High,46,8,184.1,Medium,True,27.01,26.19,53.2,38,1,10,4,3,0,1.4,15.2,84.69,1,0,0,0.587
ORD-02597,2024-10-10 12:57:28.049609,Night,B,Urgent,3,9,70.9,Medium,True,3.0,10.57,13.57,28,0,10,4,3,0,0.4846,-14.43,2.13,1,0,0,1.0
ORD-02598,2024-10-10 15:34:44.816963,Night,B,High,49,9,159.1,Medium,False,30.04,33.78,63.82,38,1,10,4,3,0,1.6795,25.82,77.96,1,0,1,0.613
ORD-02599,2024-10-10 18:12:01.584316,Night,A,Medium,38,9,163.5,Medium,True,17.29,20.07,37.36,45,1,10,4,3,0,0.8302,-7.64,62.13,1,0,0,0.455
ORD-02600,2024-10-10 20:49:18.351670,Evening,D,High,8,5,137.1,Low,True,10.67,6.53,17.2,38,0,10,4,3,0,0.4526,-20.8,10.97,0,0,0,1.334
ORD-02601,2024-10-10 23:26:35.119023,Morning,A,Low,33,7,233.9,High,True,37.05,14.28,51.33,55,1,10,4,3,0,0.9333,-3.67,77.19,1,1,0,1.123
ORD-02602,2024-10-11 02:03:51.886377,Evening,C,High,22,4,229.5,High,True,29.29,14.02,43.31,38,1,10,4,4,0,1.1397,5.31,50.49,0,1,0,1.331
ORD-02603,2024-10-11 04:41:08.653730,Night,D,High,17,9,134.9,High,True,13.51,6.86,20.37,38,0,10,4,4,0,0.5361,-17.63,22.93,1,1,0,0.795
ORD-02604,2024-10-11 07:18:25.421084,Morning,C,Medium,32,2,141.1,High,True,38.53,9.68,48.21,45,0,10,4,4,0,1.0713,3.21,45.15,0,1,0,1.204
ORD-02605,2024-10-11 09:55:42.188437,Morning,A,Low,37,2,136.4,High,True,38.42,19.0,57.42,55,1,10,4,4,0,1.044,2.42,50.47,0,1,0,1.038
ORD-02606,2024-10-11 12:32:58.955791,Evening,C,Medium,45,10,125.5,Low,True,20.99,18.58,39.57,45,0,10,4,4,0,0.8793,-5.43,56.47,1,0,0,0.466
ORD-02607,2024-10-11 15:10:15.723144,Evening,D,Medium,21,4,113.2,Medium,True,22.55,13.23,35.78,45,0,10,4,4,0,0.7951,-9.22,23.77,0,0,0,1.074
ORD-02608,2024-10-11 17:47:32.490498,Night,E,Urgent,8,4,170.3,Medium,True,12.91,10.95,23.86,28,0,10,4,4,0,0.8521,-4.14,13.62,0,0,0,1.614
ORD-02609,2024-10-11 20:24:49.257851,Morning,B,High,44,7,228.5,Medium,False,44.51,28.48,72.99,38,1,10,4,4,0,1.9208,34.99,100.54,1,0,1,1.012
ORD-02610,2024-10-11 23:02:06.025205,Morning,A,Medium,17,4,212.0,High,True,23.77,12.12,35.89,45,0,10,4,4,0,0.7976,-9.11,36.04,0,1,0,1.398
ORD-02611,2024-10-12 01:39:22.792558,Morning,C,Medium,38,8,181.6,Low,True,18.03,17.79,35.82,45,0,10,4,5,1,0.796,-9.18,69.01,1,0,0,0.474
ORD-02612,2024-10-12 04:16:39.559911,Evening,A,High,40,5,53.7,Low,True,20.41,22.44,42.85,38,1,10,4,5,1,1.1276,4.85,21.48,0,0,0,0.51
ORD-02613,2024-10-12 06:53:56.327265,Night,D,Medium,3,8,75.4,Low,True,5.41,7.18,12.59,45,0,10,4,5,1,0.2798,-32.41,2.26,1,0,0,1.803
ORD-02614,2024-10-12 09:31:13.094618,Evening,D,Low,21,1,192.6,Low,False,20.86,18.83,39.69,55,0,10,4,5,1,0.7216,-15.31,40.45,0,0,1,0.993
ORD-02615,2024-10-12 12:08:29.861972,Evening,D,High,5,8,214.8,Low,True,9.82,10.53,20.35,38,0,10,4,5,1,0.5355,-17.65,10.74,1,0,0,1.964
ORD-02616,2024-10-12 14:45:46.629325,Morning,E,Medium,31,4,172.1,Low,True,25.5,21.48,46.98,45,1,10,4,5,1,1.044,1.98,53.35,0,0,0,0.823
ORD-02617,2024-10-12 17:23:03.396679,Evening,C,Medium,40,5,137.8,Low,False,28.61,26.87,55.48,45,1,10,4,5,1,1.2329,10.48,55.12,0,0,1,0.715
ORD-02618,2024-10-12 20:00:20.164032,Night,E,Medium,29,10,204.1,Medium,True,19.24,15.94,35.18,45,0,10,4,5,1,0.7818,-9.82,59.19,1,0,0,0.663
ORD-02619,2024-10-12 22:37:36.931386,Night,C,Medium,17,5,180.1,Medium,True,22.33,6.45,28.78,45,1,10,4,5,1,0.6396,-16.22,30.62,0,0,0,1.314
ORD-02620,2024-10-13 01:14:53.698739,Morning,A,Urgent,49,1,195.5,Medium,True,44.08,22.68,66.76,28,1,10,4,6,1,2.3843,38.76,95.8,0,0,0,0.9
ORD-02621,2024-10-13 03:52:10.466093,Evening,D,High,5,5,75.7,Low,True,4.5,9.04,13.54,38,0,10,4,6,1,0.3563,-24.46,3.78,0,0,0,0.9
ORD-02622,2024-10-13 06:29:27.233446,Morning,D,Urgent,8,3,163.7,High,True,15.9,7.72,23.62,28,0,10,4,6,1,0.8436,-4.38,13.1,0,1,0,1.988
ORD-02623,2024-10-13 09:06:44.000800,Morning,E,Urgent,19,5,221.0,Low,True,17.07,13.46,30.53,28,1,10,4,6,1,1.0904,2.53,41.99,0,0,0,0.898
ORD-02624,2024-10-13 11:44:00.768153,Morning,A,Medium,48,3,171.1,Medium,True,36.66,21.58,58.24,45,1,10,4,6,1,1.2942,13.24,82.13,0,0,0,0.764
ORD-02625,2024-10-13 14:21:17.535507,Morning,B,Medium,45,7,187.9,High,True,48.45,26.79,75.24,45,1,10,4,6,1,1.672,30.24,84.56,1,1,0,1.077
ORD-02626,2024-10-13 16:58:34.302860,Morning,D,High,29,3,151.5,High,False,32.24,20.1,52.34,38,1,10,4,6,1,1.3774,14.34,43.93,0,1,1,1.112
ORD-02627,2024-10-13 19:35:51.070214,Night,A,Low,48,5,154.2,Medium,True,33.79,23.77,57.56,55,1,10,4,6,1,1.0465,2.56,74.02,0,0,0,0.704
ORD-02628,2024-10-13 22:13:07.837567,Morning,C,Urgent,46,10,206.1,Low,True,22.55,24.71,47.26,28,1,10,4,6,1,1.6879,19.26,94.81,1,0,0,0.49
ORD-02629,2024-10-14 00:50:24.604920,Night,C,Low,30,7,123.2,High,True,21.76,15.11,36.87,55,0,10,4,0,0,0.6704,-18.13,36.96,1,1,0,0.725
ORD-02630,2024-10-14 03:27:41.372274,Night,A,Medium,6,8,119.3,Medium,True,5.92,4.04,9.96,45,0,10,4,0,0,0.2213,-35.04,7.16,1,0,0,0.987
ORD-02631,2024-10-14 06:04:58.139627,Evening,A,High,45,8,130.9,Medium,True,21.24,23.97,45.21,38,0,10,4,0,0,1.1897,7.21,58.91,1,0,0,0.472
ORD-02632,2024-10-14 08:42:14.906981,Evening,D,Urgent,33,10,150.9,Low,False,13.34,22.04,35.38,28,1,10,4,0,0,1.2636,7.38,49.8,1,0,1,0.404
ORD-02633,2024-10-14 11:19:31.674334,Night,A,High,8,9,85.6,High,True,8.53,7.85,16.38,38,0,10,4,0,0,0.4311,-21.62,6.85,1,1,0,1.066
ORD-02634,2024-10-14 13:56:48.441688,Morning,D,Medium,43,9,179.2,High,True,29.96,22.12,52.08,45,0,10,4,0,0,1.1573,7.08,77.06,1,1,0,0.697
ORD-02635,2024-10-14 16:34:05.209041,Evening,D,Medium,20,4,143.4,Medium,False,14.96,15.98,30.94,45,0,10,4,0,0,0.6876,-14.06,28.68,0,0,1,0.748
ORD-02636,2024-10-14 19:11:21.976395,Evening,C,Medium,40,7,184.1,High,True,34.63,19.03,53.66,45,1,10,4,0,0,1.1924,8.66,73.64,1,1,0,0.866
ORD-02637,2024-10-14 21:48:38.743748,Night,B,High,14,9,65.2,Medium,True,13.91,2.76,16.67,38,0,10,4,0,0,0.4387,-21.33,9.13,1,0,0,0.994
ORD-02638,2024-10-15 00:25:55.511102,Night,A,Medium,1,6,184.3,Low,False,4.58,10.95,15.53,45,0,10,4,1,0,0.3451,-29.47,1.84,0,0,1,4.58
ORD-02639,2024-10-15 03:03:12.278455,Night,D,High,23,2,203.5,Medium,True,22.29,14.86,37.15,38,1,10,4,1,0,0.9776,-0.85,46.81,0,0,0,0.969
ORD-02640,2024-10-15 05:40:29.045809,Evening,A,Low,23,6,167.5,Medium,True,15.21,7.13,22.34,55,0,10,4,1,0,0.4062,-32.66,38.52,0,0,0,0.661
ORD-02641,2024-10-15 08:17:45.813162,Evening,B,Medium,44,3,151.2,Medium,False,49.65,28.6,78.25,45,1,10,4,1,0,1.7389,33.25,66.53,0,0,1,1.128
ORD-02642,2024-10-15 10:55:02.580516,Night,E,Urgent,6,7,184.6,Low,False,7.59,9.33,16.92,28,0,10,4,1,0,0.6043,-11.08,11.08,1,0,1,1.265
ORD-02643,2024-10-15 13:32:19.347869,Night,B,Medium,46,9,200.9,Medium,False,34.51,26.6,61.11,45,1,10,4,1,0,1.358,16.11,92.41,1,0,1,0.75
ORD-02644,2024-10-15 16:09:36.115223,Evening,B,High,8,8,170.9,Low,True,10.47,8.37,18.84,38,0,10,4,1,0,0.4958,-19.16,13.67,1,0,0,1.309
ORD-02645,2024-10-15 18:46:52.882576,Night,E,Medium,47,6,173.9,Medium,False,39.09,34.96,74.05,45,1,10,4,1,0,1.6456,29.05,81.73,0,0,1,0.832
ORD-02646,2024-10-15 21:24:09.649929,Night,A,Urgent,36,6,216.3,High,True,35.92,20.0,55.92,28,1,10,4,1,0,1.9971,27.92,77.87,0,1,0,0.998
ORD-02647,2024-10-16 00:01:26.417283,Evening,A,Low,18,6,180.4,Low,True,12.3,11.95,24.25,55,0,10,4,2,0,0.4409,-30.75,32.47,0,0,0,0.683
ORD-02648,2024-10-16 02:38:43.184636,Morning,B,Medium,48,5,118.0,High,True,52.08,25.47,77.55,45,1,10,4,2,0,1.7233,32.55,56.64,0,1,0,1.085
ORD-02649,2024-10-16 05:15:59.951990,Morning,D,High,18,3,200.7,Low,True,19.56,13.77,33.33,38,0,10,4,2,0,0.8771,-4.67,36.13,0,0,0,1.087
ORD-02650,2024-10-16 07:53:16.719343,Night,E,High,32,7,145.1,Medium,True,20.22,16.24,36.46,38,1,10,4,2,0,0.9595,-1.54,46.43,1,0,0,0.632
ORD-02651,2024-10-16 10:30:33.486697,Morning,D,Medium,1,4,151.3,High,False,12.33,5.96,18.29,45,0,10,4,2,0,0.4064,-26.71,1.51,0,1,1,12.33
ORD-02652,2024-10-16 13:07:50.254050,Evening,E,Medium,6,2,154.3,Low,True,11.13,9.53,20.66,45,0,10,4,2,0,0.4591,-24.34,9.26,0,0,0,1.855
ORD-02653,2024-10-16 15:45:07.021404,Evening,A,Medium,18,9,188.8,Low,True,13.27,14.06,27.33,45,0,10,4,2,0,0.6073,-17.67,33.98,1,0,0,0.737
ORD-02654,2024-10-16 18:22:23.788757,Night,C,Urgent,13,6,220.0,High,True,20.18,8.52,28.7,28,1,10,4,2,0,1.025,0.7,28.6,0,1,0,1.552
ORD-02655,2024-10-16 20:59:40.556111,Night,A,High,12,6,151.0,Low,True,9.34,5.29,14.63,38,0,10,4,2,0,0.385,-23.37,18.12,0,0,0,0.778
ORD-02656,2024-10-16 23:36:57.323464,Night,E,Urgent,19,6,219.3,Low,True,16.05,14.72,30.77,28,1,10,4,2,0,1.0989,2.77,41.67,0,0,0,0.845
ORD-02657,2024-10-17 02:14:14.090818,Evening,E,Urgent,31,1,156.6,Medium,True,38.64,18.21,56.85,28,1,10,4,3,0,2.0304,28.85,48.55,0,0,0,1.246
ORD-02658,2024-10-17 04:51:30.858171,Morning,B,Medium,7,6,206.1,Low,True,13.4,6.97,20.37,45,0,10,4,3,0,0.4527,-24.63,14.43,0,0,0,1.914
ORD-02659,2024-10-17 07:28:47.625525,Evening,D,High,38,6,157.9,Low,True,28.76,19.99,48.75,38,1,10,4,3,0,1.2829,10.75,60.0,0,0,0,0.757
ORD-02660,2024-10-17 10:06:04.392878,Morning,C,High,43,6,130.3,High,True,35.91,20.74,56.65,38,1,10,4,3,0,1.4908,18.65,56.03,0,1,0,0.835
ORD-02661,2024-10-17 12:43:21.160232,Evening,A,High,42,1,226.9,Medium,True,41.0,21.1,62.1,38,1,10,4,3,0,1.6342,24.1,95.3,0,0,0,0.976
ORD-02662,2024-10-17 15:20:37.927585,Night,C,High,10,8,126.5,Low,True,3.95,12.01,15.96,38,0,10,4,3,0,0.42,-22.04,12.65,1,0,0,0.395
ORD-02663,2024-10-17 17:57:54.694938,Evening,E,Low,45,7,123.8,Medium,True,31.8,20.5,52.3,55,1,10,4,3,0,0.9509,-2.7,55.71,1,0,0,0.707
ORD-02664,2024-10-17 20:35:11.462292,Evening,B,Urgent,7,8,99.8,Low,True,7.1,7.98,15.08,28,0,10,4,3,0,0.5386,-12.92,6.99,1,0,0,1.014
ORD-02665,2024-10-17 23:12:28.229645,Evening,A,High,6,6,200.7,Low,True,11.9,8.79,20.69,38,0,10,4,3,0,0.5445,-17.31,12.04,0,0,0,1.983
ORD-02666,2024-10-18 01:49:44.996999,Night,E,High,37,4,210.1,High,True,49.28,17.29,66.57,38,1,10,4,4,0,1.7518,28.57,77.74,0,1,0,1.332
ORD-02667,2024-10-18 04:27:01.764352,Evening,B,Medium,39,9,164.9,Medium,True,29.68,20.4,50.08,45,1,10,4,4,0,1.1129,5.08,64.31,1,0,0,0.761
ORD-02668,2024-10-18 07:04:18.531706,Evening,B,Medium,7,4,110.6,Medium,True,13.76,7.67,21.43,45,0,10,4,4,0,0.4762,-23.57,7.74,0,0,0,1.966
ORD-02669,2024-10-18 09:41:35.299059,Morning,D,High,21,5,149.7,Medium,True,20.58,15.12,35.7,38,1,10,4,4,0,0.9395,-2.3,31.44,0,0,0,0.98
ORD-02670,2024-10-18 12:18:52.066413,Evening,C,High,21,1,137.9,High,True,31.69,17.52,49.21,38,1,10,4,4,0,1.295,11.21,28.96,0,1,0,1.509
ORD-02671,2024-10-18 14:56:08.833766,Morning,B,Low,37,2,108.8,Medium,True,38.43,21.71,60.14,55,1,10,4,4,0,1.0935,5.14,40.26,0,0,0,1.039
ORD-02672,2024-10-18 17:33:25.601120,Evening,A,Medium,26,2,130.4,Low,True,24.22,10.48,34.7,45,0,10,4,4,0,0.7711,-10.3,33.9,0,0,0,0.932
ORD-02673,2024-10-18 20:10:42.368473,Night,D,High,31,5,170.2,Low,True,19.92,16.12,36.04,38,1,10,4,4,0,0.9484,-1.96,52.76,0,0,0,0.643
ORD-02674,2024-10-18 22:47:59.135827,Morning,C,Urgent,5,3,125.8,Low,True,12.52,6.06,18.58,28,0,10,4,4,0,0.6636,-9.42,6.29,0,0,0,2.504
ORD-02675,2024-10-19 01:25:15.903180,Evening,D,Low,49,4,161.7,High,True,44.3,26.52,70.82,55,0,10,4,5,1,1.2876,15.82,79.23,0,1,0,0.904
ORD-02676,2024-10-19 04:02:32.670534,Morning,E,Medium,28,8,78.9,Medium,False,19.43,23.95,43.38,45,1,10,4,5,1,0.964,-1.62,22.09,1,0,1,0.694
ORD-02677,2024-10-19 06:39:49.437887,Morning,A,Medium,34,7,217.2,Low,True,20.28,18.36,38.64,45,1,10,4,5,1,0.8587,-6.36,73.85,1,0,0,0.596
ORD-02678,2024-10-19 09:17:06.205241,Morning,E,Medium,25,8,134.3,Low,True,10.8,14.58,25.38,45,0,10,4,5,1,0.564,-19.62,33.58,1,0,0,0.432
ORD-02679,2024-10-19 11:54:22.972594,Morning,D,Low,13,9,184.8,High,False,14.45,15.69,30.14,55,0,10,4,5,1,0.548,-24.86,24.02,1,1,1,1.112
ORD-02680,2024-10-19 14:31:39.739947,Night,E,Medium,34,3,157.5,Low,True,30.09,22.35,52.44,45,1,10,4,5,1,1.1653,7.44,53.55,0,0,0,0.885
ORD-02681,2024-10-19 17:08:56.507301,Night,A,High,15,7,166.1,Medium,True,12.22,13.51,25.73,38,0,10,4,5,1,0.6771,-12.27,24.92,1,0,0,0.815
ORD-02682,2024-10-19 19:46:13.274654,Evening,B,Medium,11,9,104.7,High,True,12.36,9.08,21.44,45,0,10,4,5,1,0.4764,-23.56,11.52,1,1,0,1.124
ORD-02683,2024-10-19 22:23:30.042008,Evening,C,Medium,28,4,119.6,High,True,23.37,16.03,39.4,45,0,10,4,5,1,0.8756,-5.6,33.49,0,1,0,0.835
ORD-02684,2024-10-20 01:00:46.809361,Night,E,Urgent,18,4,120.5,Low,True,15.03,12.07,27.1,28,0,10,4,6,1,0.9679,-0.9,21.69,0,0,0,0.835
ORD-02685,2024-10-20 03:38:03.576715,Night,E,Medium,45,6,151.0,Medium,True,29.26,23.43,52.69,45,0,10,4,6,1,1.1709,7.69,67.95,0,0,0,0.65
ORD-02686,2024-10-20 06:15:20.344068,Evening,B,High,33,8,203.0,Low,False,26.0,18.14,44.14,38,1,10,4,6,1,1.1616,6.14,66.99,1,0,1,0.788
ORD-02687,2024-10-20 08:52:37.111422,Morning,C,Medium,19,2,167.3,High,True,29.26,12.95,42.21,45,0,10,4,6,1,0.938,-2.79,31.79,0,1,0,1.54
ORD-02688,2024-10-20 11:29:53.878775,Evening,A,High,2,5,114.0,Low,True,5.4,6.65,12.05,38,0,10,4,6,1,0.3171,-25.95,2.28,0,0,0,2.7
ORD-02689,2024-10-20 14:07:10.646129,Night,D,High,18,3,153.5,Medium,True,21.72,12.49,34.21,38,0,10,4,6,1,0.9003,-3.79,27.63,0,0,0,1.207
ORD-02690,2024-10-20 16:44:27.413482,Morning,D,Medium,6,8,146.8,Medium,False,8.1,6.87,14.97,45,0,10,4,6,1,0.3327,-30.03,8.81,1,0,1,1.35
ORD-02691,2024-10-20 19:21:44.180836,Evening,D,High,11,3,136.0,High,True,16.89,10.57,27.46,38,0,10,4,6,1,0.7226,-10.54,14.96,0,1,0,1.535
ORD-02692,2024-10-20 21:59:00.948189,Morning,B,High,15,4,149.4,Low,True,19.33,10.36,29.69,38,0,10,4,6,1,0.7813,-8.31,22.41,0,0,0,1.289
ORD-02693,2024-10-21 00:36:17.715543,Morning,E,Medium,33,4,180.5,Low,True,24.97,16.57,41.54,45,1,10,4,0,0,0.9231,-3.46,59.56,0,0,0,0.757
ORD-02694,2024-10-21 03:13:34.482896,Evening,A,High,6,1,121.2,High,True,16.49,3.67,20.16,38,0,10,4,0,0,0.5305,-17.84,7.27,0,1,0,2.748
ORD-02695,2024-10-21 05:50:51.250250,Morning,C,Medium,9,7,136.2,Low,True,6.26,5.31,11.57,45,0,10,4,0,0,0.2571,-33.43,12.26,1,0,0,0.696
ORD-02696,2024-10-21 08:28:08.017603,Night,C,Medium,2,3,189.3,Low,True,11.01,5.34,16.35,45,0,10,4,0,0,0.3633,-28.65,3.79,0,0,0,5.505
ORD-02697,2024-10-21 11:05:24.784956,Night,C,Urgent,46,5,168.8,Low,True,32.48,28.43,60.91,28,1,10,4,0,0,2.1754,32.91,77.65,0,0,0,0.706
ORD-02698,2024-10-21 13:42:41.552310,Morning,D,Low,50,7,201.2,High,True,34.22,22.97,57.19,55,1,10,4,0,0,1.0398,2.19,100.6,1,1,0,0.684
ORD-02699,2024-10-21 16:19:58.319663,Night,C,Low,15,8,207.4,Medium,True,11.31,9.02,20.33,55,0,10,4,0,0,0.3696,-34.67,31.11,1,0,0,0.754
ORD-02700,2024-10-21 18:57:15.087017,Night,A,Low,23,10,95.6,Medium,False,8.35,21.21,29.56,55,0,10,4,0,0,0.5375,-25.44,21.99,1,0,1,0.363
ORD-02701,2024-10-21 21:34:31.854370,Evening,A,Urgent,16,2,161.5,High,True,28.75,11.35,40.1,28,1,10,4,0,0,1.4321,12.1,25.84,0,1,0,1.797
ORD-02702,2024-10-22 00:11:48.621724,Evening,C,Low,27,7,129.7,High,False,21.5,19.2,40.7,55,0,10,4,1,0,0.74,-14.3,35.02,1,1,1,0.796
ORD-02703,2024-10-22 02:49:05.389077,Night,D,Low,28,4,102.1,Medium,False,17.46,24.01,41.47,55,0,10,4,1,0,0.754,-13.53,28.59,0,0,1,0.624
ORD-02704,2024-10-22 05:26:22.156431,Evening,C,High,13,8,118.4,Low,True,9.72,8.28,18.0,38,0,10,4,1,0,0.4737,-20.0,15.39,1,0,0,0.748
ORD-02705,2024-10-22 08:03:38.923784,Morning,B,High,33,4,138.0,Medium,True,28.63,19.31,47.94,38,1,10,4,1,0,1.2616,9.94,45.54,0,0,0,0.868
ORD-02706,2024-10-22 10:40:55.691138,Morning,A,Medium,1,1,138.2,Medium,True,6.48,7.27,13.75,45,0,10,4,1,0,0.3056,-31.25,1.38,0,0,0,6.48
ORD-02707,2024-10-22 13:18:12.458491,Morning,D,Urgent,33,9,125.7,Low,True,17.3,20.87,38.17,28,1,10,4,1,0,1.3632,10.17,41.48,1,0,0,0.524
ORD-02708,2024-10-22 15:55:29.225845,Evening,C,Low,38,8,149.5,High,True,25.78,17.56,43.34,55,0,10,4,1,0,0.788,-11.66,56.81,1,1,0,0.678
ORD-02709,2024-10-22 18:32:45.993198,Morning,C,High,3,4,247.9,Low,False,11.77,3.26,15.03,38,0,10,4,1,0,0.3955,-22.97,7.44,0,0,1,3.923
ORD-02710,2024-10-22 21:10:02.760552,Evening,C,High,37,9,81.0,Low,True,16.05,17.78,33.83,38,0,10,4,1,0,0.8903,-4.17,29.97,1,0,0,0.434
ORD-02711,2024-10-22 23:47:19.527905,Evening,B,Medium,37,5,195.5,Medium,False,40.35,28.67,69.02,45,1,10,4,1,0,1.5338,24.02,72.34,0,0,1,1.091
ORD-02712,2024-10-23 02:24:36.295259,Night,B,Urgent,49,5,149.3,High,True,54.8,25.37,80.17,28,1,10,4,2,0,2.8632,52.17,73.16,0,1,0,1.118
ORD-02713,2024-10-23 05:01:53.062612,Evening,A,Medium,41,3,132.5,Low,False,29.12,24.27,53.39,45,1,10,4,2,0,1.1864,8.39,54.32,0,0,1,0.71
ORD-02714,2024-10-23 07:39:09.829965,Night,D,Medium,2,5,69.3,Low,True,7.06,3.51,10.57,45,0,10,4,2,0,0.2349,-34.43,1.39,0,0,0,3.53
ORD-02715,2024-10-23 10:16:26.597319,Night,B,Low,5,10,180.5,Medium,True,6.92,4.57,11.49,55,0,10,4,2,0,0.2089,-43.51,9.02,1,0,0,1.384
ORD-02716,2024-10-23 12:53:43.364672,Morning,B,Low,7,1,92.4,High,False,16.05,11.76,27.81,55,0,10,4,2,0,0.5056,-27.19,6.47,0,1,1,2.293
ORD-02717,2024-10-23 15:31:00.132026,Evening,E,Urgent,30,6,183.1,Low,True,21.31,16.22,37.53,28,1,10,4,2,0,1.3404,9.53,54.93,0,0,0,0.71
ORD-02718,2024-10-23 18:08:16.899379,Morning,B,Medium,36,2,219.7,Low,True,43.3,15.55,58.85,45,1,10,4,2,0,1.3078,13.85,79.09,0,0,0,1.203
ORD-02719,2024-10-23 20:45:33.666733,Night,C,Urgent,33,2,98.7,High,True,35.65,18.14,53.79,28,1,10,4,2,0,1.9211,25.79,32.57,0,1,0,1.08
ORD-02720,2024-10-23 23:22:50.434086,Evening,B,Low,17,1,196.7,Medium,False,31.6,11.92,43.52,55,1,10,4,2,0,0.7913,-11.48,33.44,0,0,1,1.859
ORD-02721,2024-10-24 02:00:07.201440,Morning,B,Urgent,11,3,151.0,Low,True,13.11,8.78,21.89,28,0,10,4,3,0,0.7818,-6.11,16.61,0,0,0,1.192
ORD-02722,2024-10-24 04:37:23.968793,Morning,A,High,4,8,66.2,Low,True,3.0,7.1,10.1,38,0,10,4,3,0,0.2658,-27.9,2.65,1,0,0,0.75
ORD-02723,2024-10-24 07:14:40.736147,Evening,E,Low,19,8,101.8,Medium,True,13.56,12.91,26.47,55,0,10,4,3,0,0.4813,-28.53,19.34,1,0,0,0.714
ORD-02724,2024-10-24 09:51:57.503500,Night,C,Low,16,8,157.1,Medium,True,11.93,9.99,21.92,55,0,10,4,3,0,0.3985,-33.08,25.14,1,0,0,0.746
ORD-02725,2024-10-24 12:29:14.270854,Night,D,High,16,2,166.0,Low,True,15.21,13.98,29.19,38,0,10,4,3,0,0.7682,-8.81,26.56,0,0,0,0.951
ORD-02726,2024-10-24 15:06:31.038207,Morning,E,Low,5,2,86.8,Low,True,7.47,11.15,18.62,55,0,10,4,3,0,0.3385,-36.38,4.34,0,0,0,1.494
ORD-02727,2024-10-24 17:43:47.805561,Morning,A,Medium,15,10,151.3,High,True,17.86,11.99,29.85,45,0,10,4,3,0,0.6633,-15.15,22.7,1,1,0,1.191
ORD-02728,2024-10-24 20:21:04.572914,Evening,D,High,42,10,182.9,Medium,True,18.01,20.14,38.15,38,1,10,4,3,0,1.0039,0.15,76.82,1,0,0,0.429
ORD-02729,2024-10-24 22:58:21.340268,Evening,A,Urgent,13,8,189.9,Medium,True,15.94,8.89,24.83,28,0,10,4,3,0,0.8868,-3.17,24.69,1,0,0,1.226
ORD-02730,2024-10-25 01:35:38.107621,Morning,C,High,44,9,133.5,Low,True,22.58,21.85,44.43,38,1,10,4,4,0,1.1692,6.43,58.74,1,0,0,0.513
ORD-02731,2024-10-25 04:12:54.874974,Morning,D,Urgent,5,9,167.5,Low,True,8.01,6.31,14.32,28,0,10,4,4,0,0.5114,-13.68,8.38,1,0,0,1.602
ORD-02732,2024-10-25 06:50:11.642328,Night,A,Medium,32,6,192.9,High,True,28.09,19.46,47.55,45,1,10,4,4,0,1.0567,2.55,61.73,0,1,0,0.878
ORD-02733,2024-10-25 09:27:28.409681,Evening,E,High,6,5,184.1,Medium,True,13.27,6.68,19.95,38,0,10,4,4,0,0.525,-18.05,11.05,0,0,0,2.212
ORD-02734,2024-10-25 12:04:45.177035,Evening,C,Medium,20,10,185.7,Low,True,10.2,13.82,24.02,45,0,10,4,4,0,0.5338,-20.98,37.14,1,0,0,0.51
ORD-02735,2024-10-25 14:42:01.944388,Evening,B,High,48,7,154.5,Medium,False,43.83,28.08,71.91,38,1,10,4,4,0,1.8924,33.91,74.16,1,0,1,0.913
ORD-02736,2024-10-25 17:19:18.711742,Evening,A,High,39,9,146.2,Low,True,18.09,20.55,38.64,38,1,10,4,4,0,1.0168,0.64,57.02,1,0,0,0.464
ORD-02737,2024-10-25 19:56:35.479095,Evening,C,Medium,26,3,160.9,Low,False,21.54,22.44,43.98,45,0,10,4,4,0,0.9773,-1.02,41.83,0,0,1,0.828
ORD-02738,2024-10-25 22:33:52.246449,Morning,C,Urgent,32,3,119.4,Low,True,27.95,16.27,44.22,28,1,10,4,4,0,1.5793,16.22,38.21,0,0,0,0.873
ORD-02739,2024-10-26 01:11:09.013802,Morning,A,Medium,34,7,194.5,High,True,28.24,14.93,43.17,45,0,10,4,5,1,0.9593,-1.83,66.13,1,1,0,0.831
ORD-02740,2024-10-26 03:48:25.781156,Night,C,High,40,10,88.8,Medium,True,19.0,21.19,40.19,38,0,10,4,5,1,1.0576,2.19,35.52,1,0,0,0.475
ORD-02741,2024-10-26 06:25:42.548509,Night,A,Medium,30,7,129.8,Medium,True,21.02,14.94,35.96,45,0,10,4,5,1,0.7991,-9.04,38.94,1,0,0,0.701
ORD-02742,2024-10-26 09:02:59.315863,Evening,E,Medium,26,5,148.6,Low,False,20.57,20.38,40.95,45,0,10,4,5,1,0.91,-4.05,38.64,0,0,1,0.791
ORD-02743,2024-10-26 11:40:16.083216,Morning,B,Medium,4,1,168.8,High,True,20.95,8.85,29.8,45,0,10,4,5,1,0.6622,-15.2,6.75,0,1,0,5.238
ORD-02744,2024-10-26 14:17:32.850570,Morning,C,Urgent,48,2,176.3,Low,True,39.4,22.58,61.98,28,1,10,4,5,1,2.2136,33.98,84.62,0,0,0,0.821
ORD-02745,2024-10-26 16:54:49.617923,Morning,D,Medium,29,3,209.6,Low,True,21.97,19.7,41.67,45,0,10,4,5,1,0.926,-3.33,60.78,0,0,0,0.758
ORD-02746,2024-10-26 19:32:06.385277,Night,D,High,15,3,153.1,High,True,23.18,14.94,38.12,38,1,10,4,5,1,1.0032,0.12,22.96,0,1,0,1.545
ORD-02747,2024-10-26 22:09:23.152630,Night,E,Medium,7,8,121.3,High,True,9.3,8.55,17.85,45,0,10,4,5,1,0.3967,-27.15,8.49,1,1,0,1.329
ORD-02748,2024-10-27 00:46:39.919983,Evening,E,Urgent,31,7,144.2,Low,True,22.27,16.27,38.54,28,0,10,4,6,1,1.3764,10.54,44.7,1,0,0,0.718
ORD-02749,2024-10-27 03:23:56.687337,Night,A,High,40,4,137.2,Low,False,28.33,26.24,54.57,38,1,10,4,6,1,1.4361,16.57,54.88,0,0,1,0.708
ORD-02750,2024-10-27 06:01:13.454690,Morning,B,Low,41,10,170.8,Medium,True,27.77,23.62,51.39,55,1,10,4,6,1,0.9344,-3.61,70.03,1,0,0,0.677
ORD-02751,2024-10-27 08:38:30.222044,Evening,D,Medium,45,4,107.3,Low,True,25.4,21.89,47.29,45,1,10,4,6,1,1.0509,2.29,48.28,0,0,0,0.564
ORD-02752,2024-10-27 11:15:46.989397,Morning,A,High,45,5,143.0,Medium,True,34.1,19.89,53.99,38,1,10,4,6,1,1.4208,15.99,64.35,0,0,0,0.758
ORD-02753,2024-10-27 13:53:03.756751,Morning,D,Low,32,6,214.9,Medium,False,25.67,20.72,46.39,55,0,10,4,6,1,0.8435,-8.61,68.77,0,0,1,0.802
ORD-02754,2024-10-27 16:30:20.524104,Night,A,Medium,48,6,157.2,Medium,False,23.2,31.85,55.05,45,1,10,4,6,1,1.2233,10.05,75.46,0,0,1,0.483
ORD-02755,2024-10-27 19:07:37.291458,Night,E,Medium,4,2,107.9,Low,False,6.05,5.17,11.22,45,0,10,4,6,1,0.2493,-33.78,4.32,0,0,1,1.512
ORD-02756,2024-10-27 21:44:54.058811,Morning,D,Low,20,4,136.4,High,True,22.03,14.23,36.26,55,0,10,4,6,1,0.6593,-18.74,27.28,0,1,0,1.102
ORD-02757,2024-10-28 00:22:10.826165,Morning,C,Urgent,25,7,60.7,High,True,19.0,16.86,35.86,28,1,10,4,0,0,1.2807,7.86,15.18,1,1,0,0.76
ORD-02758,2024-10-28 02:59:27.593518,Evening,B,Urgent,35,9,147.6,Medium,False,26.88,25.39,52.27,28,0,10,4,0,0,1.8668,24.27,51.66,1,0,1,0.768
ORD-02759,2024-10-28 05:36:44.360872,Morning,E,High,15,5,215.9,Low,True,20.81,9.71,30.52,38,0,10,4,0,0,0.8032,-7.48,32.39,0,0,0,1.387
ORD-02760,2024-10-28 08:14:01.128225,Evening,D,Medium,15,2,102.5,High,True,19.84,11.01,30.85,45,0,10,4,0,0,0.6856,-14.15,15.37,0,1,0,1.323
ORD-02761,2024-10-28 10:51:17.895579,Evening,D,Urgent,46,9,91.8,Low,False,11.78,31.52,43.3,28,1,10,4,0,0,1.5464,15.3,42.23,1,0,1,0.256
ORD-02762,2024-10-28 13:28:34.662932,Morning,D,High,33,6,123.9,Low,True,18.33,19.88,38.21,38,0,10,4,0,0,1.0055,0.21,40.89,0,0,0,0.555
ORD-02763,2024-10-28 16:05:51.430286,Morning,A,Urgent,32,5,186.9,Low,True,25.24,18.75,43.99,28,1,10,4,0,0,1.5711,15.99,59.81,0,0,0,0.789
ORD-02764,2024-10-28 18:43:08.197639,Morning,A,Low,10,6,218.2,Low,True,12.49,10.09,22.58,55,1,10,4,0,0,0.4105,-32.42,21.82,0,0,0,1.249
ORD-02765,2024-10-28 21:20:24.964992,Night,A,Low,26,9,167.9,Low,True,13.84,15.56,29.4,55,0,10,4,0,0,0.5345,-25.6,43.65,1,0,0,0.532
ORD-02766,2024-10-28 23:57:41.732346,Morning,C,High,22,1,98.6,Medium,False,21.23,17.68,38.91,38,0,10,4,0,0,1.0239,0.91,21.69,0,0,1,0.965
ORD-02767,2024-10-29 02:34:58.499699,Evening,C,Urgent,32,4,149.1,Low,True,25.7,13.71,39.41,28,0,10,4,1,0,1.4075,11.41,47.71,0,0,0,0.803
ORD-02768,2024-10-29 05:12:15.267053,Morning,B,Low,47,10,221.6,Low,True,25.63,24.68,50.31,55,1,10,4,1,0,0.9147,-4.69,104.15,1,0,0,0.545
ORD-02769,2024-10-29 07:49:32.034406,Evening,E,Medium,14,4,137.6,High,True,21.79,8.52,30.31,45,0,10,4,1,0,0.6736,-14.69,19.26,0,1,0,1.556
ORD-02770,2024-10-29 10:26:48.801760,Morning,A,Medium,41,10,155.6,Low,True,17.26,20.73,37.99,45,0,10,4,1,0,0.8442,-7.01,63.8,1,0,0,0.421
ORD-02771,2024-10-29 13:04:05.569113,Morning,D,Urgent,32,3,159.6,Medium,True,27.22,18.79,46.01,28,1,10,4,1,0,1.6432,18.01,51.07,0,0,0,0.851
ORD-02772,2024-10-29 15:41:22.336467,Evening,C,High,25,5,88.2,High,True,24.19,11.63,35.82,38,0,10,4,1,0,0.9426,-2.18,22.05,0,1,0,0.968
ORD-02773,2024-10-29 18:18:39.103820,Evening,B,Urgent,48,1,189.9,Low,True,52.2,23.64,75.84,28,1,10,4,1,0,2.7086,47.84,91.15,0,0,0,1.088
ORD-02774,2024-10-29 20:55:55.871174,Morning,A,High,8,8,184.2,Low,True,11.75,7.11,18.86,38,0,10,4,1,0,0.4963,-19.14,14.74,1,0,0,1.469
ORD-02775,2024-10-29 23:33:12.638527,Morning,D,High,34,3,70.3,Low,True,21.89,19.65,41.54,38,1,10,4,1,0,1.0932,3.54,23.9,0,0,0,0.644
ORD-02776,2024-10-30 02:10:29.405881,Night,D,Medium,20,9,96.8,Medium,True,13.09,11.85,24.94,45,0,10,4,2,0,0.5542,-20.06,19.36,1,0,0,0.654
ORD-02777,2024-10-30 04:47:46.173234,Morning,B,Low,35,2,111.2,Low,False,31.95,26.8,58.75,55,0,10,4,2,0,1.0682,3.75,38.92,0,0,1,0.913
ORD-02778,2024-10-30 07:25:02.940588,Morning,C,High,7,2,179.9,High,False,16.91,10.24,27.15,38,0,10,4,2,0,0.7145,-10.85,12.59,0,1,1,2.416
ORD-02779,2024-10-30 10:02:19.707941,Evening,C,High,37,5,120.0,Medium,True,27.33,22.85,50.18,38,1,10,4,2,0,1.3205,12.18,44.4,0,0,0,0.739
ORD-02780,2024-10-30 12:39:36.475295,Morning,B,Medium,4,1,166.1,Medium,False,18.93,12.61,31.54,45,0,10,4,2,0,0.7009,-13.46,6.64,0,0,1,4.732
ORD-02781,2024-10-30 15:16:53.242648,Evening,C,Medium,18,4,142.7,High,False,24.08,17.83,41.91,45,0,10,4,2,0,0.9313,-3.09,25.69,0,1,1,1.338
ORD-02782,2024-10-30 17:54:10.010002,Evening,B,High,46,7,152.8,Low,True,29.84,21.92,51.76,38,0,10,4,2,0,1.3621,13.76,70.29,1,0,0,0.649
ORD-02783,2024-10-30 20:31:26.777355,Evening,E,High,32,6,169.8,Medium,True,27.91,19.53,47.44,38,1,10,4,2,0,1.2484,9.44,54.34,0,0,0,0.872
ORD-02784,2024-10-30 23:08:43.544708,Evening,D,Medium,25,6,160.9,Medium,False,17.09,17.66,34.75,45,0,10,4,2,0,0.7722,-10.25,40.22,0,0,1,0.684
ORD-02785,2024-10-31 01:46:00.312062,Evening,A,Urgent,17,1,149.2,Medium,True,22.52,14.65,37.17,28,0,10,4,3,0,1.3275,9.17,25.36,0,0,0,1.325
ORD-02786,2024-10-31 04:23:17.079415,Night,D,Medium,5,7,163.1,Medium,True,9.05,5.35,14.4,45,0,10,4,3,0,0.32,-30.6,8.15,1,0,0,1.81
ORD-02787,2024-10-31 07:00:33.846769,Morning,B,Low,6,1,158.7,Low,False,15.01,4.25,19.26,55,0,10,4,3,0,0.3502,-35.74,9.52,0,0,1,2.502
ORD-02788,2024-10-31 09:37:50.614122,Morning,E,Low,36,6,141.6,High,True,31.7,15.95,47.65,55,1,10,4,3,0,0.8664,-7.35,50.98,0,1,0,0.881
ORD-02789,2024-10-31 12:15:07.381476,Evening,C,Medium,14,8,132.8,Medium,True,11.72,8.16,19.88,45,0,10,4,3,0,0.4418,-25.12,18.59,1,0,0,0.837
ORD-02790,2024-10-31 14:52:24.148829,Morning,A,Low,4,8,225.2,Medium,True,10.06,6.99,17.05,55,0,10,4,3,0,0.31,-37.95,9.01,1,0,0,2.515
ORD-02791,2024-10-31 17:29:40.916183,Morning,D,High,22,4,132.3,High,True,20.13,15.28,35.41,38,0,10,4,3,0,0.9318,-2.59,29.11,0,1,0,0.915
ORD-02792,2024-10-31 20:06:57.683536,Morning,A,High,20,2,204.7,Medium,False,26.28,14.12,40.4,38,0,10,4,3,0,1.0632,2.4,40.94,0,0,1,1.314
ORD-02793,2024-10-31 22:44:14.450890,Evening,E,Medium,48,9,122.6,High,True,33.84,26.36,60.2,45,1,10,4,3,0,1.3378,15.2,58.85,1,1,0,0.705
ORD-02794,2024-11-01 01:21:31.218243,Morning,E,Urgent,12,3,182.4,Low,True,18.11,9.48,27.59,28,1,11,4,4,0,0.9854,-0.41,21.89,0,0,0,1.509
ORD-02795,2024-11-01 03:58:47.985597,Evening,D,Urgent,14,5,221.4,Low,True,15.17,8.74,23.91,28,0,11,4,4,0,0.8539,-4.09,31.0,0,0,0,1.084
ORD-02796,2024-11-01 06:36:04.752950,Night,C,Medium,9,3,136.5,Low,False,10.29,9.54,19.83,45,0,11,4,4,0,0.4407,-25.17,12.28,0,0,1,1.143
ORD-02797,2024-11-01 09:13:21.520304,Evening,C,Low,10,1,123.3,Low,True,13.1,11.77,24.87,55,0,11,4,4,0,0.4522,-30.13,12.33,0,0,0,1.31
ORD-02798,2024-11-01 11:50:38.287657,Morning,B,Medium,27,5,132.8,Medium,False,27.97,18.47,46.44,45,0,11,4,4,0,1.032,1.44,35.86,0,0,1,1.036
ORD-02799,2024-11-01 14:27:55.055011,Night,A,High,12,6,149.2,Low,True,10.9,11.37,22.27,38,0,11,4,4,0,0.5861,-15.73,17.9,0,0,0,0.908
ORD-02800,2024-11-01 17:05:11.822364,Morning,E,Medium,36,8,162.9,Medium,False,25.94,28.36,54.3,45,1,11,4,4,0,1.2067,9.3,58.64,1,0,1,0.721
ORD-02801,2024-11-01 19:42:28.589717,Night,B,High,41,8,148.4,High,True,38.03,19.15,57.18,38,1,11,4,4,0,1.5047,19.18,60.84,1,1,0,0.928
ORD-02802,2024-11-01 22:19:45.357071,Evening,B,High,25,9,133.2,Medium,False,14.58,20.26,34.84,38,0,11,4,4,0,0.9168,-3.16,33.3,1,0,1,0.583
ORD-02803,2024-11-02 00:57:02.124424,Morning,A,High,12,9,228.2,Low,True,12.34,13.38,25.72,38,0,11,4,5,1,0.6768,-12.28,27.38,1,0,0,1.028
ORD-02804,2024-11-02 03:34:18.891778,Night,E,Low,42,5,142.0,High,True,41.06,17.31,58.37,55,1,11,4,5,1,1.0613,3.37,59.64,0,1,0,0.978
ORD-02805,2024-11-02 06:11:35.659131,Evening,E,Medium,49,4,125.2,Medium,True,38.95,25.77,64.72,45,1,11,4,5,1,1.4382,19.72,61.35,0,0,0,0.795
ORD-02806,2024-11-02 08:48:52.426485,Evening,B,Medium,46,7,183.2,High,True,45.04,24.35,69.39,45,1,11,4,5,1,1.542,24.39,84.27,1,1,0,0.979
ORD-02807,2024-11-02 11:26:09.193838,Evening,B,High,47,5,183.9,Low,True,37.18,22.85,60.03,38,1,11,4,5,1,1.5797,22.03,86.43,0,0,0,0.791
ORD-02808,2024-11-02 14:03:25.961192,Evening,D,High,41,3,206.5,Medium,True,33.01,18.37,51.38,38,1,11,4,5,1,1.3521,13.38,84.66,0,0,0,0.805
ORD-02809,2024-11-02 16:40:42.728545,Evening,B,High,37,1,227.1,Low,True,43.84,23.12,66.96,38,1,11,4,5,1,1.7621,28.96,84.03,0,0,0,1.185
ORD-02810,2024-11-02 19:17:59.495899,Night,E,High,48,5,163.9,Low,False,30.43,33.49,63.92,38,1,11,4,5,1,1.6821,25.92,78.67,0,0,1,0.634
ORD-02811,2024-11-02 21:55:16.263252,Morning,E,Medium,17,5,138.5,Low,True,11.7,13.27,24.97,45,0,11,4,5,1,0.5549,-20.03,23.54,0,0,0,0.688
ORD-02812,2024-11-03 00:32:33.030606,Evening,D,Low,47,10,73.9,Medium,True,23.26,23.93,47.19,55,0,11,4,6,1,0.858,-7.81,34.73,1,0,0,0.495
ORD-02813,2024-11-03 03:09:49.797959,Evening,A,Medium,2,9,112.5,Low,True,7.55,7.72,15.27,45,0,11,4,6,1,0.3393,-29.73,2.25,1,0,0,3.775
ORD-02814,2024-11-03 05:47:06.565313,Evening,D,Low,42,3,158.3,Low,True,28.66,18.09,46.75,55,1,11,4,6,1,0.85,-8.25,66.49,0,0,0,0.682
ORD-02815,2024-11-03 08:24:23.332666,Evening,E,Low,17,2,102.8,Medium,True,18.72,4.01,22.73,55,0,11,4,6,1,0.4133,-32.27,17.48,0,0,0,1.101
ORD-02816,2024-11-03 11:01:40.100020,Morning,B,Medium,15,8,86.6,Low,True,15.56,11.85,27.41,45,0,11,4,6,1,0.6091,-17.59,12.99,1,0,0,1.037
ORD-02817,2024-11-03 13:38:56.867373,Night,E,High,34,5,152.6,Low,False,28.04,23.26,51.3,38,1,11,4,6,1,1.35,13.3,51.88,0,0,1,0.825
ORD-02818,2024-11-03 16:16:13.634726,Morning,B,Low,9,1,181.1,High,True,26.45,7.34,33.79,55,0,11,4,6,1,0.6144,-21.21,16.3,0,1,0,2.939
ORD-02819,2024-11-03 18:53:30.402080,Morning,E,Low,50,8,140.1,High,True,36.69,23.47,60.16,55,0,11,4,6,1,1.0938,5.16,70.05,1,1,0,0.734
ORD-02820,2024-11-03 21:30:47.169433,Evening,C,Low,37,4,185.9,High,True,39.5,26.92,66.42,55,1,11,4,6,1,1.2076,11.42,68.78,0,1,0,1.068
ORD-02821,2024-11-04 00:08:03.936787,Morning,A,Medium,1,2,174.7,Medium,True,9.73,3.13,12.86,45,0,11,4,0,0,0.2858,-32.14,1.75,0,0,0,9.73
ORD-02822,2024-11-04 02:45:20.704140,Morning,C,Medium,43,7,196.0,Low,True,24.51,26.36,50.87,45,0,11,4,0,0,1.1304,5.87,84.28,1,0,0,0.57
ORD-02823,2024-11-04 05:22:37.471494,Morning,A,Low,6,8,236.9,Low,True,9.22,7.15,16.37,55,0,11,4,0,0,0.2976,-38.63,14.21,1,0,0,1.537
ORD-02824,2024-11-04 07:59:54.238847,Evening,B,Medium,42,8,254.6,Medium,True,37.45,19.6,57.05,45,1,11,4,0,0,1.2678,12.05,106.93,1,0,0,0.892
ORD-02825,2024-11-04 10:37:11.006201,Night,E,Urgent,41,3,179.3,High,True,48.13,18.53,66.66,28,1,11,4,0,0,2.3807,38.66,73.51,0,1,0,1.174
ORD-02826,2024-11-04 13:14:27.773554,Evening,A,Medium,33,6,131.6,Low,False,22.65,18.53,41.18,45,0,11,4,0,0,0.9151,-3.82,43.43,0,0,1,0.686
ORD-02827,2024-11-04 15:51:44.540908,Morning,E,Medium,31,5,152.5,Low,False,20.42,22.92,43.34,45,0,11,4,0,0,0.9631,-1.66,47.28,0,0,1,0.659
ORD-02828,2024-11-04 18:29:01.308261,Night,A,Medium,42,9,212.9,Medium,False,25.92,28.75,54.67,45,1,11,4,0,0,1.2149,9.67,89.42,1,0,1,0.617
ORD-02829,2024-11-04 21:06:18.075615,Morning,C,Medium,43,2,114.3,Medium,True,34.19,19.81,54.0,45,1,11,4,0,0,1.2,9.0,49.15,0,0,0,0.795
ORD-02830,2024-11-04 23:43:34.842968,Night,E,Medium,36,9,207.9,Low,True,20.14,18.51,38.65,45,0,11,4,0,0,0.8589,-6.35,74.84,1,0,0,0.559
ORD-02831,2024-11-05 02:20:51.610322,Evening,C,Medium,9,4,143.2,High,False,18.54,11.92,30.46,45,1,11,4,1,0,0.6769,-14.54,12.89,0,1,1,2.06
ORD-02832,2024-11-05 04:58:08.377675,Morning,E,Urgent,34,7,159.1,Medium,True,25.96,15.16,41.12,28,1,11,4,1,0,1.4686,13.12,54.09,1,0,0,0.764
ORD-02833,2024-11-05 07:35:25.145029,Evening,E,Urgent,11,6,117.7,High,True,13.59,9.83,23.42,28,1,11,4,1,0,0.8364,-4.58,12.95,0,1,0,1.235
ORD-02834,2024-11-05 10:12:41.912382,Morning,C,High,3,4,97.1,Low,False,6.54,8.06,14.6,38,0,11,4,1,0,0.3842,-23.4,2.91,0,0,1,2.18
ORD-02835,2024-11-05 12:49:58.679735,Night,D,Medium,8,3,138.8,Low,False,14.04,11.84,25.88,45,0,11,4,1,0,0.5751,-19.12,11.1,0,0,1,1.755
ORD-02836,2024-11-05 15:27:15.447089,Morning,A,Medium,24,4,202.1,Low,True,18.94,10.14,29.08,45,0,11,4,1,0,0.6462,-15.92,48.5,0,0,0,0.789
ORD-02837,2024-11-05 18:04:32.214442,Night,B,Medium,49,7,121.9,Low,True,33.36,27.15,60.51,45,1,11,4,1,0,1.3447,15.51,59.73,1,0,0,0.681
ORD-02838,2024-11-05 20:41:48.981796,Night,B,High,2,7,214.5,Low,True,13.15,11.42,24.57,38,0,11,4,1,0,0.6466,-13.43,4.29,1,0,0,6.575
ORD-02839,2024-11-05 23:19:05.749149,Night,D,Low,4,7,127.1,Low,True,4.57,6.88,11.45,55,0,11,4,1,0,0.2082,-43.55,5.08,1,0,0,1.142
ORD-02840,2024-11-06 01:56:22.516503,Night,D,High,5,7,107.3,Low,True,9.64,4.78,14.42,38,0,11,4,2,0,0.3795,-23.58,5.36,1,0,0,1.928
ORD-02841,2024-11-06 04:33:39.283856,Morning,C,Medium,10,1,160.1,Medium,True,22.54,7.81,30.35,45,0,11,4,2,0,0.6744,-14.65,16.01,0,0,0,2.254
ORD-02842,2024-11-06 07:10:56.051210,Evening,E,Medium,28,4,177.2,Low,True,26.26,18.46,44.72,45,1,11,4,2,0,0.9938,-0.28,49.62,0,0,0,0.938
ORD-02843,2024-11-06 09:48:12.818563,Night,A,Medium,42,4,157.5,Low,True,30.3,20.55,50.85,45,1,11,4,2,0,1.13,5.85,66.15,0,0,0,0.721
ORD-02844,2024-11-06 12:25:29.585917,Morning,E,Medium,3,4,156.0,Medium,False,6.06,7.28,13.34,45,0,11,4,2,0,0.2964,-31.66,4.68,0,0,1,2.02
ORD-02845,2024-11-06 15:02:46.353270,Morning,A,High,41,4,214.1,Low,True,26.12,21.31,47.43,38,1,11,4,2,0,1.2482,9.43,87.78,0,0,0,0.637
ORD-02846,2024-11-06 17:40:03.120624,Morning,B,Medium,46,2,153.8,Low,True,44.78,28.32,73.1,45,1,11,4,2,0,1.6244,28.1,70.75,0,0,0,0.973
ORD-02847,2024-11-06 20:17:19.887977,Morning,C,Medium,4,10,131.2,High,False,5.18,8.47,13.65,45,0,11,4,2,0,0.3033,-31.35,5.25,1,1,1,1.295
ORD-02848,2024-11-06 22:54:36.655331,Night,B,Low,23,1,104.7,Medium,True,31.89,11.57,43.46,55,0,11,4,2,0,0.7902,-11.54,24.08,0,0,0,1.387
ORD-02849,2024-11-07 01:31:53.422684,Evening,D,High,41,6,200.9,High,True,27.35,22.47,49.82,38,1,11,4,3,0,1.3111,11.82,82.37,0,1,0,0.667
ORD-02850,2024-11-07 04:09:10.190038,Evening,D,Medium,35,5,133.0,Low,True,21.98,17.67,39.65,45,0,11,4,3,0,0.8811,-5.35,46.55,0,0,0,0.628
ORD-02851,2024-11-07 06:46:26.957391,Night,D,High,10,8,136.9,Medium,True,8.36,8.7,17.06,38,0,11,4,3,0,0.4489,-20.94,13.69,1,0,0,0.836
ORD-02852,2024-11-07 09:23:43.724744,Morning,A,Medium,8,9,192.1,Low,True,6.65,10.58,17.23,45,0,11,4,3,0,0.3829,-27.77,15.37,1,0,0,0.831
ORD-02853,2024-11-07 12:01:00.492098,Night,A,High,23,7,232.2,Low,True,21.71,17.65,39.36,38,1,11,4,3,0,1.0358,1.36,53.41,1,0,0,0.944
ORD-02854,2024-11-07 14:38:17.259451,Morning,A,High,43,8,160.1,High,True,29.18,22.75,51.93,38,1,11,4,3,0,1.3666,13.93,68.84,1,1,0,0.679
ORD-02855,2024-11-07 17:15:34.026805,Morning,C,Low,48,3,144.5,High,True,44.71,24.22,68.93,55,1,11,4,3,0,1.2533,13.93,69.36,0,1,0,0.931
ORD-02856,2024-11-07 19:52:50.794158,Morning,A,Medium,24,10,149.8,Medium,True,14.06,12.38,26.44,45,0,11,4,3,0,0.5876,-18.56,35.95,1,0,0,0.586
ORD-02857,2024-11-07 22:30:07.561512,Morning,B,Medium,27,1,131.8,Low,True,31.72,14.59,46.31,45,1,11,4,3,0,1.0291,1.31,35.59,0,0,0,1.175
ORD-02858,2024-11-08 01:07:24.328865,Evening,D,Low,28,7,135.8,Medium,False,17.19,20.99,38.18,55,0,11,4,4,0,0.6942,-16.82,38.02,1,0,1,0.614
ORD-02859,2024-11-08 03:44:41.096219,Evening,E,High,25,2,136.0,Medium,False,32.6,17.47,50.07,38,1,11,4,4,0,1.3176,12.07,34.0,0,0,1,1.304
ORD-02860,2024-11-08 06:21:57.863572,Morning,D,Medium,33,3,186.4,Medium,True,29.54,18.14,47.68,45,0,11,4,4,0,1.0596,2.68,61.51,0,0,0,0.895
ORD-02861,2024-11-08 08:59:14.630926,Morning,A,Low,14,9,146.5,Medium,False,12.85,16.11,28.96,55,0,11,4,4,0,0.5265,-26.04,20.51,1,0,1,0.918
ORD-02862,2024-11-08 11:36:31.398279,Evening,C,High,27,7,204.4,Medium,True,22.63,13.13,35.76,38,0,11,4,4,0,0.9411,-2.24,55.19,1,0,0,0.838
ORD-02863,2024-11-08 14:13:48.165633,Morning,A,High,31,7,145.3,Low,True,20.42,17.43,37.85,38,0,11,4,4,0,0.9961,-0.15,45.04,1,0,0,0.659
ORD-02864,2024-11-08 16:51:04.932986,Night,B,Medium,29,9,135.3,Medium,True,20.56,14.9,35.46,45,0,11,4,4,0,0.788,-9.54,39.24,1,0,0,0.709
ORD-02865,2024-11-08 19:28:21.700340,Night,B,High,49,3,201.1,Low,True,44.69,22.42,67.11,38,1,11,4,4,0,1.7661,29.11,98.54,0,0,0,0.912
ORD-02866,2024-11-08 22:05:38.467693,Evening,E,Low,38,7,150.9,Medium,True,28.17,16.08,44.25,55,0,11,4,4,0,0.8045,-10.75,57.34,1,0,0,0.741
ORD-02867,2024-11-09 00:42:55.235047,Evening,C,High,37,3,144.9,Medium,True,33.18,20.78,53.96,38,1,11,4,5,1,1.42,15.96,53.61,0,0,0,0.897
ORD-02868,2024-11-09 03:20:12.002400,Evening,B,Medium,41,5,151.3,Low,True,35.76,20.95,56.71,45,1,11,4,5,1,1.2602,11.71,62.03,0,0,0,0.872
ORD-02869,2024-11-09 05:57:28.769753,Evening,C,High,27,5,208.7,Low,True,20.21,12.35,32.56,38,1,11,4,5,1,0.8568,-5.44,56.35,0,0,0,0.749
ORD-02870,2024-11-09 08:34:45.537107,Night,E,Medium,16,7,162.2,Medium,True,16.53,13.81,30.34,45,0,11,4,5,1,0.6742,-14.66,25.95,1,0,0,1.033
ORD-02871,2024-11-09 11:12:02.304460,Night,A,Medium,27,1,200.0,Medium,True,26.93,14.47,41.4,45,0,11,4,5,1,0.92,-3.6,54.0,0,0,0,0.997
ORD-02872,2024-11-09 13:49:19.071814,Evening,D,High,47,1,140.6,Low,True,32.27,21.41,53.68,38,1,11,4,5,1,1.4126,15.68,66.08,0,0,0,0.687
ORD-02873,2024-11-09 16:26:35.839167,Evening,A,Low,44,1,193.6,Low,True,34.32,19.64,53.96,55,0,11,4,5,1,0.9811,-1.04,85.18,0,0,0,0.78
ORD-02874,2024-11-09 19:03:52.606521,Night,A,Low,18,3,159.5,Low,True,17.93,12.3,30.23,55,0,11,4,5,1,0.5496,-24.77,28.71,0,0,0,0.996
ORD-02875,2024-11-09 21:41:09.373874,Morning,E,Medium,25,6,185.3,Low,False,18.07,23.72,41.79,45,0,11,4,5,1,0.9287,-3.21,46.32,0,0,1,0.723
ORD-02876,2024-11-10 00:18:26.141228,Evening,A,Medium,14,2,188.7,Medium,True,16.44,11.85,28.29,45,0,11,4,6,1,0.6287,-16.71,26.42,0,0,0,1.174
ORD-02877,2024-11-10 02:55:42.908581,Evening,D,Low,1,10,112.3,Low,True,3.0,6.37,9.37,55,0,11,4,6,1,0.1704,-45.63,1.12,1,0,0,3.0
ORD-02878,2024-11-10 05:32:59.675935,Evening,A,Medium,16,5,152.9,Low,True,14.91,7.85,22.76,45,0,11,4,6,1,0.5058,-22.24,24.46,0,0,0,0.932
ORD-02879,2024-11-10 08:10:16.443288,Morning,C,Medium,6,4,188.3,Low,True,11.72,6.64,18.36,45,1,11,4,6,1,0.408,-26.64,11.3,0,0,0,1.953
ORD-02880,2024-11-10 10:47:33.210642,Morning,C,High,18,9,194.7,Low,False,10.12,17.77,27.89,38,0,11,4,6,1,0.7339,-10.11,35.05,1,0,1,0.562
ORD-02881,2024-11-10 13:24:49.977995,Morning,E,Urgent,3,2,200.1,Low,False,14.36,9.17,23.53,28,0,11,4,6,1,0.8404,-4.47,6.0,0,0,1,4.787
ORD-02882,2024-11-10 16:02:06.745349,Evening,D,Medium,16,2,154.2,High,True,26.43,13.27,39.7,45,0,11,4,6,1,0.8822,-5.3,24.67,0,1,0,1.652
ORD-02883,2024-11-10 18:39:23.512702,Night,D,Medium,36,4,211.6,Medium,True,32.33,21.44,53.77,45,1,11,4,6,1,1.1949,8.77,76.18,0,0,0,0.898
ORD-02884,2024-11-10 21:16:40.280056,Night,B,Medium,43,1,123.7,Medium,True,45.18,22.77,67.95,45,1,11,4,6,1,1.51,22.95,53.19,0,0,0,1.051
ORD-02885,2024-11-10 23:53:57.047409,Morning,A,Low,45,7,90.2,Low,True,21.6,14.79,36.39,55,0,11,4,6,1,0.6616,-18.61,40.59,1,0,0,0.48
ORD-02886,2024-11-11 02:31:13.814762,Morning,C,High,29,8,138.9,High,False,22.3,22.54,44.84,38,0,11,4,0,0,1.18,6.84,40.28,1,1,1,0.769
ORD-02887,2024-11-11 05:08:30.582116,Night,C,Urgent,28,4,197.8,Medium,True,22.47,18.41,40.88,28,1,11,4,0,0,1.46,12.88,55.38,0,0,0,0.802
ORD-02888,2024-11-11 07:45:47.349469,Evening,A,High,49,9,106.6,Low,True,16.07,26.97,43.04,38,1,11,4,0,0,1.1326,5.04,52.23,1,0,0,0.328
ORD-02889,2024-11-11 10:23:04.116823,Evening,E,Urgent,28,1,91.2,Medium,True,29.72,15.64,45.36,28,1,11,4,0,0,1.62,17.36,25.54,0,0,0,1.061
ORD-02890,2024-11-11 13:00:20.884176,Morning,B,Medium,5,6,81.2,Low,True,7.35,6.54,13.89,45,0,11,4,0,0,0.3087,-31.11,4.06,0,0,0,1.47
ORD-02891,2024-11-11 15:37:37.651530,Morning,A,High,47,8,179.4,High,False,33.14,27.95,61.09,38,1,11,4,0,0,1.6076,23.09,84.32,1,1,1,0.705
ORD-02892,2024-11-11 18:14:54.418883,Night,E,Low,31,4,92.1,Low,True,19.65,14.43,34.08,55,1,11,4,0,0,0.6196,-20.92,28.55,0,0,0,0.634
ORD-02893,2024-11-11 20:52:11.186237,Evening,C,Urgent,34,10,172.0,High,True,24.78,19.8,44.58,28,1,11,4,0,0,1.5921,16.58,58.48,1,1,0,0.729
ORD-02894,2024-11-11 23:29:27.953590,Morning,D,Medium,5,5,136.9,High,True,7.47,8.41,15.88,45,0,11,4,0,0,0.3529,-29.12,6.84,0,1,0,1.494
ORD-02895,2024-11-12 02:06:44.720944,Night,A,Medium,24,10,119.2,Medium,True,9.79,18.58,28.37,45,0,11,4,1,0,0.6304,-16.63,28.61,1,0,0,0.408
ORD-02896,2024-11-12 04:44:01.488297,Evening,B,High,23,7,110.1,High,True,24.4,17.12,41.52,38,0,11,4,1,0,1.0926,3.52,25.32,1,1,0,1.061
ORD-02897,2024-11-12 07:21:18.255651,Night,C,Medium,41,3,158.3,Low,True,26.53,24.29,50.82,45,0,11,4,1,0,1.1293,5.82,64.9,0,0,0,0.647
ORD-02898,2024-11-12 09:58:35.023004,Evening,B,Urgent,20,9,119.8,Medium,True,13.72,10.54,24.26,28,0,11,4,1,0,0.8664,-3.74,23.96,1,0,0,0.686
ORD-02899,2024-11-12 12:35:51.790358,Evening,D,High,18,1,149.8,Low,True,20.03,11.8,31.83,38,0,11,4,1,0,0.8376,-6.17,26.96,0,0,0,1.113
ORD-02900,2024-11-12 15:13:08.557711,Night,A,High,35,2,166.1,Low,True,25.57,17.24,42.81,38,0,11,4,1,0,1.1266,4.81,58.14,0,0,0,0.731
ORD-02901,2024-11-12 17:50:25.325065,Night,A,Medium,1,8,174.5,Medium,False,8.68,2.51,11.19,45,0,11,4,1,0,0.2487,-33.81,1.74,1,0,1,8.68
ORD-02902,2024-11-12 20:27:42.092418,Night,A,Medium,38,10,187.4,Medium,True,20.57,19.95,40.52,45,0,11,4,1,0,0.9004,-4.48,71.21,1,0,0,0.541
ORD-02903,2024-11-12 23:04:58.859771,Night,B,High,1,4,156.6,Medium,True,10.77,5.93,16.7,38,0,11,4,1,0,0.4395,-21.3,1.57,0,0,0,10.77
ORD-02904,2024-11-13 01:42:15.627125,Evening,A,Low,12,7,108.0,Low,True,4.85,9.37,14.22,55,0,11,4,2,0,0.2585,-40.78,12.96,1,0,0,0.404
ORD-02905,2024-11-13 04:19:32.394478,Morning,D,Low,25,7,168.6,Low,False,15.0,15.28,30.28,55,0,11,4,2,0,0.5505,-24.72,42.15,1,0,1,0.6
ORD-02906,2024-11-13 06:56:49.161832,Morning,C,Urgent,10,8,176.2,Low,True,4.23,8.9,13.13,28,0,11,4,2,0,0.4689,-14.87,17.62,1,0,0,0.423
ORD-02907,2024-11-13 09:34:05.929185,Night,A,Urgent,2,10,142.7,Medium,True,3.6,11.41,15.01,28,0,11,4,2,0,0.5361,-12.99,2.85,1,0,0,1.8
ORD-02908,2024-11-13 12:11:22.696539,Morning,C,Urgent,21,1,138.5,Low,True,21.11,15.13,36.24,28,1,11,4,2,0,1.2943,8.24,29.08,0,0,0,1.005
ORD-02909,2024-11-13 14:48:39.463892,Night,A,Low,36,2,249.0,Low,True,34.33,18.66,52.99,55,1,11,4,2,0,0.9635,-2.01,89.64,0,0,0,0.954
ORD-02910,2024-11-13 17:25:56.231246,Night,B,Medium,13,10,98.3,High,True,12.07,7.03,19.1,45,0,11,4,2,0,0.4244,-25.9,12.78,1,1,0,0.928
ORD-02911,2024-11-13 20:03:12.998599,Night,E,Urgent,14,6,169.7,High,True,17.93,7.4,25.33,28,0,11,4,2,0,0.9046,-2.67,23.76,0,1,0,1.281
ORD-02912,2024-11-13 22:40:29.765953,Night,D,Low,34,6,191.8,Medium,True,22.56,21.35,43.91,55,0,11,4,2,0,0.7984,-11.09,65.21,0,0,0,0.664
ORD-02913,2024-11-14 01:17:46.533306,Evening,C,Medium,48,5,136.3,Low,True,27.91,24.06,51.97,45,1,11,4,3,0,1.1549,6.97,65.42,0,0,0,0.581
ORD-02914,2024-11-14 03:55:03.300660,Evening,B,Medium,26,4,143.3,Medium,False,31.78,19.42,51.2,45,0,11,4,3,0,1.1378,6.2,37.26,0,0,1,1.222
ORD-02915,2024-11-14 06:32:20.068013,Night,A,High,28,3,133.9,Medium,True,25.52,17.9,43.42,38,1,11,4,3,0,1.1426,5.42,37.49,0,0,0,0.911
ORD-02916,2024-11-14 09:09:36.835367,Morning,D,Medium,42,4,150.0,Low,True,25.83,23.64,49.47,45,1,11,4,3,0,1.0993,4.47,63.0,0,0,0,0.615
ORD-02917,2024-11-14 11:46:53.602720,Morning,C,Medium,4,1,186.0,High,False,19.39,7.64,27.03,45,0,11,4,3,0,0.6007,-17.97,7.44,0,1,1,4.848
ORD-02918,2024-11-14 14:24:10.370074,Night,C,Medium,50,3,142.1,Low,True,34.63,21.22,55.85,45,1,11,4,3,0,1.2411,10.85,71.05,0,0,0,0.693
ORD-02919,2024-11-14 17:01:27.137427,Evening,E,Low,24,10,274.4,Low,True,12.13,18.87,31.0,55,0,11,4,3,0,0.5636,-24.0,65.86,1,0,0,0.505
ORD-02920,2024-11-14 19:38:43.904780,Evening,B,High,19,2,131.9,Medium,True,24.3,9.89,34.19,38,1,11,4,3,0,0.8997,-3.81,25.06,0,0,0,1.279
ORD-02921,2024-11-14 22:16:00.672134,Morning,D,High,31,8,205.1,High,True,25.79,19.69,45.48,38,1,11,4,3,0,1.1968,7.48,63.58,1,1,0,0.832
ORD-02922,2024-11-15 00:53:17.439487,Evening,C,High,46,1,171.8,Medium,True,41.4,23.63,65.03,38,1,11,4,4,0,1.7113,27.03,79.03,0,0,0,0.9
ORD-02923,2024-11-15 03:30:34.206841,Night,A,Medium,47,8,154.3,Low,True,21.0,25.0,46.0,45,0,11,4,4,0,1.0222,1.0,72.52,1,0,0,0.447
ORD-02924,2024-11-15 06:07:50.974194,Evening,A,Medium,39,3,208.8,Medium,True,35.21,22.23,57.44,45,1,11,4,4,0,1.2764,12.44,81.43,0,0,0,0.903
ORD-02925,2024-11-15 08:45:07.741548,Evening,C,Low,25,8,86.0,High,True,15.37,12.29,27.66,55,0,11,4,4,0,0.5029,-27.34,21.5,1,1,0,0.615
ORD-02926,2024-11-15 11:22:24.508901,Evening,B,Urgent,8,5,167.0,Medium,True,12.12,3.66,15.78,28,0,11,4,4,0,0.5636,-12.22,13.36,0,0,0,1.515
ORD-02927,2024-11-15 13:59:41.276255,Night,D,Medium,10,8,121.3,Low,True,4.07,8.17,12.24,45,0,11,4,4,0,0.272,-32.76,12.13,1,0,0,0.407
ORD-02928,2024-11-15 16:36:58.043608,Night,D,Medium,42,7,132.6,Medium,True,19.26,22.5,41.76,45,0,11,4,4,0,0.928,-3.24,55.69,1,0,0,0.459
ORD-02929,2024-11-15 19:14:14.810962,Evening,C,Medium,7,6,130.7,High,True,13.33,9.72,23.05,45,0,11,4,4,0,0.5122,-21.95,9.15,0,1,0,1.904
ORD-02930,2024-11-15 21:51:31.578315,Evening,C,Urgent,25,8,111.4,Low,False,14.19,21.96,36.15,28,1,11,4,4,0,1.2911,8.15,27.85,1,0,1,0.568
ORD-02931,2024-11-16 00:28:48.345669,Morning,C,High,21,10,83.9,Medium,True,8.51,13.08,21.59,38,0,11,4,5,1,0.5682,-16.41,17.62,1,0,0,0.405
ORD-02932,2024-11-16 03:06:05.113022,Evening,C,Low,36,6,165.6,Medium,True,23.32,20.84,44.16,55,1,11,4,5,1,0.8029,-10.84,59.62,0,0,0,0.648
ORD-02933,2024-11-16 05:43:21.880376,Morning,E,High,18,2,147.4,Medium,True,25.19,6.89,32.08,38,0,11,4,5,1,0.8442,-5.92,26.53,0,0,0,1.399
ORD-02934,2024-11-16 08:20:38.647729,Evening,A,Medium,36,2,138.0,Low,True,28.02,15.72,43.74,45,1,11,4,5,1,0.972,-1.26,49.68,0,0,0,0.778
ORD-02935,2024-11-16 10:57:55.415083,Evening,E,High,26,6,180.4,Low,True,18.01,12.86,30.87,38,0,11,4,5,1,0.8124,-7.13,46.9,0,0,0,0.693
ORD-02936,2024-11-16 13:35:12.182436,Morning,A,Urgent,45,5,168.1,Medium,False,35.46,31.06,66.52,28,1,11,4,5,1,2.3757,38.52,75.64,0,0,1,0.788
ORD-02937,2024-11-16 16:12:28.949789,Morning,A,High,10,7,139.3,Low,True,8.99,6.5,15.49,38,0,11,4,5,1,0.4076,-22.51,13.93,1,0,0,0.899
ORD-02938,2024-11-16 18:49:45.717143,Morning,D,High,39,7,272.0,Low,True,24.23,19.03,43.26,38,1,11,4,5,1,1.1384,5.26,106.08,1,0,0,0.621
ORD-02939,2024-11-16 21:27:02.484496,Morning,A,Medium,37,2,190.7,Low,True,27.37,18.35,45.72,45,0,11,4,5,1,1.016,0.72,70.56,0,0,0,0.74
ORD-02940,2024-11-17 00:04:19.251850,Evening,B,Medium,42,8,247.8,Low,True,27.22,22.98,50.2,45,1,11,4,6,1,1.1156,5.2,104.08,1,0,0,0.648
ORD-02941,2024-11-17 02:41:36.019203,Morning,A,High,25,10,133.4,Medium,True,8.86,13.93,22.79,38,0,11,4,6,1,0.5997,-15.21,33.35,1,0,0,0.354
ORD-02942,2024-11-17 05:18:52.786557,Morning,D,High,17,4,160.0,High,True,26.1,10.19,36.29,38,1,11,4,6,1,0.955,-1.71,27.2,0,1,0,1.535
ORD-02943,2024-11-17 07:56:09.553910,Night,C,Medium,26,10,100.5,Low,True,8.76,12.14,20.9,45,0,11,4,6,1,0.4644,-24.1,26.13,1,0,0,0.337
ORD-02944,2024-11-17 10:33:26.321264,Morning,A,Medium,49,10,136.8,Low,True,18.28,26.11,44.39,45,0,11,4,6,1,0.9864,-0.61,67.03,1,0,0,0.373
ORD-02945,2024-11-17 13:10:43.088617,Night,C,Low,10,5,126.6,Low,True,11.22,14.18,25.4,55,1,11,4,6,1,0.4618,-29.6,12.66,0,0,0,1.122
ORD-02946,2024-11-17 15:47:59.855971,Evening,A,Medium,34,8,269.8,Medium,True,24.39,19.96,44.35,45,0,11,4,6,1,0.9856,-0.65,91.73,1,0,0,0.717
ORD-02947,2024-11-17 18:25:16.623324,Evening,E,Urgent,12,10,122.3,Medium,True,8.26,9.82,18.08,28,0,11,4,6,1,0.6457,-9.92,14.68,1,0,0,0.688
ORD-02948,2024-11-17 21:02:33.390678,Evening,A,Low,39,9,140.6,High,True,24.07,15.4,39.47,55,0,11,4,6,1,0.7176,-15.53,54.83,1,1,0,0.617
ORD-02949,2024-11-17 23:39:50.158031,Morning,C,High,22,4,91.9,Medium,True,19.57,14.71,34.28,38,0,11,4,6,1,0.9021,-3.72,20.22,0,0,0,0.89
ORD-02950,2024-11-18 02:17:06.925385,Night,C,Medium,43,7,171.3,Low,False,21.46,30.29,51.75,45,1,11,4,0,0,1.15,6.75,73.66,1,0,1,0.499
ORD-02951,2024-11-18 04:54:23.692738,Night,C,High,9,6,114.0,Low,True,7.32,7.91,15.23,38,0,11,4,0,0,0.4008,-22.77,10.26,0,0,0,0.813
ORD-02952,2024-11-18 07:31:40.460092,Morning,E,Urgent,7,5,186.7,Medium,True,7.9,9.43,17.33,28,0,11,4,0,0,0.6189,-10.67,13.07,0,0,0,1.129
ORD-02953,2024-11-18 10:08:57.227445,Night,B,High,48,7,78.5,Low,True,24.79,23.12,47.91,38,1,11,4,0,0,1.2608,9.91,37.68,1,0,0,0.516
ORD-02954,2024-11-18 12:46:13.994798,Evening,D,High,17,10,145.1,Low,True,5.05,17.91,22.96,38,0,11,4,0,0,0.6042,-15.04,24.67,1,0,0,0.297
ORD-02955,2024-11-18 15:23:30.762152,Night,B,Medium,5,1,76.2,Low,True,11.33,8.38,19.71,45,0,11,4,0,0,0.438,-25.29,3.81,0,0,0,2.266
ORD-02956,2024-11-18 18:00:47.529505,Night,C,Medium,42,10,130.4,Medium,True,18.97,20.34,39.31,45,0,11,4,0,0,0.8736,-5.69,54.77,1,0,0,0.452
ORD-02957,2024-11-18 20:38:04.296859,Morning,B,High,21,4,138.5,Medium,True,27.66,13.91,41.57,38,1,11,4,0,0,1.0939,3.57,29.08,0,0,0,1.317
ORD-02958,2024-11-18 23:15:21.064212,Night,A,High,47,9,126.0,High,True,28.75,24.33,53.08,38,1,11,4,0,0,1.3968,15.08,59.22,1,1,0,0.612
ORD-02959,2024-11-19 01:52:37.831566,Night,A,High,22,2,130.0,Low,True,19.26,14.17,33.43,38,1,11,4,1,0,0.8797,-4.57,28.6,0,0,0,0.875
ORD-02960,2024-11-19 04:29:54.598919,Evening,A,High,38,9,188.8,High,True,23.61,22.56,46.17,38,0,11,4,1,0,1.215,8.17,71.74,1,1,0,0.621
ORD-02961,2024-11-19 07:07:11.366273,Morning,E,Medium,29,5,237.0,Medium,True,29.72,13.76,43.48,45,0,11,4,1,0,0.9662,-1.52,68.73,0,0,0,1.025
ORD-02962,2024-11-19 09:44:28.133626,Night,D,Medium,25,10,163.6,Medium,True,13.63,16.3,29.93,45,0,11,4,1,0,0.6651,-15.07,40.9,1,0,0,0.545
ORD-02963,2024-11-19 12:21:44.900980,Evening,A,Urgent,25,5,115.6,Medium,True,24.57,16.76,41.33,28,1,11,4,1,0,1.4761,13.33,28.9,0,0,0,0.983
ORD-02964,2024-11-19 14:59:01.668333,Morning,C,Medium,13,8,152.6,High,True,13.49,6.6,20.09,45,0,11,4,1,0,0.4464,-24.91,19.84,1,1,0,1.038
ORD-02965,2024-11-19 17:36:18.435687,Night,D,High,37,6,135.8,Medium,True,25.3,16.17,41.47,38,1,11,4,1,0,1.0913,3.47,50.25,0,0,0,0.684
ORD-02966,2024-11-19 20:13:35.203040,Evening,B,Medium,27,3,185.6,Low,True,30.27,18.33,48.6,45,0,11,4,1,0,1.08,3.6,50.11,0,0,0,1.121
ORD-02967,2024-11-19 22:50:51.970394,Night,B,Urgent,1,3,161.5,Low,True,8.65,4.51,13.16,28,0,11,4,1,0,0.47,-14.84,1.62,0,0,0,8.65
ORD-02968,2024-11-20 01:28:08.737747,Evening,D,High,20,6,86.9,High,True,18.43,13.47,31.9,38,0,11,4,2,0,0.8395,-6.1,17.38,0,1,0,0.922
ORD-02969,2024-11-20 04:05:25.505101,Morning,A,Medium,21,5,193.9,Medium,True,25.19,15.0,40.19,45,0,11,4,2,0,0.8931,-4.81,40.72,0,0,0,1.2
ORD-02970,2024-11-20 06:42:42.272454,Night,C,Urgent,45,7,188.7,High,True,37.64,22.39,60.03,28,1,11,4,2,0,2.1439,32.03,84.92,1,1,0,0.836
ORD-02971,2024-11-20 09:19:59.039807,Evening,A,Medium,22,9,209.8,High,True,17.38,9.83,27.21,45,0,11,4,2,0,0.6047,-17.79,46.16,1,1,0,0.79
ORD-02972,2024-11-20 11:57:15.807161,Evening,A,Medium,29,8,129.3,Low,False,15.75,18.17,33.92,45,0,11,4,2,0,0.7538,-11.08,37.5,1,0,1,0.543
ORD-02973,2024-11-20 14:34:32.574514,Evening,D,High,5,1,162.0,High,True,15.99,6.88,22.87,38,0,11,4,2,0,0.6018,-15.13,8.1,0,1,0,3.198
ORD-02974,2024-11-20 17:11:49.341868,Morning,D,Medium,20,5,102.6,Low,True,18.2,11.36,29.56,45,0,11,4,2,0,0.6569,-15.44,20.52,0,0,0,0.91
ORD-02975,2024-11-20 19:49:06.109221,Evening,E,Medium,15,2,148.0,Low,True,18.89,14.61,33.5,45,0,11,4,2,0,0.7444,-11.5,22.2,0,0,0,1.259
ORD-02976,2024-11-20 22:26:22.876575,Evening,A,High,25,6,165.9,Medium,True,17.52,13.21,30.73,38,1,11,4,2,0,0.8087,-7.27,41.48,0,0,0,0.701
ORD-02977,2024-11-21 01:03:39.643928,Night,D,Urgent,45,6,124.6,High,True,36.25,20.56,56.81,28,1,11,4,3,0,2.0289,28.81,56.07,0,1,0,0.806
ORD-02978,2024-11-21 03:40:56.411282,Night,E,Low,47,10,163.7,Medium,True,25.55,26.01,51.56,55,0,11,4,3,0,0.9375,-3.44,76.94,1,0,0,0.544
ORD-02979,2024-11-21 06:18:13.178635,Night,C,High,15,4,156.7,Low,True,17.07,13.24,30.31,38,0,11,4,3,0,0.7976,-7.69,23.5,0,0,0,1.138
ORD-02980,2024-11-21 08:55:29.945989,Morning,E,Medium,31,5,132.0,Medium,True,26.55,19.88,46.43,45,0,11,4,3,0,1.0318,1.43,40.92,0,0,0,0.856
ORD-02981,2024-11-21 11:32:46.713342,Evening,E,Medium,48,6,205.9,Medium,False,39.17,30.05,69.22,45,1,11,4,3,0,1.5382,24.22,98.83,0,0,1,0.816
ORD-02982,2024-11-21 14:10:03.480696,Morning,D,High,12,2,140.6,Medium,True,16.17,12.13,28.3,38,1,11,4,3,0,0.7447,-9.7,16.87,0,0,0,1.348
ORD-02983,2024-11-21 16:47:20.248049,Night,E,Medium,22,1,155.3,Low,False,22.43,18.81,41.24,45,1,11,4,3,0,0.9164,-3.76,34.17,0,0,1,1.02
ORD-02984,2024-11-21 19:24:37.015403,Evening,C,High,26,8,91.3,Low,False,13.27,19.97,33.24,38,0,11,4,3,0,0.8747,-4.76,23.74,1,0,1,0.51
ORD-02985,2024-11-21 22:01:53.782756,Night,C,High,1,4,170.8,Medium,True,9.15,6.73,15.88,38,0,11,4,3,0,0.4179,-22.12,1.71,0,0,0,9.15
ORD-02986,2024-11-22 00:39:10.550110,Morning,E,Urgent,24,4,130.9,Low,True,20.05,15.42,35.47,28,1,11,4,4,0,1.2668,7.47,31.42,0,0,0,0.835
ORD-02987,2024-11-22 03:16:27.317463,Morning,D,High,7,10,188.3,High,True,9.58,6.03,15.61,38,0,11,4,4,0,0.4108,-22.39,13.18,1,1,0,1.369
ORD-02988,2024-11-22 05:53:44.084816,Night,A,Low,16,3,97.6,Low,False,12.08,6.99,19.07,55,0,11,4,4,0,0.3467,-35.93,15.62,0,0,1,0.755
ORD-02989,2024-11-22 08:31:00.852170,Evening,B,High,6,10,167.2,Medium,True,9.07,9.2,18.27,38,0,11,4,4,0,0.4808,-19.73,10.03,1,0,0,1.512
ORD-02990,2024-11-22 11:08:17.619523,Night,B,High,37,7,62.7,High,True,33.05,19.63,52.68,38,1,11,4,4,0,1.3863,14.68,23.2,1,1,0,0.893
ORD-02991,2024-11-22 13:45:34.386877,Night,E,Low,42,3,174.6,Medium,True,34.69,20.33,55.02,55,0,11,4,4,0,1.0004,0.02,73.33,0,0,0,0.826
ORD-02992,2024-11-22 16:22:51.154230,Evening,A,High,14,10,143.0,Medium,False,11.74,15.23,26.97,38,0,11,4,4,0,0.7097,-11.03,20.02,1,0,1,0.839
ORD-02993,2024-11-22 19:00:07.921584,Evening,B,High,3,7,166.0,Low,True,9.96,5.9,15.86,38,0,11,4,4,0,0.4174,-22.14,4.98,1,0,0,3.32
ORD-02994,2024-11-22 21:37:24.688937,Evening,C,Low,25,4,126.0,Low,True,17.11,10.74,27.85,55,0,11,4,4,0,0.5064,-27.15,31.5,0,0,0,0.684
ORD-02995,2024-11-23 00:14:41.456291,Night,A,Medium,6,5,112.0,Medium,True,9.92,7.38,17.3,45,0,11,4,5,1,0.3844,-27.7,6.72,0,0,0,1.653
ORD-02996,2024-11-23 02:51:58.223644,Night,E,Medium,23,4,132.6,High,True,25.88,12.49,38.37,45,0,11,4,5,1,0.8527,-6.63,30.5,0,1,0,1.125
ORD-02997,2024-11-23 05:29:14.990998,Morning,C,Medium,28,9,157.7,Medium,True,15.72,13.52,29.24,45,0,11,4,5,1,0.6498,-15.76,44.16,1,0,0,0.561
ORD-02998,2024-11-23 08:06:31.758351,Evening,A,High,24,5,173.1,Low,True,18.87,13.91,32.78,38,1,11,4,5,1,0.8626,-5.22,41.54,0,0,0,0.786
ORD-02999,2024-11-23 10:43:48.525705,Morning,B,Low,27,1,162.2,Low,True,36.4,13.67,50.07,55,0,11,4,5,1,0.9104,-4.93,43.79,0,0,0,1.348
ORD-03000,2024-11-23 13:21:05.293058,Evening,D,High,29,7,112.5,High,False,21.84,22.51,44.35,38,0,11,4,5,1,1.1671,6.35,32.62,1,1,1,0.753
ORD-03001,2024-11-23 15:58:22.060412,Night,C,High,9,8,223.5,Medium,True,10.61,12.46,23.07,38,0,11,4,5,1,0.6071,-14.93,20.11,1,0,0,1.179
ORD-03002,2024-11-23 18:35:38.827765,Night,C,Medium,35,4,163.3,Low,True,24.64,17.9,42.54,45,1,11,4,5,1,0.9453,-2.46,57.16,0,0,0,0.704
ORD-03003,2024-11-23 21:12:55.595119,Evening,B,Medium,34,10,125.1,Medium,True,23.35,18.75,42.1,45,0,11,4,5,1,0.9356,-2.9,42.53,1,0,0,0.687
ORD-03004,2024-11-23 23:50:12.362472,Morning,E,Low,8,5,167.0,Low,True,12.26,13.88,26.14,55,0,11,4,5,1,0.4753,-28.86,13.36,0,0,0,1.532
ORD-03005,2024-11-24 02:27:29.129825,Morning,D,Low,22,3,160.2,Low,True,20.31,14.77,35.08,55,0,11,4,6,1,0.6378,-19.92,35.24,0,0,0,0.923
ORD-03006,2024-11-24 05:04:45.897179,Morning,D,Medium,15,8,143.0,High,True,14.58,10.89,25.47,45,0,11,4,6,1,0.566,-19.53,21.45,1,1,0,0.972
ORD-03007,2024-11-24 07:42:02.664532,Morning,B,Medium,20,2,138.3,Medium,True,30.38,13.93,44.31,45,1,11,4,6,1,0.9847,-0.69,27.66,0,0,0,1.519
ORD-03008,2024-11-24 10:19:19.431886,Night,E,High,39,10,189.4,Low,True,23.11,20.63,43.74,38,1,11,4,6,1,1.1511,5.74,73.87,1,0,0,0.593
ORD-03009,2024-11-24 12:56:36.199239,Evening,D,High,30,7,219.1,High,True,23.21,20.43,43.64,38,1,11,4,6,1,1.1484,5.64,65.73,1,1,0,0.774
ORD-03010,2024-11-24 15:33:52.966593,Morning,B,Low,46,4,68.6,High,True,56.64,18.78,75.42,55,1,11,4,6,1,1.3713,20.42,31.56,0,1,0,1.231
ORD-03011,2024-11-24 18:11:09.733946,Evening,E,Medium,29,1,199.2,High,True,45.98,17.36,63.34,45,0,11,4,6,1,1.4076,18.34,57.77,0,1,0,1.586
ORD-03012,2024-11-24 20:48:26.501300,Morning,E,High,3,6,150.8,Medium,False,15.32,8.74,24.06,38,0,11,4,6,1,0.6332,-13.94,4.52,0,0,1,5.107
ORD-03013,2024-11-24 23:25:43.268653,Morning,D,Medium,36,6,159.5,High,True,26.96,18.43,45.39,45,1,11,4,6,1,1.0087,0.39,57.42,0,1,0,0.749
ORD-03014,2024-11-25 02:03:00.036007,Night,D,High,4,8,204.1,Low,True,8.27,10.6,18.87,38,0,11,4,0,0,0.4966,-19.13,8.16,1,0,0,2.068
ORD-03015,2024-11-25 04:40:16.803360,Morning,B,Low,18,3,43.8,High,True,23.0,11.48,34.48,55,0,11,4,0,0,0.6269,-20.52,7.88,0,1,0,1.278
ORD-03016,2024-11-25 07:17:33.570714,Evening,C,Urgent,47,3,182.6,Low,True,37.05,20.72,57.77,28,1,11,4,0,0,2.0632,29.77,85.82,0,0,0,0.788
ORD-03017,2024-11-25 09:54:50.338067,Evening,A,Medium,50,5,201.3,Low,True,32.34,24.42,56.76,45,1,11,4,0,0,1.2613,11.76,100.65,0,0,0,0.647
ORD-03018,2024-11-25 12:32:07.105421,Morning,C,Medium,8,9,122.5,Low,True,7.27,9.59,16.86,45,0,11,4,0,0,0.3747,-28.14,9.8,1,0,0,0.909
ORD-03019,2024-11-25 15:09:23.872774,Morning,B,Medium,50,10,94.2,Low,True,25.38,22.26,47.64,45,0,11,4,0,0,1.0587,2.64,47.1,1,0,0,0.508
ORD-03020,2024-11-25 17:46:40.640128,Morning,B,Medium,49,4,215.6,Medium,True,53.07,27.81,80.88,45,1,11,4,0,0,1.7973,35.88,105.64,0,0,0,1.083
ORD-03021,2024-11-25 20:23:57.407481,Morning,E,High,44,1,79.7,High,True,47.17,23.98,71.15,38,1,11,4,0,0,1.8724,33.15,35.07,0,1,0,1.072
ORD-03022,2024-11-25 23:01:14.174834,Night,A,Low,42,2,166.7,Low,True,32.81,22.43,55.24,55,0,11,4,0,0,1.0044,0.24,70.01,0,0,0,0.781
ORD-03023,2024-11-26 01:38:30.942188,Evening,D,Low,4,6,190.9,High,True,10.59,4.86,15.45,55,0,11,4,1,0,0.2809,-39.55,7.64,0,1,0,2.648
ORD-03024,2024-11-26 04:15:47.709541,Evening,B,Low,7,1,165.9,Medium,True,19.59,11.01,30.6,55,0,11,4,1,0,0.5564,-24.4,11.61,0,0,0,2.799
ORD-03025,2024-11-26 06:53:04.476895,Morning,A,High,31,8,172.6,Low,True,13.04,21.75,34.79,38,1,11,4,1,0,0.9155,-3.21,53.51,1,0,0,0.421
ORD-03026,2024-11-26 09:30:21.244248,Night,A,Urgent,6,1,139.4,Medium,True,12.61,6.07,18.68,28,0,11,4,1,0,0.6671,-9.32,8.36,0,0,0,2.102
ORD-03027,2024-11-26 12:07:38.011602,Morning,B,Low,13,5,168.5,Low,True,14.71,7.05,21.76,55,0,11,4,1,0,0.3956,-33.24,21.9,0,0,0,1.132
ORD-03028,2024-11-26 14:44:54.778955,Night,C,High,49,8,121.7,Low,True,22.69,24.22,46.91,38,1,11,4,1,0,1.2345,8.91,59.63,1,0,0,0.463
ORD-03029,2024-11-26 17:22:11.546309,Morning,B,High,46,5,126.8,Medium,True,39.34,28.46,67.8,38,1,11,4,1,0,1.7842,29.8,58.33,0,0,0,0.855
ORD-03030,2024-11-26 19:59:28.313662,Night,C,Low,13,7,151.4,High,True,15.55,9.86,25.41,55,0,11,4,1,0,0.462,-29.59,19.68,1,1,0,1.196
ORD-03031,2024-11-26 22:36:45.081016,Morning,C,Low,27,4,88.4,Low,True,20.29,16.06,36.35,55,0,11,4,1,0,0.6609,-18.65,23.87,0,0,0,0.751
ORD-03032,2024-11-27 01:14:01.848369,Morning,A,Medium,27,8,173.1,Low,False,13.7,19.09,32.79,45,1,11,4,2,0,0.7287,-12.21,46.74,1,0,1,0.507
ORD-03033,2024-11-27 03:51:18.615723,Evening,B,Low,14,5,50.8,Medium,True,11.22,13.88,25.1,55,0,11,4,2,0,0.4564,-29.9,7.11,0,0,0,0.801
ORD-03034,2024-11-27 06:28:35.383076,Morning,A,High,12,8,164.5,Medium,True,13.08,8.45,21.53,38,0,11,4,2,0,0.5666,-16.47,19.74,1,0,0,1.09
ORD-03035,2024-11-27 09:05:52.150430,Night,A,Medium,22,10,168.3,High,True,17.95,13.14,31.09,45,0,11,4,2,0,0.6909,-13.91,37.03,1,1,0,0.816
ORD-03036,2024-11-27 11:43:08.917783,Evening,A,Medium,31,4,118.2,Medium,True,25.16,17.16,42.32,45,1,11,4,2,0,0.9404,-2.68,36.64,0,0,0,0.812
ORD-03037,2024-11-27 14:20:25.685137,Evening,D,High,41,3,100.6,High,False,35.12,28.56,63.68,38,1,11,4,2,0,1.6758,25.68,41.25,0,1,1,0.857
ORD-03038,2024-11-27 16:57:42.452490,Morning,D,Medium,43,10,133.7,Medium,True,16.63,25.59,42.22,45,0,11,4,2,0,0.9382,-2.78,57.49,1,0,0,0.387
ORD-03039,2024-11-27 19:34:59.219843,Evening,E,High,2,7,175.6,Low,True,6.49,6.67,13.16,38,0,11,4,2,0,0.3463,-24.84,3.51,1,0,0,3.245
ORD-03040,2024-11-27 22:12:15.987197,Morning,D,High,33,9,163.8,Medium,True,17.28,19.93,37.21,38,0,11,4,2,0,0.9792,-0.79,54.05,1,0,0,0.524
ORD-03041,2024-11-28 00:49:32.754550,Night,C,Medium,31,4,105.5,Low,True,16.58,15.71,32.29,45,1,11,4,3,0,0.7176,-12.71,32.7,0,0,0,0.535
ORD-03042,2024-11-28 03:26:49.521904,Evening,B,Medium,3,4,154.2,Medium,True,10.17,3.13,13.3,45,0,11,4,3,0,0.2956,-31.7,4.63,0,0,0,3.39
ORD-03043,2024-11-28 06:04:06.289257,Evening,A,Medium,42,2,160.5,Low,True,34.51,21.53,56.04,45,1,11,4,3,0,1.2453,11.04,67.41,0,0,0,0.822
ORD-03044,2024-11-28 08:41:23.056611,Night,C,Urgent,30,8,158.8,Low,True,17.16,18.77,35.93,28,1,11,4,3,0,1.2832,7.93,47.64,1,0,0,0.572
ORD-03045,2024-11-28 11:18:39.823964,Evening,B,Medium,36,9,110.5,High,True,32.57,18.9,51.47,45,1,11,4,3,0,1.1438,6.47,39.78,1,1,0,0.905
ORD-03046,2024-11-28 13:55:56.591318,Evening,B,Urgent,34,9,156.2,High,True,33.22,20.93,54.15,28,1,11,4,3,0,1.9339,26.15,53.11,1,1,0,0.977
ORD-03047,2024-11-28 16:33:13.358671,Morning,E,Urgent,17,3,186.7,Medium,True,21.76,9.74,31.5,28,1,11,4,3,0,1.125,3.5,31.74,0,0,0,1.28
ORD-03048,2024-11-28 19:10:30.126025,Evening,A,Medium,11,5,171.5,Medium,True,13.18,8.42,21.6,45,0,11,4,3,0,0.48,-23.4,18.87,0,0,0,1.198
ORD-03049,2024-11-28 21:47:46.893378,Morning,A,High,19,5,166.5,High,True,24.66,10.88,35.54,38,0,11,4,3,0,0.9353,-2.46,31.64,0,1,0,1.298
ORD-03050,2024-11-29 00:25:03.660732,Morning,E,Medium,39,2,215.7,Low,True,37.41,17.11,54.52,45,1,11,4,4,0,1.2116,9.52,84.12,0,0,0,0.959
ORD-03051,2024-11-29 03:02:20.428085,Night,B,Low,32,1,156.7,Medium,True,45.54,19.12,64.66,55,1,11,4,4,0,1.1756,9.66,50.14,0,0,0,1.423
ORD-03052,2024-11-29 05:39:37.195439,Morning,B,Urgent,32,4,116.3,Low,True,28.11,20.82,48.93,28,1,11,4,4,0,1.7475,20.93,37.22,0,0,0,0.878
ORD-03053,2024-11-29 08:16:53.962792,Evening,A,Medium,7,6,116.5,High,True,10.85,10.11,20.96,45,0,11,4,4,0,0.4658,-24.04,8.16,0,1,0,1.55
ORD-03054,2024-11-29 10:54:10.730146,Morning,B,Urgent,1,10,157.0,Low,True,5.06,7.63,12.69,28,0,11,4,4,0,0.4532,-15.31,1.57,1,0,0,5.06
ORD-03055,2024-11-29 13:31:27.497499,Evening,E,High,34,9,92.5,Medium,True,17.91,22.32,40.23,38,1,11,4,4,0,1.0587,2.23,31.45,1,0,0,0.527
ORD-03056,2024-11-29 16:08:44.264852,Night,D,Low,48,8,137.6,Low,False,19.0,32.29,51.29,55,0,11,4,4,0,0.9325,-3.71,66.05,1,0,1,0.396
ORD-03057,2024-11-29 18:46:01.032206,Morning,C,Medium,18,10,168.6,Medium,True,11.73,14.66,26.39,45,0,11,4,4,0,0.5864,-18.61,30.35,1,0,0,0.652
ORD-03058,2024-11-29 21:23:17.799559,Evening,B,Low,23,8,196.8,High,True,27.88,11.14,39.02,55,0,11,4,4,0,0.7095,-15.98,45.26,1,1,0,1.212
ORD-03059,2024-11-30 00:00:34.566913,Evening,B,Low,48,6,88.2,Low,True,31.23,21.99,53.22,55,1,11,4,5,1,0.9676,-1.78,42.34,0,0,0,0.651
ORD-03060,2024-11-30 02:37:51.334266,Night,C,High,12,10,154.0,High,True,13.32,8.65,21.97,38,0,11,4,5,1,0.5782,-16.03,18.48,1,1,0,1.11
ORD-03061,2024-11-30 05:15:08.101620,Morning,B,Low,27,10,147.3,Low,False,12.38,20.9,33.28,55,0,11,4,5,1,0.6051,-21.72,39.77,1,0,1,0.459
ORD-03062,2024-11-30 07:52:24.868973,Night,A,Urgent,5,3,151.5,Medium,True,11.94,8.32,20.26,28,1,11,4,5,1,0.7236,-7.74,7.57,0,0,0,2.388
ORD-03063,2024-11-30 10:29:41.636327,Evening,D,Medium,14,3,155.7,Medium,True,13.82,9.38,23.2,45,0,11,4,5,1,0.5156,-21.8,21.8,0,0,0,0.987
ORD-03064,2024-11-30 13:06:58.403680,Evening,E,Medium,19,10,148.7,Low,True,8.24,9.58,17.82,45,0,11,4,5,1,0.396,-27.18,28.25,1,0,0,0.434
ORD-03065,2024-11-30 15:44:15.171034,Morning,E,Medium,35,1,205.7,Medium,False,38.7,24.11,62.81,45,1,11,4,5,1,1.3958,17.81,72.0,0,0,1,1.106
ORD-03066,2024-11-30 18:21:31.938387,Morning,D,Low,16,6,199.8,Medium,True,17.04,10.04,27.08,55,0,11,4,5,1,0.4924,-27.92,31.97,0,0,0,1.065
ORD-03067,2024-11-30 20:58:48.705741,Evening,C,Medium,24,4,235.7,Medium,True,21.39,16.78,38.17,45,0,11,4,5,1,0.8482,-6.83,56.57,0,0,0,0.891
ORD-03068,2024-11-30 23:36:05.473094,Morning,D,Medium,15,8,149.6,Medium,True,11.71,9.2,20.91,45,0,11,4,5,1,0.4647,-24.09,22.44,1,0,0,0.781
ORD-03069,2024-12-01 02:13:22.240448,Evening,E,High,8,10,133.6,Low,True,6.43,5.69,12.12,38,0,12,4,6,1,0.3189,-25.88,10.69,1,0,0,0.804
ORD-03070,2024-12-01 04:50:39.007801,Evening,A,Medium,40,4,111.3,Low,True,22.21,25.38,47.59,45,0,12,4,6,1,1.0576,2.59,44.52,0,0,0,0.555
ORD-03071,2024-12-01 07:27:55.775155,Evening,B,Medium,34,3,129.2,Low,True,32.69,18.35,51.04,45,1,12,4,6,1,1.1342,6.04,43.93,0,0,0,0.961
ORD-03072,2024-12-01 10:05:12.542508,Morning,A,Medium,33,4,178.6,High,True,31.68,17.14,48.82,45,1,12,4,6,1,1.0849,3.82,58.94,0,1,0,0.96
ORD-03073,2024-12-01 12:42:29.309861,Morning,E,Medium,30,8,184.7,Low,True,18.2,18.7,36.9,45,0,12,4,6,1,0.82,-8.1,55.41,1,0,0,0.607
ORD-03074,2024-12-01 15:19:46.077215,Evening,E,Medium,7,4,177.0,Low,True,8.84,5.28,14.12,45,0,12,4,6,1,0.3138,-30.88,12.39,0,0,0,1.263
ORD-03075,2024-12-01 17:57:02.844568,Evening,D,High,26,7,123.4,Low,True,18.91,15.31,34.22,38,0,12,4,6,1,0.9005,-3.78,32.08,1,0,0,0.727
ORD-03076,2024-12-01 20:34:19.611922,Night,B,Low,36,4,123.6,Medium,False,39.03,29.33,68.36,55,1,12,4,6,1,1.2429,13.36,44.5,0,0,1,1.084
ORD-03077,2024-12-01 23:11:36.379275,Evening,E,Medium,25,8,228.3,Medium,True,21.57,19.46,41.03,45,1,12,4,6,1,0.9118,-3.97,57.08,1,0,0,0.863
ORD-03078,2024-12-02 01:48:53.146629,Evening,A,Medium,37,1,116.7,Low,True,25.65,19.57,45.22,45,1,12,4,0,0,1.0049,0.22,43.18,0,0,0,0.693
ORD-03079,2024-12-02 04:26:09.913982,Morning,A,Medium,17,4,206.7,High,True,24.12,11.39,35.51,45,0,12,4,0,0,0.7891,-9.49,35.14,0,1,0,1.419
ORD-03080,2024-12-02 07:03:26.681336,Night,C,Urgent,26,4,166.2,High,True,29.75,15.32,45.07,28,1,12,4,0,0,1.6096,17.07,43.21,0,1,0,1.144
ORD-03081,2024-12-02 09:40:43.448689,Morning,D,High,20,6,120.7,High,False,18.55,19.06,37.61,38,0,12,4,0,0,0.9897,-0.39,24.14,0,1,1,0.928
ORD-03082,2024-12-02 12:18:00.216043,Morning,E,High,50,7,102.6,Medium,True,31.4,25.34,56.74,38,1,12,4,0,0,1.4932,18.74,51.3,1,0,0,0.628
ORD-03083,2024-12-02 14:55:16.983396,Morning,B,Medium,9,8,122.4,Low,True,10.07,9.83,19.9,45,0,12,4,0,0,0.4422,-25.1,11.02,1,0,0,1.119
ORD-03084,2024-12-02 17:32:33.750750,Morning,B,Medium,15,10,166.7,Low,True,12.56,12.66,25.22,45,0,12,4,0,0,0.5604,-19.78,25.0,1,0,0,0.837
ORD-03085,2024-12-02 20:09:50.518103,Night,C,Low,35,8,113.6,Low,True,16.7,16.95,33.65,55,0,12,4,0,0,0.6118,-21.35,39.76,1,0,0,0.477
ORD-03086,2024-12-02 22:47:07.285457,Morning,A,High,3,1,212.2,Medium,True,15.5,3.53,19.03,38,0,12,4,0,0,0.5008,-18.97,6.37,0,0,0,5.167
ORD-03087,2024-12-03 01:24:24.052810,Morning,E,Medium,26,7,141.7,Low,True,15.04,10.13,25.17,45,0,12,4,1,0,0.5593,-19.83,36.84,1,0,0,0.578
ORD-03088,2024-12-03 04:01:40.820164,Morning,B,Medium,2,1,178.0,Medium,True,13.43,2.35,15.78,45,0,12,4,1,0,0.3507,-29.22,3.56,0,0,0,6.715
ORD-03089,2024-12-03 06:38:57.587517,Night,A,High,27,5,174.8,Medium,True,27.51,14.15,41.66,38,0,12,4,1,0,1.0963,3.66,47.2,0,0,0,1.019
ORD-03090,2024-12-03 09:16:14.354870,Night,B,High,17,6,214.9,Medium,False,25.14,12.75,37.89,38,0,12,4,1,0,0.9971,-0.11,36.53,0,0,1,1.479
ORD-03091,2024-12-03 11:53:31.122224,Night,D,Medium,10,4,132.5,Low,True,14.51,13.4,27.91,45,1,12,4,1,0,0.6202,-17.09,13.25,0,0,0,1.451
ORD-03092,2024-12-03 14:30:47.889577,Night,E,Low,25,7,154.2,High,False,23.46,18.91,42.37,55,0,12,4,1,0,0.7704,-12.63,38.55,1,1,1,0.938
ORD-03093,2024-12-03 17:08:04.656931,Night,A,Urgent,17,8,93.9,Medium,True,16.77,8.75,25.52,28,0,12,4,1,0,0.9114,-2.48,15.96,1,0,0,0.986
ORD-03094,2024-12-03 19:45:21.424284,Evening,A,Low,4,7,154.1,Medium,False,8.15,10.48,18.63,55,0,12,4,1,0,0.3387,-36.37,6.16,1,0,1,2.038
ORD-03095,2024-12-03 22:22:38.191638,Morning,E,Urgent,27,6,195.6,High,True,32.79,16.52,49.31,28,1,12,4,1,0,1.7611,21.31,52.81,0,1,0,1.214
ORD-03096,2024-12-04 00:59:54.958991,Morning,C,Medium,29,10,158.8,Low,True,13.39,15.87,29.26,45,0,12,4,2,0,0.6502,-15.74,46.05,1,0,0,0.462
ORD-03097,2024-12-04 03:37:11.726345,Morning,B,Urgent,34,7,242.5,High,True,42.86,15.63,58.49,28,1,12,4,2,0,2.0889,30.49,82.45,1,1,0,1.261
ORD-03098,2024-12-04 06:14:28.493698,Evening,A,Urgent,46,3,170.8,High,True,46.29,21.35,67.64,28,1,12,4,2,0,2.4157,39.64,78.57,0,1,0,1.006
ORD-03099,2024-12-04 08:51:45.261052,Morning,E,Medium,36,7,128.4,High,True,28.56,18.5,47.06,45,1,12,4,2,0,1.0458,2.06,46.22,1,1,0,0.793
ORD-03100,2024-12-04 11:29:02.028405,Morning,D,High,40,5,168.2,Low,False,26.4,27.29,53.69,38,1,12,4,2,0,1.4129,15.69,67.28,0,0,1,0.66
ORD-03101,2024-12-04 14:06:18.795759,Evening,A,Low,33,1,91.5,Low,True,24.35,16.63,40.98,55,0,12,4,2,0,0.7451,-14.02,30.2,0,0,0,0.738
ORD-03102,2024-12-04 16:43:35.563112,Morning,A,Low,34,10,118.0,Low,True,15.23,18.7,33.93,55,0,12,4,2,0,0.6169,-21.07,40.12,1,0,0,0.448
ORD-03103,2024-12-04 19:20:52.330466,Morning,A,Medium,40,8,101.3,Medium,False,23.22,26.45,49.67,45,1,12,4,2,0,1.1038,4.67,40.52,1,0,1,0.58
ORD-03104,2024-12-04 21:58:09.097819,Morning,A,High,34,7,150.6,Low,False,22.16,26.67,48.83,38,1,12,4,2,0,1.285,10.83,51.2,1,0,1,0.652
ORD-03105,2024-12-05 00:35:25.865173,Evening,A,Low,26,7,147.6,Low,True,16.37,17.76,34.13,55,0,12,4,3,0,0.6205,-20.87,38.38,1,0,0,0.63
ORD-03106,2024-12-05 03:12:42.632526,Morning,A,Medium,37,6,198.2,High,True,29.85,21.51,51.36,45,1,12,4,3,0,1.1413,6.36,73.33,0,1,0,0.807
ORD-03107,2024-12-05 05:49:59.399879,Morning,A,Urgent,49,4,146.0,Low,False,29.78,36.28,66.06,28,1,12,4,3,0,2.3593,38.06,71.54,0,0,1,0.608
ORD-03108,2024-12-05 08:27:16.167233,Morning,B,High,25,10,109.9,Low,True,13.77,13.86,27.63,38,0,12,4,3,0,0.7271,-10.37,27.48,1,0,0,0.551
ORD-03109,2024-12-05 11:04:32.934586,Night,C,Medium,12,6,212.4,Medium,True,15.98,11.76,27.74,45,0,12,4,3,0,0.6164,-17.26,25.49,0,0,0,1.332
ORD-03110,2024-12-05 13:41:49.701940,Morning,C,Medium,21,4,32.2,Low,True,15.73,11.88,27.61,45,1,12,4,3,0,0.6136,-17.39,6.76,0,0,0,0.749
ORD-03111,2024-12-05 16:19:06.469293,Morning,D,Low,1,7,151.5,Medium,True,8.95,2.0,10.95,55,0,12,4,3,0,0.1991,-44.05,1.52,1,0,0,8.95
ORD-03112,2024-12-05 18:56:23.236647,Night,B,Medium,16,2,158.7,Low,True,21.99,12.27,34.26,45,1,12,4,3,0,0.7613,-10.74,25.39,0,0,0,1.374
ORD-03113,2024-12-05 21:33:40.004000,Night,E,Urgent,45,4,149.6,Medium,False,43.37,27.05,70.42,28,1,12,4,3,0,2.515,42.42,67.32,0,0,1,0.964
ORD-03114,2024-12-06 00:10:56.771354,Morning,E,Urgent,5,2,170.0,Low,True,11.08,12.96,24.04,28,0,12,4,4,0,0.8586,-3.96,8.5,0,0,0,2.216
ORD-03115,2024-12-06 02:48:13.538707,Morning,E,Medium,45,1,154.4,Medium,True,44.4,23.85,68.25,45,1,12,4,4,0,1.5167,23.25,69.48,0,0,0,0.987
ORD-03116,2024-12-06 05:25:30.306061,Morning,A,Medium,29,9,170.0,Low,True,11.66,18.52,30.18,45,0,12,4,4,0,0.6707,-14.82,49.3,1,0,0,0.402
ORD-03117,2024-12-06 08:02:47.073414,Evening,A,Medium,16,5,125.9,Low,True,8.46,11.07,19.53,45,0,12,4,4,0,0.434,-25.47,20.14,0,0,0,0.529
ORD-03118,2024-12-06 10:40:03.840768,Morning,C,Medium,24,9,91.6,High,True,13.1,14.51,27.61,45,0,12,4,4,0,0.6136,-17.39,21.98,1,1,0,0.546
ORD-03119,2024-12-06 13:17:20.608121,Night,A,Low,44,7,148.1,High,True,35.21,27.2,62.41,55,1,12,4,4,0,1.1347,7.41,65.16,1,1,0,0.8
ORD-03120,2024-12-06 15:54:37.375475,Night,A,Low,6,3,108.9,Medium,True,11.34,7.05,18.39,55,0,12,4,4,0,0.3344,-36.61,6.53,0,0,0,1.89
ORD-03121,2024-12-06 18:31:54.142828,Evening,A,Medium,29,3,120.9,High,True,28.01,18.1,46.11,45,0,12,4,4,0,1.0247,1.11,35.06,0,1,0,0.966
ORD-03122,2024-12-06 21:09:10.910182,Morning,C,Medium,14,5,196.5,Low,True,15.13,11.82,26.95,45,0,12,4,4,0,0.5989,-18.05,27.51,0,0,0,1.081
ORD-03123,2024-12-06 23:46:27.677535,Night,D,High,28,1,212.3,Medium,True,32.75,14.83,47.58,38,1,12,4,4,0,1.2521,9.58,59.44,0,0,0,1.17
ORD-03124,2024-12-07 02:23:44.444888,Evening,B,High,40,6,195.7,High,True,42.68,20.64,63.32,38,1,12,4,5,1,1.6663,25.32,78.28,0,1,0,1.067
ORD-03125,2024-12-07 05:01:01.212242,Night,E,Medium,47,5,188.3,Medium,True,42.4,24.06,66.46,45,0,12,4,5,1,1.4769,21.46,88.5,0,0,0,0.902
ORD-03126,2024-12-07 07:38:17.979595,Morning,D,Medium,13,2,152.4,Low,False,16.47,10.85,27.32,45,0,12,4,5,1,0.6071,-17.68,19.81,0,0,1,1.267
ORD-03127,2024-12-07 10:15:34.746949,Evening,A,High,34,6,190.6,High,True,33.37,21.91,55.28,38,1,12,4,5,1,1.4547,17.28,64.8,0,1,0,0.981
ORD-03128,2024-12-07 12:52:51.514302,Night,B,Low,22,9,164.2,Low,True,19.06,11.69,30.75,55,0,12,4,5,1,0.5591,-24.25,36.12,1,0,0,0.866
ORD-03129,2024-12-07 15:30:08.281656,Night,A,Urgent,26,10,227.9,Low,False,8.39,23.34,31.73,28,1,12,4,5,1,1.1332,3.73,59.25,1,0,1,0.323
ORD-03130,2024-12-07 18:07:25.049009,Evening,E,Low,9,5,113.3,Medium,False,10.62,10.1,20.72,55,0,12,4,5,1,0.3767,-34.28,10.2,0,0,1,1.18
ORD-03131,2024-12-07 20:44:41.816363,Evening,D,Urgent,43,1,176.9,Low,True,36.06,23.4,59.46,28,1,12,4,5,1,2.1236,31.46,76.07,0,0,0,0.839
ORD-03132,2024-12-07 23:21:58.583716,Evening,D,Low,9,9,99.4,Low,False,5.46,9.63,15.09,55,0,12,4,5,1,0.2744,-39.91,8.95,1,0,1,0.607
ORD-03133,2024-12-08 01:59:15.351070,Evening,D,High,2,6,177.1,Low,False,8.76,9.01,17.77,38,0,12,4,6,1,0.4676,-20.23,3.54,0,0,1,4.38
ORD-03134,2024-12-08 04:36:32.118423,Night,B,Low,38,8,81.2,Low,True,25.78,20.27,46.05,55,0,12,4,6,1,0.8373,-8.95,30.86,1,0,0,0.678
ORD-03135,2024-12-08 07:13:48.885777,Evening,E,High,21,1,101.5,Medium,True,24.7,8.3,33.0,38,0,12,4,6,1,0.8684,-5.0,21.32,0,0,0,1.176
ORD-03136,2024-12-08 09:51:05.653130,Morning,E,Medium,4,3,98.7,Medium,True,7.82,3.49,11.31,45,0,12,4,6,1,0.2513,-33.69,3.95,0,0,0,1.955
ORD-03137,2024-12-08 12:28:22.420484,Morning,D,Low,35,3,160.1,Medium,False,30.34,26.84,57.18,55,1,12,4,6,1,1.0396,2.18,56.04,0,0,1,0.867
ORD-03138,2024-12-08 15:05:39.187837,Evening,C,High,15,8,164.2,Medium,True,8.85,11.27,20.12,38,0,12,4,6,1,0.5295,-17.88,24.63,1,0,0,0.59
ORD-03139,2024-12-08 17:42:55.955191,Night,A,Low,49,7,248.0,Low,True,29.09,25.24,54.33,55,0,12,4,6,1,0.9878,-0.67,121.52,1,0,0,0.594
ORD-03140,2024-12-08 20:20:12.722544,Morning,A,Medium,50,8,146.3,Low,True,24.68,25.68,50.36,45,0,12,4,6,1,1.1191,5.36,73.15,1,0,0,0.494
ORD-03141,2024-12-08 22:57:29.489897,Morning,A,Medium,28,4,180.9,High,True,31.61,12.92,44.53,45,0,12,4,6,1,0.9896,-0.47,50.65,0,1,0,1.129
ORD-03142,2024-12-09 01:34:46.257251,Night,C,High,24,4,156.4,Low,True,22.35,18.16,40.51,38,0,12,4,0,0,1.0661,2.51,37.54,0,0,0,0.931
ORD-03143,2024-12-09 04:12:03.024604,Evening,D,High,23,2,177.6,Low,True,21.05,15.04,36.09,38,0,12,4,0,0,0.9497,-1.91,40.85,0,0,0,0.915
ORD-03144,2024-12-09 06:49:19.791958,Morning,E,Medium,31,3,155.7,High,True,37.78,15.94,53.72,45,1,12,4,0,0,1.1938,8.72,48.27,0,1,0,1.219
ORD-03145,2024-12-09 09:26:36.559311,Morning,A,High,46,2,194.0,Low,False,39.81,33.07,72.88,38,1,12,4,0,0,1.9179,34.88,89.24,0,0,1,0.865
ORD-03146,2024-12-09 12:03:53.326665,Evening,B,Urgent,33,9,107.9,Medium,False,19.9,24.74,44.64,28,1,12,4,0,0,1.5943,16.64,35.61,1,0,1,0.603
ORD-03147,2024-12-09 14:41:10.094018,Morning,A,High,5,7,52.1,Low,True,7.22,4.64,11.86,38,0,12,4,0,0,0.3121,-26.14,2.6,1,0,0,1.444
ORD-03148,2024-12-09 17:18:26.861372,Evening,E,Medium,10,7,166.7,Medium,False,15.69,13.47,29.16,45,0,12,4,0,0,0.648,-15.84,16.67,1,0,1,1.569
ORD-03149,2024-12-09 19:55:43.628725,Evening,D,Medium,32,9,77.8,Low,True,14.3,18.73,33.03,45,1,12,4,0,0,0.734,-11.97,24.9,1,0,0,0.447
ORD-03150,2024-12-09 22:33:00.396079,Evening,C,Medium,19,8,202.5,Medium,True,15.29,11.34,26.63,45,0,12,4,0,0,0.5918,-18.37,38.48,1,0,0,0.805
ORD-03151,2024-12-10 01:10:17.163432,Evening,C,Medium,24,4,128.1,Medium,False,22.34,18.58,40.92,45,1,12,4,1,0,0.9093,-4.08,30.74,0,0,1,0.931
ORD-03152,2024-12-10 03:47:33.930786,Morning,C,Medium,21,4,108.5,Medium,False,16.6,17.98,34.58,45,0,12,4,1,0,0.7684,-10.42,22.78,0,0,1,0.79
ORD-03153,2024-12-10 06:24:50.698139,Morning,B,High,30,2,258.0,Low,True,37.99,19.1,57.09,38,1,12,4,1,0,1.5024,19.09,77.4,0,0,0,1.266
ORD-03154,2024-12-10 09:02:07.465493,Morning,A,High,12,8,149.3,Low,True,9.29,6.41,15.7,38,0,12,4,1,0,0.4132,-22.3,17.92,1,0,0,0.774
ORD-03155,2024-12-10 11:39:24.232846,Morning,B,High,4,9,141.6,High,True,8.1,5.51,13.61,38,0,12,4,1,0,0.3582,-24.39,5.66,1,1,0,2.025
ORD-03156,2024-12-10 14:16:41.000200,Evening,A,Low,12,8,179.9,High,True,13.77,11.57,25.34,55,0,12,4,1,0,0.4607,-29.66,21.59,1,1,0,1.148
ORD-03157,2024-12-10 16:53:57.767553,Morning,C,Low,34,5,182.6,Low,True,21.36,21.56,42.92,55,0,12,4,1,0,0.7804,-12.08,62.08,0,0,0,0.628
ORD-03158,2024-12-10 19:31:14.534906,Evening,B,High,31,4,195.6,Low,True,33.56,18.73,52.29,38,1,12,4,1,0,1.3761,14.29,60.64,0,0,0,1.083
ORD-03159,2024-12-10 22:08:31.302260,Morning,D,Medium,41,5,96.7,Medium,True,29.75,23.18,52.93,45,1,12,4,1,0,1.1762,7.93,39.65,0,0,0,0.726
ORD-03160,2024-12-11 00:45:48.069613,Morning,C,Urgent,6,3,171.4,High,True,21.96,5.21,27.17,28,1,12,4,2,0,0.9704,-0.83,10.28,0,1,0,3.66
ORD-03161,2024-12-11 03:23:04.836967,Morning,C,Medium,8,2,138.3,High,True,14.26,7.75,22.01,45,0,12,4,2,0,0.4891,-22.99,11.06,0,1,0,1.782
ORD-03162,2024-12-11 06:00:21.604320,Evening,E,Medium,7,5,113.2,Medium,False,7.81,12.33,20.14,45,0,12,4,2,0,0.4476,-24.86,7.92,0,0,1,1.116
ORD-03163,2024-12-11 08:37:38.371674,Evening,B,High,29,3,151.9,Low,True,29.87,15.84,45.71,38,1,12,4,2,0,1.2029,7.71,44.05,0,0,0,1.03
ORD-03164,2024-12-11 11:14:55.139027,Night,C,High,29,8,77.6,Medium,False,18.17,23.99,42.16,38,0,12,4,2,0,1.1095,4.16,22.5,1,0,1,0.627
ORD-03165,2024-12-11 13:52:11.906381,Morning,A,Low,8,10,186.9,High,True,10.03,11.18,21.21,55,0,12,4,2,0,0.3856,-33.79,14.95,1,1,0,1.254
ORD-03166,2024-12-11 16:29:28.673734,Evening,D,High,23,2,138.4,Low,True,21.28,14.29,35.57,38,1,12,4,2,0,0.9361,-2.43,31.83,0,0,0,0.925
ORD-03167,2024-12-11 19:06:45.441088,Night,C,Medium,3,1,130.9,Medium,False,11.95,6.9,18.85,45,0,12,4,2,0,0.4189,-26.15,3.93,0,0,1,3.983
ORD-03168,2024-12-11 21:44:02.208441,Morning,A,Medium,31,9,144.5,Low,True,10.21,16.0,26.21,45,0,12,4,2,0,0.5824,-18.79,44.8,1,0,0,0.329
ORD-03169,2024-12-12 00:21:18.975795,Morning,A,Low,29,3,143.3,Low,True,22.26,15.9,38.16,55,0,12,4,3,0,0.6938,-16.84,41.56,0,0,0,0.768
ORD-03170,2024-12-12 02:58:35.743148,Morning,D,High,2,3,195.6,High,True,10.63,5.63,16.26,38,0,12,4,3,0,0.4279,-21.74,3.91,0,1,0,5.315
ORD-03171,2024-12-12 05:35:52.510502,Morning,C,High,5,9,106.2,Low,True,3.72,3.8,7.52,38,0,12,4,3,0,0.1979,-30.48,5.31,1,0,0,0.744
ORD-03172,2024-12-12 08:13:09.277855,Night,C,Medium,36,9,134.7,Medium,False,18.76,25.08,43.84,45,0,12,4,3,0,0.9742,-1.16,48.49,1,0,1,0.521
ORD-03173,2024-12-12 10:50:26.045209,Morning,B,High,45,6,141.3,Low,True,35.35,19.37,54.72,38,1,12,4,3,0,1.44,16.72,63.58,0,0,0,0.786
ORD-03174,2024-12-12 13:27:42.812562,Evening,C,High,43,2,107.4,Low,True,31.12,24.08,55.2,38,1,12,4,3,0,1.4526,17.2,46.18,0,0,0,0.724
ORD-03175,2024-12-12 16:04:59.579915,Night,C,Medium,29,8,156.4,Medium,True,18.21,18.73,36.94,45,0,12,4,3,0,0.8209,-8.06,45.36,1,0,0,0.628
ORD-03176,2024-12-12 18:42:16.347269,Morning,A,Low,27,8,121.0,Low,True,19.12,20.67,39.79,55,0,12,4,3,0,0.7235,-15.21,32.67,1,0,0,0.708
ORD-03177,2024-12-12 21:19:33.114622,Evening,C,Medium,41,5,93.8,Medium,True,26.27,20.82,47.09,45,0,12,4,3,0,1.0464,2.09,38.46,0,0,0,0.641
ORD-03178,2024-12-12 23:56:49.881976,Morning,C,Low,43,6,171.0,Low,True,27.05,23.61,50.66,55,0,12,4,3,0,0.9211,-4.34,73.53,0,0,0,0.629
ORD-03179,2024-12-13 02:34:06.649329,Evening,D,Urgent,46,6,211.9,Medium,False,32.87,32.82,65.69,28,1,12,4,4,0,2.3461,37.69,97.47,0,0,1,0.715
ORD-03180,2024-12-13 05:11:23.416683,Morning,B,High,20,7,151.9,High,True,26.27,9.81,36.08,38,0,12,4,4,0,0.9495,-1.92,30.38,1,1,0,1.314
ORD-03181,2024-12-13 07:48:40.184036,Morning,B,Low,24,6,145.9,Low,True,19.19,17.95,37.14,55,0,12,4,4,0,0.6753,-17.86,35.02,0,0,0,0.8
ORD-03182,2024-12-13 10:25:56.951390,Morning,E,Medium,4,10,145.0,Low,True,3.21,5.86,9.07,45,0,12,4,4,0,0.2016,-35.93,5.8,1,0,0,0.802
ORD-03183,2024-12-13 13:03:13.718743,Evening,E,Medium,9,1,129.4,High,True,20.76,7.37,28.13,45,0,12,4,4,0,0.6251,-16.87,11.65,0,1,0,2.307
ORD-03184,2024-12-13 15:40:30.486097,Evening,A,Low,19,1,196.8,Low,True,24.13,13.12,37.25,55,0,12,4,4,0,0.6773,-17.75,37.39,0,0,0,1.27
ORD-03185,2024-12-13 18:17:47.253450,Evening,E,Medium,41,2,153.8,Low,True,33.69,23.16,56.85,45,1,12,4,4,0,1.2633,11.85,63.06,0,0,0,0.822
ORD-03186,2024-12-13 20:55:04.020804,Morning,A,Low,23,2,62.9,High,True,20.19,13.47,33.66,55,0,12,4,4,0,0.612,-21.34,14.47,0,1,0,0.878
ORD-03187,2024-12-13 23:32:20.788157,Night,E,Medium,30,5,198.0,Low,True,24.17,16.61,40.78,45,0,12,4,4,0,0.9062,-4.22,59.4,0,0,0,0.806
ORD-03188,2024-12-14 02:09:37.555511,Morning,A,Medium,44,1,188.2,Medium,False,46.32,25.54,71.86,45,1,12,4,5,1,1.5969,26.86,82.81,0,0,1,1.053
ORD-03189,2024-12-14 04:46:54.322864,Night,B,Medium,24,2,174.1,Low,True,27.22,12.35,39.57,45,0,12,4,5,1,0.8793,-5.43,41.78,0,0,0,1.134
ORD-03190,2024-12-14 07:24:11.090218,Evening,E,Medium,17,6,39.8,Medium,True,10.91,10.38,21.29,45,0,12,4,5,1,0.4731,-23.71,6.77,0,0,0,0.642
ORD-03191,2024-12-14 10:01:27.857571,Evening,A,Medium,37,9,149.9,Medium,True,19.89,21.47,41.36,45,1,12,4,5,1,0.9191,-3.64,55.46,1,0,0,0.538
ORD-03192,2024-12-14 12:38:44.624924,Evening,D,Medium,16,9,185.7,Medium,False,14.76,13.6,28.36,45,0,12,4,5,1,0.6302,-16.64,29.71,1,0,1,0.922
ORD-03193,2024-12-14 15:16:01.392278,Night,C,Medium,20,3,165.2,Medium,True,21.27,9.99,31.26,45,1,12,4,5,1,0.6947,-13.74,33.04,0,0,0,1.064
ORD-03194,2024-12-14 17:53:18.159631,Evening,A,Medium,45,1,158.2,Low,True,36.4,27.11,63.51,45,1,12,4,5,1,1.4113,18.51,71.19,0,0,0,0.809
ORD-03195,2024-12-14 20:30:34.926985,Morning,E,Urgent,22,8,185.8,Low,True,18.87,14.0,32.87,28,1,12,4,5,1,1.1739,4.87,40.88,1,0,0,0.858
ORD-03196,2024-12-14 23:07:51.694338,Night,C,Low,13,8,155.6,High,True,11.07,10.92,21.99,55,0,12,4,5,1,0.3998,-33.01,20.23,1,1,0,0.852
ORD-03197,2024-12-15 01:45:08.461692,Morning,E,Medium,42,10,198.1,High,True,25.0,24.3,49.3,45,1,12,4,6,1,1.0956,4.3,83.2,1,1,0,0.595
ORD-03198,2024-12-15 04:22:25.229045,Evening,E,Low,33,5,156.5,Medium,True,27.93,20.72,48.65,55,0,12,4,6,1,0.8845,-6.35,51.64,0,0,0,0.846
ORD-03199,2024-12-15 06:59:41.996399,Evening,A,Medium,39,1,153.3,Medium,True,39.38,19.55,58.93,45,1,12,4,6,1,1.3096,13.93,59.79,0,0,0,1.01
ORD-03200,2024-12-15 09:36:58.763752,Night,B,Medium,17,10,185.7,Medium,False,16.63,13.58,30.21,45,0,12,4,6,1,0.6713,-14.79,31.57,1,0,1,0.978
ORD-03201,2024-12-15 12:14:15.531106,Evening,B,High,40,3,134.1,Medium,False,46.43,25.37,71.8,38,1,12,4,6,1,1.8895,33.8,53.64,0,0,1,1.161
ORD-03202,2024-12-15 14:51:32.298459,Morning,C,Urgent,48,4,106.1,Medium,True,31.23,23.36,54.59,28,1,12,4,6,1,1.9496,26.59,50.93,0,0,0,0.651
ORD-03203,2024-12-15 17:28:49.065813,Evening,A,Medium,9,5,150.2,Low,True,11.18,11.96,23.14,45,0,12,4,6,1,0.5142,-21.86,13.52,0,0,0,1.242
ORD-03204,2024-12-15 20:06:05.833166,Morning,B,Medium,10,10,173.6,Low,True,3.07,10.69,13.76,45,0,12,4,6,1,0.3058,-31.24,17.36,1,0,0,0.307
ORD-03205,2024-12-15 22:43:22.600520,Evening,D,High,29,4,187.0,Low,True,24.77,17.94,42.71,38,0,12,4,6,1,1.1239,4.71,54.23,0,0,0,0.854
ORD-03206,2024-12-16 01:20:39.367873,Evening,A,Medium,37,6,187.2,Low,True,26.04,23.34,49.38,45,1,12,4,0,0,1.0973,4.38,69.26,0,0,0,0.704
ORD-03207,2024-12-16 03:57:56.135227,Night,D,Medium,1,6,147.3,Medium,True,5.9,6.52,12.42,45,0,12,4,0,0,0.276,-32.58,1.47,0,0,0,5.9
ORD-03208,2024-12-16 06:35:12.902580,Morning,C,High,28,10,143.1,Low,True,7.08,16.04,23.12,38,0,12,4,0,0,0.6084,-14.88,40.07,1,0,0,0.253
ORD-03209,2024-12-16 09:12:29.669933,Morning,A,Medium,7,10,126.3,Medium,True,5.96,7.31,13.27,45,0,12,4,0,0,0.2949,-31.73,8.84,1,0,0,0.851
ORD-03210,2024-12-16 11:49:46.437287,Evening,A,Medium,49,7,160.0,High,True,39.22,20.43,59.65,45,1,12,4,0,0,1.3256,14.65,78.4,1,1,0,0.8
ORD-03211,2024-12-16 14:27:03.204640,Morning,A,Low,37,2,84.4,High,True,37.49,19.66,57.15,55,0,12,4,0,0,1.0391,2.15,31.23,0,1,0,1.013
ORD-03212,2024-12-16 17:04:19.971994,Morning,C,Low,50,4,150.9,High,True,52.53,26.22,78.75,55,0,12,4,0,0,1.4318,23.75,75.45,0,1,0,1.051
ORD-03213,2024-12-16 19:41:36.739347,Morning,A,Urgent,11,7,264.0,High,True,18.67,16.52,35.19,28,1,12,4,0,0,1.2568,7.19,29.04,1,1,0,1.697
ORD-03214,2024-12-16 22:18:53.506701,Evening,D,Low,40,9,89.8,Low,True,20.39,22.04,42.43,55,0,12,4,0,0,0.7715,-12.57,35.92,1,0,0,0.51
ORD-03215,2024-12-17 00:56:10.274054,Morning,D,Medium,20,8,156.3,Medium,True,8.79,13.03,21.82,45,0,12,4,1,0,0.4849,-23.18,31.26,1,0,0,0.439
ORD-03216,2024-12-17 03:33:27.041408,Evening,A,Medium,6,5,165.1,Medium,True,9.26,6.89,16.15,45,0,12,4,1,0,0.3589,-28.85,9.91,0,0,0,1.543
ORD-03217,2024-12-17 06:10:43.808761,Night,E,Medium,25,7,170.3,High,False,22.04,18.99,41.03,45,1,12,4,1,0,0.9118,-3.97,42.58,1,1,1,0.882
ORD-03218,2024-12-17 08:48:00.576115,Evening,E,Low,24,4,111.3,Medium,False,23.71,17.25,40.96,55,0,12,4,1,0,0.7447,-14.04,26.71,0,0,1,0.988
ORD-03219,2024-12-17 11:25:17.343468,Morning,A,Low,26,7,170.6,Low,False,13.33,23.9,37.23,55,0,12,4,1,0,0.6769,-17.77,44.36,1,0,1,0.513
ORD-03220,2024-12-17 14:02:34.110822,Morning,E,Medium,43,5,128.6,High,False,42.77,25.12,67.89,45,1,12,4,1,0,1.5087,22.89,55.3,0,1,1,0.995
ORD-03221,2024-12-17 16:39:50.878175,Morning,B,Medium,14,7,92.9,Medium,True,15.84,11.12,26.96,45,0,12,4,1,0,0.5991,-18.04,13.01,1,0,0,1.131
ORD-03222,2024-12-17 19:17:07.645529,Evening,C,High,32,9,188.1,Low,False,17.41,26.7,44.11,38,1,12,4,1,0,1.1608,6.11,60.19,1,0,1,0.544
ORD-03223,2024-12-17 21:54:24.412882,Evening,A,Medium,10,9,176.6,Medium,True,9.71,12.55,22.26,45,0,12,4,1,0,0.4947,-22.74,17.66,1,0,0,0.971
ORD-03224,2024-12-18 00:31:41.180236,Morning,D,Urgent,44,8,111.3,Medium,True,19.54,27.13,46.67,28,1,12,4,2,0,1.6668,18.67,48.97,1,0,0,0.444
ORD-03225,2024-12-18 03:08:57.947589,Morning,D,Medium,23,8,128.2,Medium,True,15.62,12.99,28.61,45,0,12,4,2,0,0.6358,-16.39,29.49,1,0,0,0.679
ORD-03226,2024-12-18 05:46:14.714942,Morning,E,Medium,40,2,126.8,High,True,44.7,20.41,65.11,45,1,12,4,2,0,1.4469,20.11,50.72,0,1,0,1.118
ORD-03227,2024-12-18 08:23:31.482296,Morning,E,Urgent,14,2,84.3,Medium,True,17.64,10.25,27.89,28,1,12,4,2,0,0.9961,-0.11,11.8,0,0,0,1.26
ORD-03228,2024-12-18 11:00:48.249649,Night,A,High,16,9,180.5,High,True,19.0,10.67,29.67,38,1,12,4,2,0,0.7808,-8.33,28.88,1,1,0,1.188
ORD-03229,2024-12-18 13:38:05.017003,Morning,C,Medium,50,6,182.0,Low,False,29.13,31.18,60.31,45,1,12,4,2,0,1.3402,15.31,91.0,0,0,1,0.583
ORD-03230,2024-12-18 16:15:21.784356,Morning,B,Medium,10,5,136.7,Low,True,17.03,10.19,27.22,45,0,12,4,2,0,0.6049,-17.78,13.67,0,0,0,1.703
ORD-03231,2024-12-18 18:52:38.551710,Morning,A,High,29,7,148.9,Low,False,17.29,25.96,43.25,38,1,12,4,2,0,1.1382,5.25,43.18,1,0,1,0.596
ORD-03232,2024-12-18 21:29:55.319063,Morning,A,Low,17,1,154.6,Medium,True,22.9,15.49,38.39,55,0,12,4,2,0,0.698,-16.61,26.28,0,0,0,1.347
ORD-03233,2024-12-19 00:07:12.086417,Morning,E,Medium,20,2,159.8,High,False,27.06,19.07,46.13,45,0,12,4,3,0,1.0251,1.13,31.96,0,1,1,1.353
ORD-03234,2024-12-19 02:44:28.853770,Evening,D,Medium,35,2,96.1,Medium,True,25.86,17.07,42.93,45,0,12,4,3,0,0.954,-2.07,33.64,0,0,0,0.739
ORD-03235,2024-12-19 05:21:45.621124,Morning,A,High,40,6,169.5,Low,False,21.96,25.13,47.09,38,1,12,4,3,0,1.2392,9.09,67.8,0,0,1,0.549
ORD-03236,2024-12-19 07:59:02.388477,Morning,E,Medium,25,1,103.0,Medium,True,29.77,18.0,47.77,45,1,12,4,3,0,1.0616,2.77,25.75,0,0,0,1.191
ORD-03237,2024-12-19 10:36:19.155831,Evening,D,Medium,32,1,177.3,High,True,38.04,19.63,57.67,45,1,12,4,3,0,1.2816,12.67,56.74,0,1,0,1.189
ORD-03238,2024-12-19 13:13:35.923184,Evening,B,Urgent,3,7,107.4,Low,True,8.28,6.77,15.05,28,0,12,4,3,0,0.5375,-12.95,3.22,1,0,0,2.76
ORD-03239,2024-12-19 15:50:52.690538,Morning,C,Low,12,8,98.0,Low,True,7.83,9.49,17.32,55,0,12,4,3,0,0.3149,-37.68,11.76,1,0,0,0.652
ORD-03240,2024-12-19 18:28:09.457891,Night,D,High,38,3,148.9,Medium,True,29.5,18.27,47.77,38,1,12,4,3,0,1.2571,9.77,56.58,0,0,0,0.776
ORD-03241,2024-12-19 21:05:26.225245,Morning,D,Low,34,7,148.0,Medium,True,17.35,22.98,40.33,55,0,12,4,3,0,0.7333,-14.67,50.32,1,0,0,0.51
ORD-03242,2024-12-19 23:42:42.992598,Night,C,High,3,1,154.1,Low,False,5.46,8.5,13.96,38,0,12,4,3,0,0.3674,-24.04,4.62,0,0,1,1.82
ORD-03243,2024-12-20 02:19:59.759951,Night,C,Medium,45,5,114.3,Low,True,26.12,20.9,47.02,45,0,12,4,4,0,1.0449,2.02,51.44,0,0,0,0.58
ORD-03244,2024-12-20 04:57:16.527305,Evening,A,Medium,21,4,158.1,Medium,False,19.72,13.64,33.36,45,0,12,4,4,0,0.7413,-11.64,33.2,0,0,1,0.939
ORD-03245,2024-12-20 07:34:33.294658,Morning,C,Medium,16,4,161.9,Low,True,13.54,13.63,27.17,45,0,12,4,4,0,0.6038,-17.83,25.9,0,0,0,0.846
ORD-03246,2024-12-20 10:11:50.062012,Night,B,High,24,9,196.6,Low,True,18.79,13.09,31.88,38,1,12,4,4,0,0.8389,-6.12,47.18,1,0,0,0.783
ORD-03247,2024-12-20 12:49:06.829365,Morning,B,Medium,20,1,157.4,Low,True,31.99,13.7,45.69,45,1,12,4,4,0,1.0153,0.69,31.48,0,0,0,1.6
ORD-03248,2024-12-20 15:26:23.596719,Morning,B,Low,26,7,126.0,Low,False,23.7,17.82,41.52,55,0,12,4,4,0,0.7549,-13.48,32.76,1,0,1,0.912
ORD-03249,2024-12-20 18:03:40.364072,Evening,C,Low,9,3,96.1,Low,True,9.74,4.85,14.59,55,0,12,4,4,0,0.2653,-40.41,8.65,0,0,0,1.082
ORD-03250,2024-12-20 20:40:57.131426,Evening,B,High,7,5,88.8,Medium,True,11.0,8.22,19.22,38,0,12,4,4,0,0.5058,-18.78,6.22,0,0,0,1.571
ORD-03251,2024-12-20 23:18:13.898779,Night,B,High,50,3,162.9,Low,False,47.53,39.57,87.1,38,1,12,4,4,0,2.2921,49.1,81.45,0,0,1,0.951
ORD-03252,2024-12-21 01:55:30.666133,Evening,A,Medium,38,8,181.7,Medium,True,23.76,23.88,47.64,45,0,12,4,5,1,1.0587,2.64,69.05,1,0,0,0.625
ORD-03253,2024-12-21 04:32:47.433486,Night,E,Medium,19,1,114.4,Medium,False,23.98,21.89,45.87,45,1,12,4,5,1,1.0193,0.87,21.74,0,0,1,1.262
ORD-03254,2024-12-21 07:10:04.200840,Evening,A,High,43,1,160.2,Low,True,34.65,23.51,58.16,38,1,12,4,5,1,1.5305,20.16,68.89,0,0,0,0.806
ORD-03255,2024-12-21 09:47:20.968193,Evening,B,Medium,40,4,143.0,Medium,True,41.74,21.62,63.36,45,1,12,4,5,1,1.408,18.36,57.2,0,0,0,1.044
ORD-03256,2024-12-21 12:24:37.735547,Evening,A,Low,35,9,178.7,Low,True,15.15,20.23,35.38,55,0,12,4,5,1,0.6433,-19.62,62.54,1,0,0,0.433
ORD-03257,2024-12-21 15:01:54.502900,Night,D,Medium,37,1,184.6,High,True,44.32,20.58,64.9,45,1,12,4,5,1,1.4422,19.9,68.3,0,1,0,1.198
ORD-03258,2024-12-21 17:39:11.270254,Night,B,Medium,48,2,59.4,Medium,True,42.26,26.08,68.34,45,1,12,4,5,1,1.5187,23.34,28.51,0,0,0,0.88
ORD-03259,2024-12-21 20:16:28.037607,Night,B,Urgent,42,5,191.3,Low,True,37.28,25.6,62.88,28,1,12,4,5,1,2.2457,34.88,80.35,0,0,0,0.888
ORD-03260,2024-12-21 22:53:44.804960,Night,E,Medium,13,1,160.1,High,True,20.16,9.71,29.87,45,0,12,4,5,1,0.6638,-15.13,20.81,0,1,0,1.551
ORD-03261,2024-12-22 01:31:01.572314,Evening,D,Medium,37,6,128.7,Low,True,20.43,20.06,40.49,45,1,12,4,6,1,0.8998,-4.51,47.62,0,0,0,0.552
ORD-03262,2024-12-22 04:08:18.339667,Morning,C,High,9,4,129.9,Low,True,8.08,11.4,19.48,38,0,12,4,6,1,0.5126,-18.52,11.69,0,0,0,0.898
ORD-03263,2024-12-22 06:45:35.107021,Night,C,Medium,26,7,151.3,Low,True,19.53,17.08,36.61,45,0,12,4,6,1,0.8136,-8.39,39.34,1,0,0,0.751
ORD-03264,2024-12-22 09:22:51.874374,Morning,E,Urgent,4,1,129.9,Medium,True,11.89,2.33,14.22,28,0,12,4,6,1,0.5079,-13.78,5.2,0,0,0,2.972
ORD-03265,2024-12-22 12:00:08.641728,Morning,E,Medium,9,2,112.5,Medium,True,13.64,3.7,17.34,45,0,12,4,6,1,0.3853,-27.66,10.12,0,0,0,1.516
ORD-03266,2024-12-22 14:37:25.409081,Evening,D,Urgent,37,2,121.7,Medium,True,31.08,20.63,51.71,28,1,12,4,6,1,1.8468,23.71,45.03,0,0,0,0.84
ORD-03267,2024-12-22 17:14:42.176435,Evening,D,High,19,8,108.4,High,True,12.12,15.53,27.65,38,0,12,4,6,1,0.7276,-10.35,20.6,1,1,0,0.638
ORD-03268,2024-12-22 19:51:58.943788,Evening,E,High,9,8,203.9,High,True,18.12,4.78,22.9,38,1,12,4,6,1,0.6026,-15.1,18.35,1,1,0,2.013
ORD-03269,2024-12-22 22:29:15.711142,Morning,E,Low,49,2,152.2,Low,False,40.3,32.18,72.48,55,1,12,4,6,1,1.3178,17.48,74.58,0,0,1,0.822
ORD-03270,2024-12-23 01:06:32.478495,Morning,A,High,47,5,240.1,High,False,44.08,36.15,80.23,38,1,12,4,0,0,2.1113,42.23,112.85,0,1,1,0.938
ORD-03271,2024-12-23 03:43:49.245849,Morning,E,High,12,8,164.8,Low,True,7.85,9.56,17.41,38,0,12,4,0,0,0.4582,-20.59,19.78,1,0,0,0.654
ORD-03272,2024-12-23 06:21:06.013202,Morning,D,Medium,30,1,173.6,High,True,35.82,16.76,52.58,45,0,12,4,0,0,1.1684,7.58,52.08,0,1,0,1.194
ORD-03273,2024-12-23 08:58:22.780556,Morning,C,Medium,15,2,107.5,Low,True,13.99,13.35,27.34,45,0,12,4,0,0,0.6076,-17.66,16.12,0,0,0,0.933
ORD-03274,2024-12-23 11:35:39.547909,Evening,B,High,41,7,141.3,Low,False,25.79,27.98,53.77,38,1,12,4,0,0,1.415,15.77,57.93,1,0,1,0.629
ORD-03275,2024-12-23 14:12:56.315263,Morning,B,Urgent,35,6,152.9,Low,True,26.79,20.07,46.86,28,1,12,4,0,0,1.6736,18.86,53.52,0,0,0,0.765
ORD-03276,2024-12-23 16:50:13.082616,Morning,D,High,22,8,124.5,Low,True,9.8,11.58,21.38,38,0,12,4,0,0,0.5626,-16.62,27.39,1,0,0,0.445
ORD-03277,2024-12-23 19:27:29.849969,Morning,C,Medium,47,5,131.4,High,True,40.67,24.05,64.72,45,1,12,4,0,0,1.4382,19.72,61.76,0,1,0,0.865
ORD-03278,2024-12-23 22:04:46.617323,Evening,A,High,37,10,166.8,Low,False,14.78,21.37,36.15,38,0,12,4,0,0,0.9513,-1.85,61.72,1,0,1,0.399
ORD-03279,2024-12-24 00:42:03.384676,Night,C,Low,8,2,167.6,Low,True,14.29,6.79,21.08,55,0,12,4,1,0,0.3833,-33.92,13.41,0,0,0,1.786
ORD-03280,2024-12-24 03:19:20.152030,Morning,A,Medium,23,2,96.5,High,False,25.58,15.53,41.11,45,1,12,4,1,0,0.9136,-3.89,22.2,0,1,1,1.112
ORD-03281,2024-12-24 05:56:36.919383,Morning,C,High,42,7,161.3,Medium,True,28.48,21.56,50.04,38,1,12,4,1,0,1.3168,12.04,67.75,1,0,0,0.678
ORD-03282,2024-12-24 08:33:53.686737,Evening,C,High,27,9,172.1,Medium,True,17.7,14.1,31.8,38,1,12,4,1,0,0.8368,-6.2,46.47,1,0,0,0.656
ORD-03283,2024-12-24 11:11:10.454090,Morning,C,High,5,1,126.4,High,False,13.7,7.04,20.74,38,0,12,4,1,0,0.5458,-17.26,6.32,0,1,1,2.74
ORD-03284,2024-12-24 13:48:27.221444,Night,A,Medium,39,8,122.3,Low,True,19.75,22.22,41.97,45,1,12,4,1,0,0.9327,-3.03,47.7,1,0,0,0.506
ORD-03285,2024-12-24 16:25:43.988797,Night,A,Medium,25,10,167.7,Low,False,4.83,17.93,22.76,45,0,12,4,1,0,0.5058,-22.24,41.92,1,0,1,0.193
ORD-03286,2024-12-24 19:03:00.756151,Evening,B,High,12,6,47.1,Low,True,8.42,11.28,19.7,38,0,12,4,1,0,0.5184,-18.3,5.65,0,0,0,0.702
ORD-03287,2024-12-24 21:40:17.523504,Night,C,Low,41,9,150.1,Low,True,17.3,20.04,37.34,55,0,12,4,1,0,0.6789,-17.66,61.54,1,0,0,0.422
ORD-03288,2024-12-25 00:17:34.290858,Evening,E,Urgent,45,3,215.4,Low,False,37.23,29.42,66.65,28,1,12,4,2,0,2.3804,38.65,96.93,0,0,1,0.827
ORD-03289,2024-12-25 02:54:51.058211,Evening,D,Urgent,30,9,46.1,Medium,True,11.06,18.71,29.77,28,0,12,4,2,0,1.0632,1.77,13.83,1,0,0,0.369
ORD-03290,2024-12-25 05:32:07.825565,Morning,D,Urgent,36,5,182.9,Low,True,24.09,23.75,47.84,28,1,12,4,2,0,1.7086,19.84,65.84,0,0,0,0.669
ORD-03291,2024-12-25 08:09:24.592918,Morning,B,Urgent,13,3,171.8,Medium,True,25.02,10.02,35.04,28,0,12,4,2,0,1.2514,7.04,22.33,0,0,0,1.925
ORD-03292,2024-12-25 10:46:41.360272,Morning,A,Medium,38,2,92.5,Medium,True,27.1,22.16,49.26,45,0,12,4,2,0,1.0947,4.26,35.15,0,0,0,0.713
ORD-03293,2024-12-25 13:23:58.127625,Evening,E,Medium,46,9,170.8,Low,False,22.64,30.03,52.67,45,1,12,4,2,0,1.1704,7.67,78.57,1,0,1,0.492
ORD-03294,2024-12-25 16:01:14.894978,Evening,C,High,12,8,190.1,Medium,True,9.45,7.63,17.08,38,0,12,4,2,0,0.4495,-20.92,22.81,1,0,0,0.788
ORD-03295,2024-12-25 18:38:31.662332,Morning,A,Medium,48,8,102.9,Low,True,21.94,21.93,43.87,45,0,12,4,2,0,0.9749,-1.13,49.39,1,0,0,0.457
ORD-03296,2024-12-25 21:15:48.429685,Evening,C,High,5,8,121.7,Medium,True,5.71,3.96,9.67,38,0,12,4,2,0,0.2545,-28.33,6.09,1,0,0,1.142
ORD-03297,2024-12-25 23:53:05.197039,Morning,D,Medium,23,3,151.0,Low,True,16.02,11.68,27.7,45,0,12,4,2,0,0.6156,-17.3,34.73,0,0,0,0.697
ORD-03298,2024-12-26 02:30:21.964392,Morning,B,High,4,2,189.1,High,True,17.64,9.85,27.49,38,0,12,4,3,0,0.7234,-10.51,7.56,0,1,0,4.41
ORD-03299,2024-12-26 05:07:38.731746,Morning,A,Medium,23,7,128.4,Medium,True,15.68,16.12,31.8,45,0,12,4,3,0,0.7067,-13.2,29.53,1,0,0,0.682
ORD-03300,2024-12-26 07:44:55.499099,Evening,C,High,33,3,148.3,Medium,True,27.08,21.62,48.7,38,0,12,4,3,0,1.2816,10.7,48.94,0,0,0,0.821
ORD-03301,2024-12-26 10:22:12.266453,Evening,A,Medium,44,7,123.4,Low,False,18.0,29.29,47.29,45,0,12,4,3,0,1.0509,2.29,54.3,1,0,1,0.409
ORD-03302,2024-12-26 12:59:29.033806,Evening,B,High,8,10,151.0,Low,True,8.8,7.07,15.87,38,0,12,4,3,0,0.4176,-22.13,12.08,1,0,0,1.1
ORD-03303,2024-12-26 15:36:45.801160,Morning,D,Urgent,45,8,191.9,Low,False,23.67,30.84,54.51,28,1,12,4,3,0,1.9468,26.51,86.36,1,0,1,0.526
ORD-03304,2024-12-26 18:14:02.568513,Evening,E,Medium,50,5,154.2,Medium,True,39.06,23.2,62.26,45,1,12,4,3,0,1.3836,17.26,77.1,0,0,0,0.781
ORD-03305,2024-12-26 20:51:19.335867,Night,B,Medium,4,10,135.7,Medium,False,3.74,9.12,12.86,45,0,12,4,3,0,0.2858,-32.14,5.43,1,0,1,0.935
ORD-03306,2024-12-26 23:28:36.103220,Morning,A,Low,49,6,148.7,High,True,38.23,26.68,64.91,55,1,12,4,3,0,1.1802,9.91,72.86,0,1,0,0.78
ORD-03307,2024-12-27 02:05:52.870574,Evening,C,Medium,46,5,118.0,Low,True,29.06,25.39,54.45,45,1,12,4,4,0,1.21,9.45,54.28,0,0,0,0.632
ORD-03308,2024-12-27 04:43:09.637927,Morning,B,High,2,10,110.2,High,True,6.23,8.17,14.4,38,0,12,4,4,0,0.3789,-23.6,2.2,1,1,0,3.115
ORD-03309,2024-12-27 07:20:26.405281,Morning,E,High,4,4,198.1,High,False,17.17,6.72,23.89,38,0,12,4,4,0,0.6287,-14.11,7.92,0,1,1,4.292
ORD-03310,2024-12-27 09:57:43.172634,Evening,D,Low,37,3,215.5,Low,False,26.75,24.82,51.57,55,1,12,4,4,0,0.9376,-3.43,79.74,0,0,1,0.723
ORD-03311,2024-12-27 12:34:59.939987,Morning,B,Low,21,2,78.3,Low,True,20.09,15.59,35.68,55,0,12,4,4,0,0.6487,-19.32,16.44,0,0,0,0.957
ORD-03312,2024-12-27 15:12:16.707341,Evening,D,Urgent,14,7,173.3,Medium,False,11.1,15.1,26.2,28,0,12,4,4,0,0.9357,-1.8,24.26,1,0,1,0.793
ORD-03313,2024-12-27 17:49:33.474694,Night,B,High,21,6,184.4,Low,False,22.8,17.32,40.12,38,1,12,4,4,0,1.0558,2.12,38.72,0,0,1,1.086
ORD-03314,2024-12-27 20:26:50.242048,Morning,C,Low,18,8,101.5,Low,True,11.87,11.45,23.32,55,0,12,4,4,0,0.424,-31.68,18.27,1,0,0,0.659
ORD-03315,2024-12-27 23:04:07.009401,Morning,E,Low,49,2,131.1,Medium,True,42.69,27.41,70.1,55,1,12,4,4,0,1.2745,15.1,64.24,0,0,0,0.871
ORD-03316,2024-12-28 01:41:23.776755,Night,A,Low,13,4,126.9,Medium,True,15.8,12.12,27.92,55,0,12,4,5,1,0.5076,-27.08,16.5,0,0,0,1.215
ORD-03317,2024-12-28 04:18:40.544108,Evening,B,High,5,2,226.0,Low,True,14.67,6.23,20.9,38,0,12,4,5,1,0.55,-17.1,11.3,0,0,0,2.934
ORD-03318,2024-12-28 06:55:57.311462,Night,E,High,42,4,216.1,High,True,47.43,22.78,70.21,38,1,12,4,5,1,1.8476,32.21,90.76,0,1,0,1.129
ORD-03319,2024-12-28 09:33:14.078815,Morning,C,High,42,10,113.2,Low,True,12.82,23.93,36.75,38,0,12,4,5,1,0.9671,-1.25,47.54,1,0,0,0.305
ORD-03320,2024-12-28 12:10:30.846169,Evening,B,High,45,9,91.6,Low,True,20.86,23.68,44.54,38,1,12,4,5,1,1.1721,6.54,41.22,1,0,0,0.464
ORD-03321,2024-12-28 14:47:47.613522,Night,A,High,49,5,180.9,Low,True,26.49,23.22,49.71,38,1,12,4,5,1,1.3082,11.71,88.64,0,0,0,0.541
ORD-03322,2024-12-28 17:25:04.380876,Morning,B,Medium,3,1,171.8,High,True,18.7,11.92,30.62,45,0,12,4,5,1,0.6804,-14.38,5.15,0,1,0,6.233
ORD-03323,2024-12-28 20:02:21.148229,Night,C,Medium,39,10,199.8,High,True,26.97,24.09,51.06,45,1,12,4,5,1,1.1347,6.06,77.92,1,1,0,0.692
ORD-03324,2024-12-28 22:39:37.915583,Evening,B,Medium,14,2,107.6,Low,True,17.37,16.07,33.44,45,1,12,4,5,1,0.7431,-11.56,15.06,0,0,0,1.241
ORD-03325,2024-12-29 01:16:54.682936,Night,B,Urgent,22,2,178.9,Medium,True,31.86,15.23,47.09,28,1,12,4,6,1,1.6818,19.09,39.36,0,0,0,1.448
ORD-03326,2024-12-29 03:54:11.450290,Morning,B,Medium,23,5,120.7,Low,True,20.39,11.31,31.7,45,0,12,4,6,1,0.7044,-13.3,27.76,0,0,0,0.887
ORD-03327,2024-12-29 06:31:28.217643,Evening,C,Medium,50,10,174.9,Low,False,15.2,34.85,50.05,45,0,12,4,6,1,1.1122,5.05,87.45,1,0,1,0.304
ORD-03328,2024-12-29 09:08:44.984996,Morning,E,High,27,8,148.5,Low,True,17.31,19.28,36.59,38,0,12,4,6,1,0.9629,-1.41,40.1,1,0,0,0.641
ORD-03329,2024-12-29 11:46:01.752350,Night,C,Low,12,4,226.0,High,True,17.85,11.62,29.47,55,0,12,4,6,1,0.5358,-25.53,27.12,0,1,0,1.488
ORD-03330,2024-12-29 14:23:18.519703,Morning,C,Medium,5,5,167.9,Low,True,7.54,5.61,13.15,45,0,12,4,6,1,0.2922,-31.85,8.4,0,0,0,1.508
ORD-03331,2024-12-29 17:00:35.287057,Morning,D,High,30,1,137.4,Medium,True,27.68,15.95,43.63,38,1,12,4,6,1,1.1482,5.63,41.22,0,0,0,0.923
ORD-03332,2024-12-29 19:37:52.054410,Night,A,Urgent,42,3,155.5,Low,True,30.42,21.51,51.93,28,1,12,4,6,1,1.8546,23.93,65.31,0,0,0,0.724
ORD-03333,2024-12-29 22:15:08.821764,Morning,B,Low,36,7,146.0,High,True,38.31,24.08,62.39,55,1,12,4,6,1,1.1344,7.39,52.56,1,1,0,1.064
ORD-03334,2024-12-30 00:52:25.589117,Evening,A,Medium,47,5,103.8,High,True,37.53,27.56,65.09,45,1,12,4,0,0,1.4464,20.09,48.79,0,1,0,0.799
ORD-03335,2024-12-30 03:29:42.356471,Morning,B,Urgent,3,10,227.0,Low,True,12.52,6.78,19.3,28,0,12,4,0,0,0.6893,-8.7,6.81,1,0,0,4.173
ORD-03336,2024-12-30 06:06:59.123824,Evening,E,High,21,5,213.9,Medium,True,28.55,14.07,42.62,38,1,12,4,0,0,1.1216,4.62,44.92,0,0,0,1.36
ORD-03337,2024-12-30 08:44:15.891178,Morning,B,High,31,9,142.9,Medium,True,22.8,12.99,35.79,38,0,12,4,0,0,0.9418,-2.21,44.3,1,0,0,0.735
ORD-03338,2024-12-30 11:21:32.658531,Evening,E,Medium,43,8,178.0,High,False,33.57,29.92,63.49,45,1,12,4,0,0,1.4109,18.49,76.54,1,1,1,0.781
ORD-03339,2024-12-30 13:58:49.425885,Evening,A,Low,16,6,232.1,Medium,True,17.67,9.68,27.35,55,0,12,4,0,0,0.4973,-27.65,37.14,0,0,0,1.104
ORD-03340,2024-12-30 16:36:06.193238,Morning,C,Medium,34,9,199.5,Low,True,16.19,20.13,36.32,45,0,12,4,0,0,0.8071,-8.68,67.83,1,0,0,0.476
ORD-03341,2024-12-30 19:13:22.960592,Morning,B,Medium,11,9,137.7,Low,False,11.05,11.38,22.43,45,0,12,4,0,0,0.4984,-22.57,15.15,1,0,1,1.005
ORD-03342,2024-12-30 21:50:39.727945,Morning,A,High,30,4,146.5,Medium,True,28.08,19.49,47.57,38,1,12,4,0,0,1.2518,9.57,43.95,0,0,0,0.936
ORD-03343,2024-12-31 00:27:56.495299,Evening,B,High,39,3,81.3,Medium,True,32.66,21.34,54.0,38,1,12,4,1,0,1.4211,16.0,31.71,0,0,0,0.837
ORD-03344,2024-12-31 03:05:13.262652,Morning,C,High,41,8,181.0,Low,True,21.17,22.29,43.46,38,1,12,4,1,0,1.1437,5.46,74.21,1,0,0,0.516
ORD-03345,2024-12-31 05:42:30.030006,Morning,C,Low,23,1,199.7,High,False,39.93,20.63,60.56,55,1,12,4,1,0,1.1011,5.56,45.93,0,1,1,1.736
ORD-03346,2024-12-31 08:19:46.797359,Morning,D,Medium,24,8,200.0,High,True,21.52,11.75,33.27,45,1,12,4,1,0,0.7393,-11.73,48.0,1,1,0,0.897
ORD-03347,2024-12-31 10:57:03.564712,Evening,E,High,45,5,178.0,Medium,True,37.28,19.31,56.59,38,1,12,4,1,0,1.4892,18.59,80.1,0,0,0,0.828
ORD-03348,2024-12-31 13:34:20.332066,Evening,C,Low,28,8,164.1,Medium,True,14.93,14.53,29.46,55,0,12,4,1,0,0.5356,-25.54,45.95,1,0,0,0.533
ORD-03349,2024-12-31 16:11:37.099419,Evening,E,Low,18,2,110.1,Medium,True,21.74,14.24,35.98,55,0,12,4,1,0,0.6542,-19.02,19.82,0,0,0,1.208
ORD-03350,2024-12-31 18:48:53.866773,Night,A,Medium,14,6,162.8,Medium,True,16.62,16.05,32.67,45,0,12,4,1,0,0.726,-12.33,22.79,0,0,0,1.187
ORD-03351,2024-12-31 21:26:10.634126,Evening,B,Low,36,6,124.7,Low,True,27.64,22.29,49.93,55,0,12,4,1,0,0.9078,-5.07,44.89,0,0,0,0.768
ORD-03352,2025-01-01 00:03:27.401480,Night,B,Low,36,1,171.0,Low,False,39.06,24.75,63.81,55,1,1,1,2,0,1.1602,8.81,61.56,0,0,1,1.085
ORD-03353,2025-01-01 02:40:44.168833,Evening,C,Medium,27,6,119.4,Low,True,17.92,18.05,35.97,45,0,1,1,2,0,0.7993,-9.03,32.24,0,0,0,0.664
ORD-03354,2025-01-01 05:18:00.936187,Morning,C,High,8,7,170.8,High,True,10.95,5.53,16.48,38,0,1,1,2,0,0.4337,-21.52,13.66,1,1,0,1.369
ORD-03355,2025-01-01 07:55:17.703540,Night,C,Low,9,5,202.9,Low,True,9.77,11.42,21.19,55,0,1,1,2,0,0.3853,-33.81,18.26,0,0,0,1.086
ORD-03356,2025-01-01 10:32:34.470894,Night,E,Medium,13,7,165.1,Low,True,13.78,13.49,27.27,45,0,1,1,2,0,0.606,-17.73,21.46,1,0,0,1.06
ORD-03357,2025-01-01 13:09:51.238247,Evening,B,Medium,1,4,163.1,Medium,True,14.36,6.56,20.92,45,0,1,1,2,0,0.4649,-24.08,1.63,0,0,0,14.36
ORD-03358,2025-01-01 15:47:08.005601,Morning,D,Medium,24,7,186.5,High,True,19.93,11.62,31.55,45,0,1,1,2,0,0.7011,-13.45,44.76,1,1,0,0.83
ORD-03359,2025-01-01 18:24:24.772954,Morning,C,Medium,21,3,220.8,Medium,True,23.12,13.34,36.46,45,0,1,1,2,0,0.8102,-8.54,46.37,0,0,0,1.101
ORD-03360,2025-01-01 21:01:41.540308,Evening,C,Low,20,3,145.7,Low,True,15.8,18.29,34.09,55,0,1,1,2,0,0.6198,-20.91,29.14,0,0,0,0.79
ORD-03361,2025-01-01 23:38:58.307661,Evening,B,Low,47,1,170.8,Medium,False,59.02,29.78,88.8,55,1,1,1,2,0,1.6145,33.8,80.28,0,0,1,1.256
ORD-03362,2025-01-02 02:16:15.075015,Evening,B,Medium,12,1,210.4,Low,True,21.01,9.61,30.62,45,0,1,1,3,0,0.6804,-14.38,25.25,0,0,0,1.751
ORD-03363,2025-01-02 04:53:31.842368,Morning,B,Urgent,41,2,176.8,Medium,True,53.52,22.5,76.02,28,1,1,1,3,0,2.715,48.02,72.49,0,0,0,1.305
ORD-03364,2025-01-02 07:30:48.609721,Evening,D,Medium,10,2,69.9,Medium,True,8.89,6.49,15.38,45,0,1,1,3,0,0.3418,-29.62,6.99,0,0,0,0.889
ORD-03365,2025-01-02 10:08:05.377075,Morning,C,Medium,31,8,121.4,Medium,True,19.6,18.95,38.55,45,1,1,1,3,0,0.8567,-6.45,37.63,1,0,0,0.632
ORD-03366,2025-01-02 12:45:22.144428,Morning,A,Urgent,44,3,180.0,Medium,True,35.27,17.42,52.69,28,1,1,1,3,0,1.8818,24.69,79.2,0,0,0,0.802
ORD-03367,2025-01-02 15:22:38.911782,Morning,D,High,42,4,134.0,Low,True,26.71,21.06,47.77,38,1,1,1,3,0,1.2571,9.77,56.28,0,0,0,0.636
ORD-03368,2025-01-02 17:59:55.679135,Night,C,High,30,2,207.6,Medium,True,34.87,18.95,53.82,38,1,1,1,3,0,1.4163,15.82,62.28,0,0,0,1.162
ORD-03369,2025-01-02 20:37:12.446489,Evening,E,Medium,11,5,224.3,High,True,17.91,12.33,30.24,45,0,1,1,3,0,0.672,-14.76,24.67,0,1,0,1.628
ORD-03370,2025-01-02 23:14:29.213842,Night,C,Urgent,19,3,126.4,Medium,False,17.82,17.44,35.26,28,1,1,1,3,0,1.2593,7.26,24.02,0,0,1,0.938
ORD-03371,2025-01-03 01:51:45.981196,Evening,C,Medium,22,4,108.7,High,True,23.25,14.03,37.28,45,0,1,1,4,0,0.8284,-7.72,23.91,0,1,0,1.057
ORD-03372,2025-01-03 04:29:02.748549,Night,C,High,43,1,135.6,Medium,True,39.05,24.72,63.77,38,1,1,1,4,0,1.6782,25.77,58.31,0,0,0,0.908
ORD-03373,2025-01-03 07:06:19.515903,Evening,D,High,19,6,133.2,Medium,True,16.8,12.7,29.5,38,0,1,1,4,0,0.7763,-8.5,25.31,0,0,0,0.884
ORD-03374,2025-01-03 09:43:36.283256,Night,B,Medium,42,3,211.4,Low,True,41.43,18.09,59.52,45,1,1,1,4,0,1.3227,14.52,88.79,0,0,0,0.986
ORD-03375,2025-01-03 12:20:53.050610,Night,A,Urgent,48,7,108.6,High,False,34.88,36.48,71.36,28,1,1,1,4,0,2.5486,43.36,52.13,1,1,1,0.727
ORD-03376,2025-01-03 14:58:09.817963,Evening,E,Urgent,6,10,179.7,Low,True,8.13,9.34,17.47,28,0,1,1,4,0,0.6239,-10.53,10.78,1,0,0,1.355
ORD-03377,2025-01-03 17:35:26.585317,Morning,D,Medium,47,5,205.5,Low,False,28.16,31.72,59.88,45,1,1,1,4,0,1.3307,14.88,96.58,0,0,1,0.599
ORD-03378,2025-01-03 20:12:43.352670,Evening,C,Medium,29,6,182.8,Low,True,22.02,17.35,39.37,45,0,1,1,4,0,0.8749,-5.63,53.01,0,0,0,0.759
ORD-03379,2025-01-03 22:50:00.120024,Morning,C,High,31,9,167.5,Medium,True,14.72,19.66,34.38,38,1,1,1,4,0,0.9047,-3.62,51.92,1,0,0,0.475
ORD-03380,2025-01-04 01:27:16.887377,Morning,D,Medium,16,4,143.5,Medium,True,15.52,12.54,28.06,45,0,1,1,5,1,0.6236,-16.94,22.96,0,0,0,0.97
ORD-03381,2025-01-04 04:04:33.654730,Evening,A,Medium,17,2,224.0,Medium,True,21.91,11.98,33.89,45,0,1,1,5,1,0.7531,-11.11,38.08,0,0,0,1.289
ORD-03382,2025-01-04 06:41:50.422084,Night,B,Low,28,8,140.2,Low,True,19.38,20.15,39.53,55,0,1,1,5,1,0.7187,-15.47,39.26,1,0,0,0.692
ORD-03383,2025-01-04 09:19:07.189437,Morning,A,High,10,7,187.9,Medium,True,10.94,5.62,16.56,38,0,1,1,5,1,0.4358,-21.44,18.79,1,0,0,1.094
ORD-03384,2025-01-04 11:56:23.956791,Morning,A,Urgent,36,5,143.7,Low,True,22.54,17.0,39.54,28,1,1,1,5,1,1.4121,11.54,51.73,0,0,0,0.626
ORD-03385,2025-01-04 14:33:40.724144,Night,A,Low,34,4,76.3,Medium,True,23.84,17.02,40.86,55,0,1,1,5,1,0.7429,-14.14,25.94,0,0,0,0.701
ORD-03386,2025-01-04 17:10:57.491498,Morning,D,High,1,1,139.2,Low,True,7.53,6.4,13.93,38,0,1,1,5,1,0.3666,-24.07,1.39,0,0,0,7.53
ORD-03387,2025-01-04 19:48:14.258851,Morning,A,High,11,6,143.7,Low,False,10.4,16.35,26.75,38,0,1,1,5,1,0.7039,-11.25,15.81,0,0,1,0.945
ORD-03388,2025-01-04 22:25:31.026205,Evening,D,Low,26,6,144.3,Low,False,17.09,17.33,34.42,55,1,1,1,5,1,0.6258,-20.58,37.52,0,0,1,0.657
ORD-03389,2025-01-05 01:02:47.793558,Night,E,Medium,38,6,123.6,Low,True,19.88,19.41,39.29,45,0,1,1,6,1,0.8731,-5.71,46.97,0,0,0,0.523
ORD-03390,2025-01-05 03:40:04.560912,Evening,A,Medium,15,4,175.0,Medium,True,18.73,9.28,28.01,45,0,1,1,6,1,0.6224,-16.99,26.25,0,0,0,1.249
ORD-03391,2025-01-05 06:17:21.328265,Evening,D,High,45,2,179.5,High,True,43.02,23.32,66.34,38,1,1,1,6,1,1.7458,28.34,80.77,0,1,0,0.956
ORD-03392,2025-01-05 08:54:38.095619,Morning,C,Medium,27,6,137.8,Medium,False,13.68,20.87,34.55,45,0,1,1,6,1,0.7678,-10.45,37.21,0,0,1,0.507
ORD-03393,2025-01-05 11:31:54.862972,Morning,E,Low,27,7,137.4,Low,True,21.85,12.06,33.91,55,0,1,1,6,1,0.6165,-21.09,37.1,1,0,0,0.809
ORD-03394,2025-01-05 14:09:11.630326,Night,C,Medium,6,2,108.0,Low,False,6.58,8.61,15.19,45,0,1,1,6,1,0.3376,-29.81,6.48,0,0,1,1.097
ORD-03395,2025-01-05 16:46:28.397679,Night,B,Medium,32,2,160.2,Medium,False,39.82,21.54,61.36,45,1,1,1,6,1,1.3636,16.36,51.26,0,0,1,1.244
ORD-03396,2025-01-05 19:23:45.165033,Morning,B,Low,41,5,205.1,Medium,True,38.53,21.65,60.18,55,0,1,1,6,1,1.0942,5.18,84.09,0,0,0,0.94
ORD-03397,2025-01-05 22:01:01.932386,Morning,E,High,11,1,205.1,Medium,True,20.74,10.95,31.69,38,0,1,1,6,1,0.8339,-6.31,22.56,0,0,0,1.885
ORD-03398,2025-01-06 00:38:18.699739,Morning,A,Low,28,2,126.0,Medium,True,26.26,11.99,38.25,55,0,1,1,0,0,0.6955,-16.75,35.28,0,0,0,0.938
ORD-03399,2025-01-06 03:15:35.467093,Morning,D,High,1,7,229.6,Low,True,8.26,7.99,16.25,38,0,1,1,0,0,0.4276,-21.75,2.3,1,0,0,8.26
ORD-03400,2025-01-06 05:52:52.234446,Morning,A,High,11,3,135.5,High,False,14.22,9.55,23.77,38,0,1,1,0,0,0.6255,-14.23,14.9,0,1,1,1.293
ORD-03401,2025-01-06 08:30:09.001800,Morning,C,High,4,5,109.4,Low,True,5.32,6.02,11.34,38,1,1,1,0,0,0.2984,-26.66,4.38,0,0,0,1.33
ORD-03402,2025-01-06 11:07:25.769153,Night,C,Low,39,7,95.5,Medium,False,24.19,24.85,49.04,55,0,1,1,0,0,0.8916,-5.96,37.24,1,0,1,0.62
ORD-03403,2025-01-06 13:44:42.536507,Morning,A,High,50,2,106.9,Low,True,33.98,20.46,54.44,38,1,1,1,0,0,1.4326,16.44,53.45,0,0,0,0.68
ORD-03404,2025-01-06 16:21:59.303860,Evening,A,High,2,3,163.3,Low,False,8.65,5.2,13.85,38,0,1,1,0,0,0.3645,-24.15,3.27,0,0,1,4.325
ORD-03405,2025-01-06 18:59:16.071214,Evening,B,Medium,36,3,139.7,Low,False,36.2,24.9,61.1,45,1,1,1,0,0,1.3578,16.1,50.29,0,0,1,1.006
ORD-03406,2025-01-06 21:36:32.838567,Night,D,Low,30,5,124.7,Medium,True,20.86,17.43,38.29,55,0,1,1,0,0,0.6962,-16.71,37.41,0,0,0,0.695
ORD-03407,2025-01-07 00:13:49.605921,Night,D,Low,36,6,116.1,Low,True,22.28,18.53,40.81,55,1,1,1,1,0,0.742,-14.19,41.8,0,0,0,0.619
ORD-03408,2025-01-07 02:51:06.373274,Morning,A,High,26,1,106.6,High,True,29.62,11.77,41.39,38,0,1,1,1,0,1.0892,3.39,27.72,0,1,0,1.139
ORD-03409,2025-01-07 05:28:23.140628,Morning,C,Medium,50,5,114.4,Low,True,30.91,21.56,52.47,45,1,1,1,1,0,1.166,7.47,57.2,0,0,0,0.618
ORD-03410,2025-01-07 08:05:39.907981,Evening,A,Urgent,2,7,190.6,Low,True,8.98,5.96,14.94,28,0,1,1,1,0,0.5336,-13.06,3.81,1,0,0,4.49
ORD-03411,2025-01-07 10:42:56.675335,Morning,D,High,8,9,222.1,Medium,True,5.81,7.85,13.66,38,0,1,1,1,0,0.3595,-24.34,17.77,1,0,0,0.726
ORD-03412,2025-01-07 13:20:13.442688,Morning,D,High,13,6,224.6,Low,True,14.16,13.01,27.17,38,0,1,1,1,0,0.715,-10.83,29.2,0,0,0,1.089
ORD-03413,2025-01-07 15:57:30.210042,Morning,E,Urgent,40,7,177.5,Low,True,22.51,23.32,45.83,28,1,1,1,1,0,1.6368,17.83,71.0,1,0,0,0.563
ORD-03414,2025-01-07 18:34:46.977395,Night,E,High,4,9,130.3,Low,False,3.0,8.64,11.64,38,0,1,1,1,0,0.3063,-26.36,5.21,1,0,1,0.75
ORD-03415,2025-01-07 21:12:03.744748,Morning,B,Low,7,8,123.3,Medium,True,9.03,10.12,19.15,55,0,1,1,1,0,0.3482,-35.85,8.63,1,0,0,1.29
ORD-03416,2025-01-07 23:49:20.512102,Evening,B,Low,37,6,180.2,Low,True,30.83,19.25,50.08,55,1,1,1,1,0,0.9105,-4.92,66.67,0,0,0,0.833
ORD-03417,2025-01-08 02:26:37.279455,Evening,E,High,21,6,140.1,Medium,True,14.47,12.35,26.82,38,0,1,1,2,0,0.7058,-11.18,29.42,0,0,0,0.689
ORD-03418,2025-01-08 05:03:54.046809,Evening,A,Medium,36,10,166.5,Medium,True,17.72,15.82,33.54,45,0,1,1,2,0,0.7453,-11.46,59.94,1,0,0,0.492
ORD-03419,2025-01-08 07:41:10.814162,Morning,A,Urgent,19,8,227.2,High,True,19.62,11.14,30.76,28,1,1,1,2,0,1.0986,2.76,43.17,1,1,0,1.033
ORD-03420,2025-01-08 10:18:27.581516,Night,B,Low,5,3,158.7,Low,True,15.72,8.54,24.26,55,0,1,1,2,0,0.4411,-30.74,7.94,0,0,0,3.144
ORD-03421,2025-01-08 12:55:44.348869,Evening,D,Low,30,5,241.1,Medium,True,24.62,17.93,42.55,55,0,1,1,2,0,0.7736,-12.45,72.33,0,0,0,0.821
ORD-03422,2025-01-08 15:33:01.116223,Evening,D,High,6,8,104.9,Low,True,8.11,11.91,20.02,38,0,1,1,2,0,0.5268,-17.98,6.29,1,0,0,1.352
ORD-03423,2025-01-08 18:10:17.883576,Morning,E,High,24,6,167.9,Medium,True,22.34,16.63,38.97,38,1,1,1,2,0,1.0255,0.97,40.3,0,0,0,0.931
ORD-03424,2025-01-08 20:47:34.650930,Night,B,High,45,5,162.5,Low,True,36.8,21.2,58.0,38,1,1,1,2,0,1.5263,20.0,73.12,0,0,0,0.818
ORD-03425,2025-01-08 23:24:51.418283,Night,B,Low,10,7,110.6,Medium,True,15.43,13.61,29.04,55,0,1,1,2,0,0.528,-25.96,11.06,1,0,0,1.543
ORD-03426,2025-01-09 02:02:08.185637,Morning,B,Medium,11,4,182.1,Low,True,22.47,6.33,28.8,45,0,1,1,3,0,0.64,-16.2,20.03,0,0,0,2.043
ORD-03427,2025-01-09 04:39:24.952990,Morning,D,High,48,7,211.2,Low,True,24.4,28.06,52.46,38,1,1,1,3,0,1.3805,14.46,101.38,1,0,0,0.508
ORD-03428,2025-01-09 07:16:41.720344,Morning,A,Urgent,16,8,238.1,Low,True,11.29,8.97,20.26,28,0,1,1,3,0,0.7236,-7.74,38.1,1,0,0,0.706
ORD-03429,2025-01-09 09:53:58.487697,Morning,E,Medium,19,9,166.5,Low,True,13.13,16.19,29.32,45,1,1,1,3,0,0.6516,-15.68,31.64,1,0,0,0.691
ORD-03430,2025-01-09 12:31:15.255051,Morning,C,High,35,10,74.0,Low,False,9.41,20.24,29.65,38,0,1,1,3,0,0.7803,-8.35,25.9,1,0,1,0.269
ORD-03431,2025-01-09 15:08:32.022404,Morning,D,Low,7,8,169.1,Medium,True,5.42,8.14,13.56,55,0,1,1,3,0,0.2465,-41.44,11.84,1,0,0,0.774
ORD-03432,2025-01-09 17:45:48.789757,Morning,D,High,4,8,179.7,Low,False,9.88,11.27,21.15,38,0,1,1,3,0,0.5566,-16.85,7.19,1,0,1,2.47
ORD-03433,2025-01-09 20:23:05.557111,Night,C,Low,43,8,140.6,Medium,True,26.29,20.15,46.44,55,0,1,1,3,0,0.8444,-8.56,60.46,1,0,0,0.611
ORD-03434,2025-01-09 23:00:22.324464,Night,D,Urgent,48,4,158.6,Low,True,26.93,22.2,49.13,28,1,1,1,3,0,1.7546,21.13,76.13,0,0,0,0.561
ORD-03435,2025-01-10 01:37:39.091818,Night,B,Low,50,10,130.7,Low,False,32.5,36.4,68.9,55,1,1,1,4,0,1.2527,13.9,65.35,1,0,1,0.65
ORD-03436,2025-01-10 04:14:55.859171,Evening,D,High,2,6,144.7,Low,True,3.0,4.5,7.5,38,0,1,1,4,0,0.1974,-30.5,2.89,0,0,0,1.5
ORD-03437,2025-01-10 06:52:12.626525,Evening,D,High,27,9,190.7,Medium,True,17.58,12.94,30.52,38,0,1,1,4,0,0.8032,-7.48,51.49,1,0,0,0.651
ORD-03438,2025-01-10 09:29:29.393878,Morning,C,Medium,43,3,205.6,Medium,True,37.74,22.1,59.84,45,1,1,1,4,0,1.3298,14.84,88.41,0,0,0,0.878
ORD-03439,2025-01-10 12:06:46.161232,Evening,A,Medium,43,4,99.2,Medium,False,34.7,32.06,66.76,45,1,1,1,4,0,1.4836,21.76,42.66,0,0,1,0.807
ORD-03440,2025-01-10 14:44:02.928585,Morning,E,Medium,19,7,129.5,Low,True,11.78,10.67,22.45,45,0,1,1,4,0,0.4989,-22.55,24.6,1,0,0,0.62
ORD-03441,2025-01-10 17:21:19.695939,Evening,E,High,25,6,86.5,Medium,True,17.4,16.84,34.24,38,1,1,1,4,0,0.9011,-3.76,21.62,0,0,0,0.696
ORD-03442,2025-01-10 19:58:36.463292,Night,C,High,8,5,223.5,Medium,True,10.87,8.83,19.7,38,0,1,1,4,0,0.5184,-18.3,17.88,0,0,0,1.359
ORD-03443,2025-01-10 22:35:53.230646,Night,E,Medium,7,3,184.8,High,True,24.26,7.12,31.38,45,0,1,1,4,0,0.6973,-13.62,12.94,0,1,0,3.466
ORD-03444,2025-01-11 01:13:09.997999,Morning,C,Low,19,3,70.0,Medium,True,14.86,13.94,28.8,55,0,1,1,5,1,0.5236,-26.2,13.3,0,0,0,0.782
ORD-03445,2025-01-11 03:50:26.765353,Evening,B,Urgent,12,8,147.4,Low,True,13.22,7.84,21.06,28,0,1,1,5,1,0.7521,-6.94,17.69,1,0,0,1.102
ORD-03446,2025-01-11 06:27:43.532706,Morning,C,Low,49,1,138.7,High,True,55.33,24.47,79.8,55,1,1,1,5,1,1.4509,24.8,67.96,0,1,0,1.129
ORD-03447,2025-01-11 09:05:00.300060,Morning,A,Medium,5,2,119.8,Low,True,7.11,6.84,13.95,45,0,1,1,5,1,0.31,-31.05,5.99,0,0,0,1.422
ORD-03448,2025-01-11 11:42:17.067413,Morning,C,Urgent,27,10,191.5,High,True,14.05,14.66,28.71,28,1,1,1,5,1,1.0254,0.71,51.7,1,1,0,0.52
ORD-03449,2025-01-11 14:19:33.834766,Morning,C,Urgent,28,10,190.5,Low,True,13.25,12.6,25.85,28,0,1,1,5,1,0.9232,-2.15,53.34,1,0,0,0.473
ORD-03450,2025-01-11 16:56:50.602120,Evening,A,Low,3,1,160.8,Medium,True,10.93,2.0,12.93,55,0,1,1,5,1,0.2351,-42.07,4.82,0,0,0,3.643
ORD-03451,2025-01-11 19:34:07.369473,Morning,B,Medium,23,2,124.3,Medium,True,30.91,10.3,41.21,45,0,1,1,5,1,0.9158,-3.79,28.59,0,0,0,1.344
ORD-03452,2025-01-11 22:11:24.136827,Morning,D,High,48,4,124.7,Low,True,33.1,24.65,57.75,38,1,1,1,5,1,1.5197,19.75,59.86,0,0,0,0.69
ORD-03453,2025-01-12 00:48:40.904180,Night,D,Medium,6,6,151.8,Medium,False,10.67,5.09,15.76,45,0,1,1,6,1,0.3502,-29.24,9.11,0,0,1,1.778
ORD-03454,2025-01-12 03:25:57.671534,Evening,E,High,8,2,131.7,Low,True,13.98,5.65,19.63,38,0,1,1,6,1,0.5166,-18.37,10.54,0,0,0,1.748
ORD-03455,2025-01-12 06:03:14.438887,Morning,B,Medium,9,10,149.8,Low,True,7.94,7.97,15.91,45,0,1,1,6,1,0.3536,-29.09,13.48,1,0,0,0.882
ORD-03456,2025-01-12 08:40:31.206241,Evening,D,Medium,3,5,172.3,Low,True,4.41,9.68,14.09,45,0,1,1,6,1,0.3131,-30.91,5.17,0,0,0,1.47
ORD-03457,2025-01-12 11:17:47.973594,Evening,A,Medium,45,6,88.7,High,True,32.22,27.26,59.48,45,1,1,1,6,1,1.3218,14.48,39.92,0,1,0,0.716
ORD-03458,2025-01-12 13:55:04.740948,Evening,A,High,3,2,119.7,High,False,8.82,7.27,16.09,38,0,1,1,6,1,0.4234,-21.91,3.59,0,1,1,2.94
ORD-03459,2025-01-12 16:32:21.508301,Evening,D,High,15,4,148.7,Medium,True,15.23,7.43,22.66,38,0,1,1,6,1,0.5963,-15.34,22.3,0,0,0,1.015
ORD-03460,2025-01-12 19:09:38.275655,Night,B,Medium,42,8,212.6,Medium,True,33.65,18.62,52.27,45,1,1,1,6,1,1.1616,7.27,89.29,1,0,0,0.801
ORD-03461,2025-01-12 21:46:55.043008,Morning,D,Low,50,7,183.8,Low,False,20.63,36.64,57.27,55,1,1,1,6,1,1.0413,2.27,91.9,1,0,1,0.413
ORD-03462,2025-01-13 00:24:11.810362,Evening,B,Medium,8,3,149.9,Low,True,17.92,5.96,23.88,45,0,1,1,0,0,0.5307,-21.12,11.99,0,0,0,2.24
ORD-03463,2025-01-13 03:01:28.577715,Morning,A,High,19,5,166.1,High,False,21.87,12.99,34.86,38,0,1,1,0,0,0.9174,-3.14,31.56,0,1,1,1.151
ORD-03464,2025-01-13 05:38:45.345069,Night,C,High,9,2,145.9,Medium,True,14.03,7.65,21.68,38,0,1,1,0,0,0.5705,-16.32,13.13,0,0,0,1.559
ORD-03465,2025-01-13 08:16:02.112422,Morning,A,High,10,5,193.1,Medium,True,11.61,7.3,18.91,38,1,1,1,0,0,0.4976,-19.09,19.31,0,0,0,1.161
ORD-03466,2025-01-13 10:53:18.879775,Morning,B,Urgent,48,3,167.4,Low,True,43.42,23.82,67.24,28,1,1,1,0,0,2.4014,39.24,80.35,0,0,0,0.905
ORD-03467,2025-01-13 13:30:35.647129,Night,A,Medium,17,10,201.2,Medium,True,9.8,13.99,23.79,45,0,1,1,0,0,0.5287,-21.21,34.2,1,0,0,0.576
ORD-03468,2025-01-13 16:07:52.414482,Evening,B,Urgent,31,3,95.8,High,True,37.71,19.24,56.95,28,1,1,1,0,0,2.0339,28.95,29.7,0,1,0,1.216
ORD-03469,2025-01-13 18:45:09.181836,Morning,D,Medium,8,5,117.8,High,True,11.86,10.01,21.87,45,0,1,1,0,0,0.486,-23.13,9.42,0,1,0,1.482
ORD-03470,2025-01-13 21:22:25.949189,Morning,A,Medium,15,7,161.0,Medium,True,12.24,14.52,26.76,45,1,1,1,0,0,0.5947,-18.24,24.15,1,0,0,0.816
ORD-03471,2025-01-13 23:59:42.716543,Morning,C,Medium,19,1,169.7,Low,True,22.75,14.29,37.04,45,0,1,1,0,0,0.8231,-7.96,32.24,0,0,0,1.197
ORD-03472,2025-01-14 02:36:59.483896,Night,C,High,30,3,246.0,High,True,40.11,18.55,58.66,38,1,1,1,1,0,1.5437,20.66,73.8,0,1,0,1.337
ORD-03473,2025-01-14 05:14:16.251250,Evening,C,High,46,10,77.7,Medium,True,19.79,21.27,41.06,38,1,1,1,1,0,1.0805,3.06,35.74,1,0,0,0.43
ORD-03474,2025-01-14 07:51:33.018603,Morning,C,Medium,13,7,148.7,Low,True,10.88,11.62,22.5,45,0,1,1,1,0,0.5,-22.5,19.33,1,0,0,0.837
ORD-03475,2025-01-14 10:28:49.785957,Evening,C,Urgent,33,3,146.9,Low,True,26.3,18.94,45.24,28,1,1,1,1,0,1.6157,17.24,48.48,0,0,0,0.797
ORD-03476,2025-01-14 13:06:06.553310,Evening,E,Urgent,25,5,159.5,Medium,True,21.09,14.8,35.89,28,1,1,1,1,0,1.2818,7.89,39.88,0,0,0,0.844
ORD-03477,2025-01-14 15:43:23.320664,Morning,A,Urgent,40,9,219.3,High,False,30.41,28.4,58.81,28,1,1,1,1,0,2.1004,30.81,87.72,1,1,1,0.76
ORD-03478,2025-01-14 18:20:40.088017,Night,D,Medium,17,2,185.1,High,True,22.36,12.98,35.34,45,1,1,1,1,0,0.7853,-9.66,31.47,0,1,0,1.315
ORD-03479,2025-01-14 20:57:56.855371,Morning,A,Urgent,22,3,85.8,High,True,22.65,15.2,37.85,28,0,1,1,1,0,1.3518,9.85,18.88,0,1,0,1.03
ORD-03480,2025-01-14 23:35:13.622724,Night,C,High,32,3,211.4,Medium,True,29.77,16.67,46.44,38,1,1,1,1,0,1.2221,8.44,67.65,0,0,0,0.93
ORD-03481,2025-01-15 02:12:30.390078,Night,C,High,23,7,210.2,High,True,24.37,14.35,38.72,38,1,1,1,2,0,1.0189,0.72,48.35,1,1,0,1.06
ORD-03482,2025-01-15 04:49:47.157431,Morning,A,Medium,38,6,160.5,Low,True,24.49,22.32,46.81,45,0,1,1,2,0,1.0402,1.81,60.99,0,0,0,0.644
ORD-03483,2025-01-15 07:27:03.924784,Evening,A,High,1,6,85.3,Low,True,4.9,6.86,11.76,38,0,1,1,2,0,0.3095,-26.24,0.85,0,0,0,4.9
ORD-03484,2025-01-15 10:04:20.692138,Night,A,High,18,4,143.9,Low,True,17.64,12.71,30.35,38,1,1,1,2,0,0.7987,-7.65,25.9,0,0,0,0.98
ORD-03485,2025-01-15 12:41:37.459491,Evening,A,Medium,9,4,168.7,Medium,True,12.85,8.61,21.46,45,0,1,1,2,0,0.4769,-23.54,15.18,0,0,0,1.428
ORD-03486,2025-01-15 15:18:54.226845,Evening,C,Urgent,8,6,189.9,High,True,17.99,10.61,28.6,28,1,1,1,2,0,1.0214,0.6,15.19,0,1,0,2.249
ORD-03487,2025-01-15 17:56:10.994198,Morning,A,Medium,3,8,79.2,High,False,3.37,7.45,10.82,45,0,1,1,2,0,0.2404,-34.18,2.38,1,1,1,1.123
ORD-03488,2025-01-15 20:33:27.761552,Morning,D,High,18,9,119.2,High,False,11.68,14.19,25.87,38,0,1,1,2,0,0.6808,-12.13,21.46,1,1,1,0.649
ORD-03489,2025-01-15 23:10:44.528905,Evening,E,Medium,11,8,193.9,Medium,True,13.25,13.09,26.34,45,0,1,1,2,0,0.5853,-18.66,21.33,1,0,0,1.205
ORD-03490,2025-01-16 01:48:01.296259,Morning,B,Medium,38,1,210.1,Medium,True,55.18,18.6,73.78,45,1,1,1,3,0,1.6396,28.78,79.84,0,0,0,1.452
ORD-03491,2025-01-16 04:25:18.063612,Morning,A,Medium,26,5,167.2,Low,True,17.27,15.45,32.72,45,1,1,1,3,0,0.7271,-12.28,43.47,0,0,0,0.664
ORD-03492,2025-01-16 07:02:34.830966,Evening,B,Medium,40,4,195.9,Medium,True,46.6,25.21,71.81,45,1,1,1,3,0,1.5958,26.81,78.36,0,0,0,1.165
ORD-03493,2025-01-16 09:39:51.598319,Morning,E,Medium,45,10,168.2,Medium,True,23.56,25.06,48.62,45,0,1,1,3,0,1.0804,3.62,75.69,1,0,0,0.524
ORD-03494,2025-01-16 12:17:08.365673,Night,B,Low,40,5,188.5,Low,True,35.94,20.64,56.58,55,1,1,1,3,0,1.0287,1.58,75.4,0,0,0,0.898
ORD-03495,2025-01-16 14:54:25.133026,Night,A,Low,22,3,155.8,Low,True,16.52,15.13,31.65,55,0,1,1,3,0,0.5755,-23.35,34.28,0,0,0,0.751
ORD-03496,2025-01-16 17:31:41.900380,Night,E,High,49,3,169.2,Low,True,36.06,23.73,59.79,38,1,1,1,3,0,1.5734,21.79,82.91,0,0,0,0.736
ORD-03497,2025-01-16 20:08:58.667733,Morning,C,Medium,20,2,101.1,High,True,24.29,16.17,40.46,45,0,1,1,3,0,0.8991,-4.54,20.22,0,1,0,1.214
ORD-03498,2025-01-16 22:46:15.435087,Evening,B,Low,42,5,178.9,Medium,True,43.15,20.98,64.13,55,1,1,1,3,0,1.166,9.13,75.14,0,0,0,1.027
ORD-03499,2025-01-17 01:23:32.202440,Night,E,Low,9,3,99.9,Low,True,8.15,10.34,18.49,55,0,1,1,4,0,0.3362,-36.51,8.99,0,0,0,0.906
ORD-03500,2025-01-17 04:00:48.969793,Morning,E,Low,49,6,178.8,High,True,40.94,24.65,65.59,55,1,1,1,4,0,1.1925,10.59,87.61,0,1,0,0.836
ORD-03501,2025-01-17 06:38:05.737147,Evening,C,Low,16,3,132.4,Low,True,9.81,11.29,21.1,55,0,1,1,4,0,0.3836,-33.9,21.18,0,0,0,0.613
ORD-03502,2025-01-17 09:15:22.504500,Evening,B,Urgent,32,6,164.8,Low,True,28.62,20.37,48.99,28,1,1,1,4,0,1.7496,20.99,52.74,0,0,0,0.894
ORD-03503,2025-01-17 11:52:39.271854,Morning,C,Medium,18,7,111.9,Medium,False,15.9,18.17,34.07,45,0,1,1,4,0,0.7571,-10.93,20.14,1,0,1,0.883
ORD-03504,2025-01-17 14:29:56.039207,Morning,A,Medium,12,7,129.9,Low,False,4.11,11.63,15.74,45,0,1,1,4,0,0.3498,-29.26,15.59,1,0,1,0.342
ORD-03505,2025-01-17 17:07:12.806561,Evening,C,Medium,17,9,164.7,Low,True,10.94,13.24,24.18,45,0,1,1,4,0,0.5373,-20.82,28.0,1,0,0,0.644
ORD-03506,2025-01-17 19:44:29.573914,Morning,A,Low,31,1,180.2,Medium,True,31.64,17.33,48.97,55,0,1,1,4,0,0.8904,-6.03,55.86,0,0,0,1.021
ORD-03507,2025-01-17 22:21:46.341268,Night,C,High,6,1,193.8,Low,True,17.0,5.6,22.6,38,0,1,1,4,0,0.5947,-15.4,11.63,0,0,0,2.833
ORD-03508,2025-01-18 00:59:03.108621,Evening,D,Urgent,10,5,104.0,Low,True,7.75,9.46,17.21,28,0,1,1,5,1,0.6146,-10.79,10.4,0,0,0,0.775
ORD-03509,2025-01-18 03:36:19.875975,Morning,E,Low,46,6,90.0,Low,True,26.87,18.03,44.9,55,1,1,1,5,1,0.8164,-10.1,41.4,0,0,0,0.584
ORD-03510,2025-01-18 06:13:36.643328,Evening,D,Low,5,8,111.0,High,True,6.13,6.49,12.62,55,0,1,1,5,1,0.2295,-42.38,5.55,1,1,0,1.226
ORD-03511,2025-01-18 08:50:53.410682,Evening,A,High,37,3,107.4,Medium,False,27.2,28.76,55.96,38,1,1,1,5,1,1.4726,17.96,39.74,0,0,1,0.735
ORD-03512,2025-01-18 11:28:10.178035,Morning,A,Low,16,5,212.7,High,True,24.74,10.95,35.69,55,0,1,1,5,1,0.6489,-19.31,34.03,0,1,0,1.546
ORD-03513,2025-01-18 14:05:26.945389,Night,C,Low,16,7,203.6,Medium,True,19.03,14.06,33.09,55,0,1,1,5,1,0.6016,-21.91,32.58,1,0,0,1.189
ORD-03514,2025-01-18 16:42:43.712742,Evening,B,High,19,7,110.1,Low,False,12.04,16.3,28.34,38,0,1,1,5,1,0.7458,-9.66,20.92,1,0,1,0.634
ORD-03515,2025-01-18 19:20:00.480096,Evening,A,High,20,6,218.4,Low,True,19.41,11.91,31.32,38,0,1,1,5,1,0.8242,-6.68,43.68,0,0,0,0.97
ORD-03516,2025-01-18 21:57:17.247449,Night,D,Medium,36,6,201.2,Low,True,19.29,19.2,38.49,45,0,1,1,5,1,0.8553,-6.51,72.43,0,0,0,0.536
ORD-03517,2025-01-19 00:34:34.014802,Evening,B,High,41,2,84.8,Medium,False,37.56,27.36,64.92,38,1,1,1,6,1,1.7084,26.92,34.77,0,0,1,0.916
ORD-03518,2025-01-19 03:11:50.782156,Evening,A,Low,19,5,108.8,Medium,True,15.48,16.92,32.4,55,0,1,1,6,1,0.5891,-22.6,20.67,0,0,0,0.815
ORD-03519,2025-01-19 05:49:07.549509,Morning,C,Medium,9,6,83.6,Medium,True,9.84,10.94,20.78,45,0,1,1,6,1,0.4618,-24.22,7.52,0,0,0,1.093
ORD-03520,2025-01-19 08:26:24.316863,Morning,E,High,1,1,146.5,Medium,True,6.5,6.35,12.85,38,0,1,1,6,1,0.3382,-25.15,1.46,0,0,0,6.5
ORD-03521,2025-01-19 11:03:41.084216,Evening,D,High,37,10,150.7,Low,True,9.17,19.79,28.96,38,0,1,1,6,1,0.7621,-9.04,55.76,1,0,0,0.248
ORD-03522,2025-01-19 13:40:57.851570,Evening,A,High,46,7,150.6,High,True,32.72,21.91,54.63,38,1,1,1,6,1,1.4376,16.63,69.28,1,1,0,0.711
ORD-03523,2025-01-19 16:18:14.618923,Evening,C,High,2,8,68.9,Medium,True,3.0,6.51,9.51,38,0,1,1,6,1,0.2503,-28.49,1.38,1,0,0,1.5
ORD-03524,2025-01-19 18:55:31.386277,Evening,E,High,30,6,92.9,Medium,True,24.65,14.68,39.33,38,0,1,1,6,1,1.035,1.33,27.87,0,0,0,0.822
ORD-03525,2025-01-19 21:32:48.153630,Evening,A,High,11,10,160.4,Low,False,7.34,9.04,16.38,38,0,1,1,6,1,0.4311,-21.62,17.64,1,0,1,0.667
ORD-03526,2025-01-20 00:10:04.920984,Night,C,Medium,11,1,174.9,Low,True,17.95,6.9,24.85,45,0,1,1,0,0,0.5522,-20.15,19.24,0,0,0,1.632
ORD-03527,2025-01-20 02:47:21.688337,Night,D,Medium,42,10,69.2,Medium,False,16.59,26.31,42.9,45,0,1,1,0,0,0.9533,-2.1,29.06,1,0,1,0.395
ORD-03528,2025-01-20 05:24:38.455691,Morning,D,High,13,3,98.8,Low,True,14.68,8.78,23.46,38,0,1,1,0,0,0.6174,-14.54,12.84,0,0,0,1.129
ORD-03529,2025-01-20 08:01:55.223044,Night,A,Medium,16,9,190.9,High,True,13.19,11.71,24.9,45,0,1,1,0,0,0.5533,-20.1,30.54,1,1,0,0.824
ORD-03530,2025-01-20 10:39:11.990398,Night,E,High,7,1,101.0,Medium,False,11.79,9.05,20.84,38,0,1,1,0,0,0.5484,-17.16,7.07,0,0,1,1.684
ORD-03531,2025-01-20 13:16:28.757751,Morning,B,Medium,46,4,149.4,Medium,True,42.63,22.38,65.01,45,0,1,1,0,0,1.4447,20.01,68.72,0,0,0,0.927
ORD-03532,2025-01-20 15:53:45.525105,Morning,A,Medium,46,6,97.2,Low,True,25.47,21.78,47.25,45,1,1,1,0,0,1.05,2.25,44.71,0,0,0,0.554
ORD-03533,2025-01-20 18:31:02.292458,Morning,A,High,46,7,183.3,High,True,38.32,27.86,66.18,38,0,1,1,0,0,1.7416,28.18,84.32,1,1,0,0.833
ORD-03534,2025-01-20 21:08:19.059811,Evening,C,High,12,1,69.3,High,True,18.42,8.0,26.42,38,0,1,1,0,0,0.6953,-11.58,8.32,0,1,0,1.535
ORD-03535,2025-01-20 23:45:35.827165,Evening,A,Low,10,4,137.8,Low,True,10.43,11.16,21.59,55,0,1,1,0,0,0.3925,-33.41,13.78,0,0,0,1.043
ORD-03536,2025-01-21 02:22:52.594518,Evening,D,Medium,48,9,187.6,Medium,True,20.05,24.83,44.88,45,0,1,1,1,0,0.9973,-0.12,90.05,1,0,0,0.418
ORD-03537,2025-01-21 05:00:09.361872,Night,E,High,31,2,174.4,High,True,40.94,15.94,56.88,38,1,1,1,1,0,1.4968,18.88,54.06,0,1,0,1.321
ORD-03538,2025-01-21 07:37:26.129225,Morning,A,Urgent,14,10,131.4,Low,True,5.79,11.85,17.64,28,1,1,1,1,0,0.63,-10.36,18.4,1,0,0,0.414
ORD-03539,2025-01-21 10:14:42.896579,Morning,D,Medium,3,8,122.1,Low,True,6.9,9.68,16.58,45,0,1,1,1,0,0.3684,-28.42,3.66,1,0,0,2.3
ORD-03540,2025-01-21 12:51:59.663932,Night,E,Low,40,10,140.7,High,True,23.68,20.82,44.5,55,0,1,1,1,0,0.8091,-10.5,56.28,1,1,0,0.592
ORD-03541,2025-01-21 15:29:16.431286,Night,A,Medium,41,10,98.4,Medium,True,16.3,22.46,38.76,45,0,1,1,1,0,0.8613,-6.24,40.34,1,0,0,0.398
ORD-03542,2025-01-21 18:06:33.198639,Night,D,Medium,1,3,146.0,High,True,15.11,4.58,19.69,45,0,1,1,1,0,0.4376,-25.31,1.46,0,1,0,15.11
ORD-03543,2025-01-21 20:43:49.965993,Morning,E,Low,24,10,146.7,Low,True,13.95,13.14,27.09,55,0,1,1,1,0,0.4925,-27.91,35.21,1,0,0,0.581
ORD-03544,2025-01-21 23:21:06.733346,Morning,D,High,25,5,133.3,Medium,False,21.58,20.27,41.85,38,1,1,1,1,0,1.1013,3.85,33.33,0,0,1,0.863
ORD-03545,2025-01-22 01:58:23.500700,Morning,C,Medium,24,3,190.0,Medium,True,25.04,15.74,40.78,45,0,1,1,2,0,0.9062,-4.22,45.6,0,0,0,1.043
ORD-03546,2025-01-22 04:35:40.268053,Evening,E,Medium,19,9,107.2,Medium,False,9.33,13.76,23.09,45,0,1,1,2,0,0.5131,-21.91,20.37,1,0,1,0.491
ORD-03547,2025-01-22 07:12:57.035407,Morning,D,Medium,17,5,81.8,High,False,17.98,16.69,34.67,45,0,1,1,2,0,0.7704,-10.33,13.91,0,1,1,1.058
ORD-03548,2025-01-22 09:50:13.802760,Night,B,Low,17,7,129.0,Medium,True,21.41,13.45,34.86,55,0,1,1,2,0,0.6338,-20.14,21.93,1,0,0,1.259
ORD-03549,2025-01-22 12:27:30.570114,Evening,A,Medium,47,7,155.0,High,True,31.54,27.64,59.18,45,1,1,1,2,0,1.3151,14.18,72.85,1,1,0,0.671
ORD-03550,2025-01-22 15:04:47.337467,Evening,C,Medium,50,3,145.7,Low,False,33.51,34.13,67.64,45,1,1,1,2,0,1.5031,22.64,72.85,0,0,1,0.67
ORD-03551,2025-01-22 17:42:04.104820,Morning,B,Medium,6,10,144.0,High,True,8.28,6.79,15.07,45,0,1,1,2,0,0.3349,-29.93,8.64,1,1,0,1.38
ORD-03552,2025-01-22 20:19:20.872174,Morning,B,High,37,9,104.9,Medium,True,25.49,20.46,45.95,38,1,1,1,2,0,1.2092,7.95,38.81,1,0,0,0.689
ORD-03553,2025-01-22 22:56:37.639527,Evening,A,Medium,29,6,110.7,Low,True,19.28,16.28,35.56,45,0,1,1,2,0,0.7902,-9.44,32.1,0,0,0,0.665
ORD-03554,2025-01-23 01:33:54.406881,Evening,D,Medium,13,6,130.5,Low,True,8.91,12.92,21.83,45,0,1,1,3,0,0.4851,-23.17,16.96,0,0,0,0.685
ORD-03555,2025-01-23 04:11:11.174234,Morning,D,Urgent,10,1,127.3,Low,True,10.82,9.44,20.26,28,0,1,1,3,0,0.7236,-7.74,12.73,0,0,0,1.082
ORD-03556,2025-01-23 06:48:27.941588,Night,B,Medium,38,8,193.9,Low,False,21.92,18.87,40.79,45,1,1,1,3,0,0.9064,-4.21,73.68,1,0,1,0.577
ORD-03557,2025-01-23 09:25:44.708941,Morning,A,Medium,19,10,160.6,High,True,11.7,14.49,26.19,45,0,1,1,3,0,0.582,-18.81,30.51,1,1,0,0.616
ORD-03558,2025-01-23 12:03:01.476295,Morning,A,High,7,10,128.7,High,True,11.48,7.3,18.78,38,0,1,1,3,0,0.4942,-19.22,9.01,1,1,0,1.64
ORD-03559,2025-01-23 14:40:18.243648,Night,A,Medium,49,6,193.8,Low,True,29.46,23.56,53.02,45,1,1,1,3,0,1.1782,8.02,94.96,0,0,0,0.601
ORD-03560,2025-01-23 17:17:35.011002,Morning,C,Medium,47,10,167.9,Low,True,21.53,22.63,44.16,45,0,1,1,3,0,0.9813,-0.84,78.91,1,0,0,0.458
ORD-03561,2025-01-23 19:54:51.778355,Morning,A,High,21,8,95.7,Low,True,9.71,10.12,19.83,38,1,1,1,3,0,0.5218,-18.17,20.1,1,0,0,0.462
ORD-03562,2025-01-23 22:32:08.545709,Evening,E,Medium,22,6,30.0,High,True,16.25,9.95,26.2,45,0,1,1,3,0,0.5822,-18.8,6.6,0,1,0,0.739
ORD-03563,2025-01-24 01:09:25.313062,Morning,B,Urgent,22,9,97.0,Medium,True,16.02,14.98,31.0,28,1,1,1,4,0,1.1071,3.0,21.34,1,0,0,0.728
ORD-03564,2025-01-24 03:46:42.080416,Morning,A,Medium,10,2,173.8,Medium,False,17.18,11.72,28.9,45,0,1,1,4,0,0.6422,-16.1,17.38,0,0,1,1.718
ORD-03565,2025-01-24 06:23:58.847769,Morning,E,Medium,6,7,185.7,Medium,True,14.59,6.76,21.35,45,0,1,1,4,0,0.4744,-23.65,11.14,1,0,0,2.432
ORD-03566,2025-01-24 09:01:15.615123,Morning,B,Low,14,7,83.6,High,True,14.74,10.15,24.89,55,0,1,1,4,0,0.4525,-30.11,11.7,1,1,0,1.053
ORD-03567,2025-01-24 11:38:32.382476,Evening,B,Low,20,5,176.3,Low,True,21.51,10.18,31.69,55,0,1,1,4,0,0.5762,-23.31,35.26,0,0,0,1.076
ORD-03568,2025-01-24 14:15:49.149829,Morning,A,Medium,8,7,174.8,Low,True,7.04,9.53,16.57,45,0,1,1,4,0,0.3682,-28.43,13.98,1,0,0,0.88
ORD-03569,2025-01-24 16:53:05.917183,Night,C,Low,2,9,205.8,Medium,True,3.0,5.44,8.44,55,0,1,1,4,0,0.1535,-46.56,4.12,1,0,0,1.5
ORD-03570,2025-01-24 19:30:22.684536,Night,B,Medium,47,6,188.0,High,True,55.46,26.03,81.49,45,1,1,1,4,0,1.8109,36.49,88.36,0,1,0,1.18
ORD-03571,2025-01-24 22:07:39.451890,Morning,D,Medium,44,4,204.1,Medium,True,38.56,24.97,63.53,45,1,1,1,4,0,1.4118,18.53,89.8,0,0,0,0.876
ORD-03572,2025-01-25 00:44:56.219243,Morning,C,Low,16,5,169.5,High,False,23.32,14.83,38.15,55,0,1,1,5,1,0.6936,-16.85,27.12,0,1,1,1.458
ORD-03573,2025-01-25 03:22:12.986597,Morning,E,Medium,31,6,168.2,High,True,31.69,22.49,54.18,45,0,1,1,5,1,1.204,9.18,52.14,0,1,0,1.022
ORD-03574,2025-01-25 05:59:29.753950,Morning,C,High,8,6,136.5,Low,True,13.45,9.33,22.78,38,1,1,1,5,1,0.5995,-15.22,10.92,0,0,0,1.681
ORD-03575,2025-01-25 08:36:46.521304,Morning,D,Medium,47,4,182.8,Medium,True,36.03,26.74,62.77,45,1,1,1,5,1,1.3949,17.77,85.92,0,0,0,0.767
ORD-03576,2025-01-25 11:14:03.288657,Night,D,High,41,6,96.7,High,True,31.29,20.47,51.76,38,1,1,1,5,1,1.3621,13.76,39.65,0,1,0,0.763
ORD-03577,2025-01-25 13:51:20.056011,Morning,C,Low,9,3,144.5,Low,False,12.14,10.66,22.8,55,0,1,1,5,1,0.4145,-32.2,13.0,0,0,1,1.349
ORD-03578,2025-01-25 16:28:36.823364,Evening,D,Low,11,10,171.6,Medium,True,9.24,6.38,15.62,55,0,1,1,5,1,0.284,-39.38,18.88,1,0,0,0.84
ORD-03579,2025-01-25 19:05:53.590718,Evening,C,Urgent,17,6,206.3,Low,True,15.22,11.85,27.07,28,0,1,1,5,1,0.9668,-0.93,35.07,0,0,0,0.895
ORD-03580,2025-01-25 21:43:10.358071,Night,A,Urgent,5,9,130.9,High,False,9.77,9.92,19.69,28,0,1,1,5,1,0.7032,-8.31,6.55,1,1,1,1.954
ORD-03581,2025-01-26 00:20:27.125425,Morning,D,Medium,18,4,188.7,Low,True,13.29,12.47,25.76,45,0,1,1,6,1,0.5724,-19.24,33.97,0,0,0,0.738
ORD-03582,2025-01-26 02:57:43.892778,Morning,B,Medium,34,4,142.1,Low,True,31.99,22.8,54.79,45,1,1,1,6,1,1.2176,9.79,48.31,0,0,0,0.941
ORD-03583,2025-01-26 05:35:00.660132,Night,C,High,37,3,189.5,Medium,True,32.75,18.06,50.81,38,1,1,1,6,1,1.3371,12.81,70.11,0,0,0,0.885
ORD-03584,2025-01-26 08:12:17.427485,Morning,A,Medium,1,6,117.9,Medium,True,6.81,5.81,12.62,45,0,1,1,6,1,0.2804,-32.38,1.18,0,0,0,6.81
ORD-03585,2025-01-26 10:49:34.194838,Evening,A,Low,18,7,179.0,Low,False,19.15,15.2,34.35,55,0,1,1,6,1,0.6245,-20.65,32.22,1,0,1,1.064
ORD-03586,2025-01-26 13:26:50.962192,Evening,A,Low,42,6,146.2,Low,False,25.23,31.57,56.8,55,0,1,1,6,1,1.0327,1.8,61.4,0,0,1,0.601
ORD-03587,2025-01-26 16:04:07.729545,Evening,A,Low,44,9,102.6,High,False,28.33,30.67,59.0,55,0,1,1,6,1,1.0727,4.0,45.14,1,1,1,0.644
ORD-03588,2025-01-26 18:41:24.496899,Morning,A,High,29,6,143.9,High,False,28.01,21.63,49.64,38,1,1,1,6,1,1.3063,11.64,41.73,0,1,1,0.966
ORD-03589,2025-01-26 21:18:41.264252,Morning,A,High,37,9,202.9,Medium,True,15.39,20.61,36.0,38,1,1,1,6,1,0.9474,-2.0,75.07,1,0,0,0.416
ORD-03590,2025-01-26 23:55:58.031606,Evening,C,Medium,13,1,109.2,Low,True,13.59,7.74,21.33,45,0,1,1,6,1,0.474,-23.67,14.2,0,0,0,1.045
ORD-03591,2025-01-27 02:33:14.798959,Evening,B,Low,44,4,90.6,Medium,True,42.18,22.41,64.59,55,1,1,1,0,0,1.1744,9.59,39.86,0,0,0,0.959
ORD-03592,2025-01-27 05:10:31.566313,Night,E,Low,24,8,165.9,Medium,True,12.78,16.89,29.67,55,0,1,1,0,0,0.5395,-25.33,39.82,1,0,0,0.532
ORD-03593,2025-01-27 07:47:48.333666,Evening,D,High,35,4,82.9,Low,True,19.2,18.33,37.53,38,0,1,1,0,0,0.9876,-0.47,29.02,0,0,0,0.549
ORD-03594,2025-01-27 10:25:05.101020,Night,A,Urgent,14,8,212.5,Low,True,11.43,7.02,18.45,28,1,1,1,0,0,0.6589,-9.55,29.75,1,0,0,0.816
ORD-03595,2025-01-27 13:02:21.868373,Night,B,Medium,9,6,211.5,Low,True,12.5,9.39,21.89,45,0,1,1,0,0,0.4864,-23.11,19.04,0,0,0,1.389
ORD-03596,2025-01-27 15:39:38.635727,Evening,B,High,27,5,191.5,Low,True,24.64,13.02,37.66,38,0,1,1,0,0,0.9911,-0.34,51.7,0,0,0,0.913
ORD-03597,2025-01-27 18:16:55.403080,Morning,B,Medium,27,6,149.6,Medium,True,30.59,19.65,50.24,45,0,1,1,0,0,1.1164,5.24,40.39,0,0,0,1.133
ORD-03598,2025-01-27 20:54:12.170434,Evening,C,Medium,29,10,216.6,Low,False,5.87,15.75,21.62,45,0,1,1,0,0,0.4804,-23.38,62.81,1,0,1,0.202
ORD-03599,2025-01-27 23:31:28.937787,Evening,C,Medium,41,7,203.8,Medium,True,29.42,16.29,45.71,45,1,1,1,0,0,1.0158,0.71,83.56,1,0,0,0.718
ORD-03600,2025-01-28 02:08:45.705141,Evening,C,Low,39,10,128.7,Medium,True,21.39,23.06,44.45,55,0,1,1,1,0,0.8082,-10.55,50.19,1,0,0,0.548
ORD-03601,2025-01-28 04:46:02.472494,Morning,B,Medium,16,1,207.6,Medium,False,31.76,9.22,40.98,45,0,1,1,1,0,0.9107,-4.02,33.22,0,0,1,1.985
ORD-03602,2025-01-28 07:23:19.239847,Evening,D,High,24,9,113.5,Medium,True,16.02,12.25,28.27,38,0,1,1,1,0,0.7439,-9.73,27.24,1,0,0,0.668
ORD-03603,2025-01-28 10:00:36.007201,Morning,B,Low,5,9,142.1,Medium,True,7.87,2.0,9.87,55,0,1,1,1,0,0.1795,-45.13,7.1,1,0,0,1.574
ORD-03604,2025-01-28 12:37:52.774554,Morning,D,Medium,40,10,78.3,Low,False,11.0,27.91,38.91,45,0,1,1,1,0,0.8647,-6.09,31.32,1,0,1,0.275
ORD-03605,2025-01-28 15:15:09.541908,Night,E,High,7,6,155.8,Low,True,9.5,7.57,17.07,38,0,1,1,1,0,0.4492,-20.93,10.91,0,0,0,1.357
ORD-03606,2025-01-28 17:52:26.309261,Evening,B,High,4,5,138.2,Medium,True,10.58,9.04,19.62,38,0,1,1,1,0,0.5163,-18.38,5.53,0,0,0,2.645
ORD-03607,2025-01-28 20:29:43.076615,Evening,D,Medium,27,6,131.9,Low,True,14.21,16.77,30.98,45,0,1,1,1,0,0.6884,-14.02,35.61,0,0,0,0.526
ORD-03608,2025-01-28 23:06:59.843968,Evening,D,Low,47,10,143.4,Low,True,16.35,21.84,38.19,55,0,1,1,1,0,0.6944,-16.81,67.4,1,0,0,0.348
ORD-03609,2025-01-29 01:44:16.611322,Evening,C,High,19,9,126.8,Low,True,8.37,8.87,17.24,38,0,1,1,2,0,0.4537,-20.76,24.09,1,0,0,0.441
ORD-03610,2025-01-29 04:21:33.378675,Morning,A,Low,10,10,151.7,Low,True,4.7,11.47,16.17,55,0,1,1,2,0,0.294,-38.83,15.17,1,0,0,0.47
ORD-03611,2025-01-29 06:58:50.146029,Evening,D,Medium,10,10,201.3,Low,True,4.83,5.05,9.88,45,0,1,1,2,0,0.2196,-35.12,20.13,1,0,0,0.483
ORD-03612,2025-01-29 09:36:06.913382,Morning,B,Low,42,7,107.5,Medium,True,33.51,18.12,51.63,55,1,1,1,2,0,0.9387,-3.37,45.15,1,0,0,0.798
ORD-03613,2025-01-29 12:13:23.680736,Evening,A,Medium,34,3,184.5,Medium,False,28.58,28.94,57.52,45,1,1,1,2,0,1.2782,12.52,62.73,0,0,1,0.841
ORD-03614,2025-01-29 14:50:40.448089,Morning,C,High,25,2,158.6,Medium,True,23.73,12.85,36.58,38,1,1,1,2,0,0.9626,-1.42,39.65,0,0,0,0.949
ORD-03615,2025-01-29 17:27:57.215443,Night,B,High,47,9,165.0,Low,True,24.65,19.61,44.26,38,0,1,1,2,0,1.1647,6.26,77.55,1,0,0,0.524
ORD-03616,2025-01-29 20:05:13.982796,Night,A,Medium,6,2,148.8,High,True,15.63,8.92,24.55,45,0,1,1,2,0,0.5456,-20.45,8.93,0,1,0,2.605
ORD-03617,2025-01-29 22:42:30.750150,Evening,E,Urgent,31,1,121.3,Low,True,28.8,12.77,41.57,28,1,1,1,2,0,1.4846,13.57,37.6,0,0,0,0.929
ORD-03618,2025-01-30 01:19:47.517503,Morning,A,Medium,18,5,167.8,Medium,True,19.49,16.49,35.98,45,0,1,1,3,0,0.7996,-9.02,30.2,0,0,0,1.083
ORD-03619,2025-01-30 03:57:04.284856,Morning,C,High,12,8,170.8,Medium,True,12.45,9.94,22.39,38,0,1,1,3,0,0.5892,-15.61,20.5,1,0,0,1.037
ORD-03620,2025-01-30 06:34:21.052210,Evening,C,Low,46,8,118.0,Medium,True,26.7,27.07,53.77,55,1,1,1,3,0,0.9776,-1.23,54.28,1,0,0,0.58
ORD-03621,2025-01-30 09:11:37.819563,Evening,A,Low,48,3,96.5,Medium,True,35.13,22.62,57.75,55,1,1,1,3,0,1.05,2.75,46.32,0,0,0,0.732
ORD-03622,2025-01-30 11:48:54.586917,Evening,D,Medium,42,6,153.4,Low,False,23.69,20.81,44.5,45,0,1,1,3,0,0.9889,-0.5,64.43,0,0,1,0.564
ORD-03623,2025-01-30 14:26:11.354270,Night,C,High,8,9,180.2,Low,True,9.16,6.6,15.76,38,0,1,1,3,0,0.4147,-22.24,14.42,1,0,0,1.145
ORD-03624,2025-01-30 17:03:28.121624,Evening,C,Medium,37,8,190.2,Low,True,18.52,20.06,38.58,45,0,1,1,3,0,0.8573,-6.42,70.37,1,0,0,0.501
ORD-03625,2025-01-30 19:40:44.888977,Evening,C,Medium,18,10,198.1,High,True,13.07,11.34,24.41,45,0,1,1,3,0,0.5424,-20.59,35.66,1,1,0,0.726
ORD-03626,2025-01-30 22:18:01.656331,Evening,E,Medium,19,8,164.9,High,True,22.53,8.36,30.89,45,0,1,1,3,0,0.6864,-14.11,31.33,1,1,0,1.186
ORD-03627,2025-01-31 00:55:18.423684,Evening,E,Medium,10,1,139.5,Medium,True,17.15,8.22,25.37,45,0,1,1,4,0,0.5638,-19.63,13.95,0,0,0,1.715
ORD-03628,2025-01-31 03:32:35.191038,Evening,A,Medium,30,3,149.9,Low,True,25.29,15.98,41.27,45,1,1,1,4,0,0.9171,-3.73,44.97,0,0,0,0.843
ORD-03629,2025-01-31 06:09:51.958391,Night,B,Low,43,2,100.3,Low,True,36.54,20.74,57.28,55,0,1,1,4,0,1.0415,2.28,43.13,0,0,0,0.85
ORD-03630,2025-01-31 08:47:08.725745,Morning,C,Medium,12,2,122.7,High,True,18.16,12.32,30.48,45,0,1,1,4,0,0.6773,-14.52,14.72,0,1,0,1.513
ORD-03631,2025-01-31 11:24:25.493098,Morning,E,High,27,9,147.9,Low,True,10.98,17.66,28.64,38,0,1,1,4,0,0.7537,-9.36,39.93,1,0,0,0.407
ORD-03632,2025-01-31 14:01:42.260452,Morning,D,High,33,8,139.3,Low,False,17.15,23.95,41.1,38,1,1,1,4,0,1.0816,3.1,45.97,1,0,1,0.52
ORD-03633,2025-01-31 16:38:59.027805,Night,B,Low,32,10,153.7,High,True,24.78,21.48,46.26,55,0,1,1,4,0,0.8411,-8.74,49.18,1,1,0,0.774
ORD-03634,2025-01-31 19:16:15.795159,Evening,E,Low,14,4,95.0,Low,True,10.67,8.59,19.26,55,0,1,1,4,0,0.3502,-35.74,13.3,0,0,0,0.762
ORD-03635,2025-01-31 21:53:32.562512,Morning,B,Medium,2,10,103.9,High,False,11.15,8.82,19.97,45,0,1,1,4,0,0.4438,-25.03,2.08,1,1,1,5.575
ORD-03636,2025-02-01 00:30:49.329865,Evening,B,Medium,42,10,181.0,Medium,True,28.95,20.88,49.83,45,0,2,1,5,1,1.1073,4.83,76.02,1,0,0,0.689
ORD-03637,2025-02-01 03:08:06.097219,Evening,C,High,30,2,116.7,High,True,35.91,14.57,50.48,38,1,2,1,5,1,1.3284,12.48,35.01,0,1,0,1.197
ORD-03638,2025-02-01 05:45:22.864572,Night,B,Medium,36,9,123.0,Medium,True,21.55,19.72,41.27,45,1,2,1,5,1,0.9171,-3.73,44.28,1,0,0,0.599
ORD-03639,2025-02-01 08:22:39.631926,Night,C,High,27,2,153.8,Low,False,19.05,19.56,38.61,38,1,2,1,5,1,1.0161,0.61,41.53,0,0,1,0.706
ORD-03640,2025-02-01 10:59:56.399279,Night,B,Low,20,5,112.8,Medium,True,24.28,13.68,37.96,55,0,2,1,5,1,0.6902,-17.04,22.56,0,0,0,1.214
ORD-03641,2025-02-01 13:37:13.166633,Night,D,Urgent,13,2,194.3,High,True,17.19,7.27,24.46,28,0,2,1,5,1,0.8736,-3.54,25.26,0,1,0,1.322
ORD-03642,2025-02-01 16:14:29.933986,Morning,E,High,33,6,99.7,Medium,True,21.98,17.29,39.27,38,1,2,1,5,1,1.0334,1.27,32.9,0,0,0,0.666
ORD-03643,2025-02-01 18:51:46.701340,Morning,B,High,42,1,150.1,High,True,61.99,23.18,85.17,38,1,2,1,5,1,2.2413,47.17,63.04,0,1,0,1.476
ORD-03644,2025-02-01 21:29:03.468693,Evening,C,Urgent,17,9,120.1,High,True,11.39,13.46,24.85,28,0,2,1,5,1,0.8875,-3.15,20.42,1,1,0,0.67
ORD-03645,2025-02-02 00:06:20.236047,Evening,D,Medium,2,5,156.2,Medium,True,6.75,7.14,13.89,45,0,2,1,6,1,0.3087,-31.11,3.12,0,0,0,3.375
ORD-03646,2025-02-02 02:43:37.003400,Morning,A,Low,8,9,130.1,High,True,6.47,7.75,14.22,55,0,2,1,6,1,0.2585,-40.78,10.41,1,1,0,0.809
ORD-03647,2025-02-02 05:20:53.770754,Evening,D,Medium,29,5,149.1,Low,True,15.33,15.44,30.77,45,0,2,1,6,1,0.6838,-14.23,43.24,0,0,0,0.529
ORD-03648,2025-02-02 07:58:10.538107,Morning,C,High,12,6,198.9,High,True,19.49,9.51,29.0,38,0,2,1,6,1,0.7632,-9.0,23.87,0,1,0,1.624
ORD-03649,2025-02-02 10:35:27.305461,Morning,A,High,41,8,122.5,High,True,29.89,21.33,51.22,38,1,2,1,6,1,1.3479,13.22,50.22,1,1,0,0.729
ORD-03650,2025-02-02 13:12:44.072814,Morning,E,Medium,14,10,122.2,Low,False,3.64,15.27,18.91,45,0,2,1,6,1,0.4202,-26.09,17.11,1,0,1,0.26
ORD-03651,2025-02-02 15:50:00.840168,Night,B,High,25,4,137.4,Medium,True,29.52,14.01,43.53,38,1,2,1,6,1,1.1455,5.53,34.35,0,0,0,1.181
ORD-03652,2025-02-02 18:27:17.607521,Evening,A,Medium,12,6,209.0,Medium,True,16.4,10.6,27.0,45,0,2,1,6,1,0.6,-18.0,25.08,0,0,0,1.367
ORD-03653,2025-02-02 21:04:34.374874,Evening,A,Medium,23,4,146.4,High,True,26.64,15.27,41.91,45,1,2,1,6,1,0.9313,-3.09,33.67,0,1,0,1.158
ORD-03654,2025-02-02 23:41:51.142228,Night,D,Medium,34,1,199.4,Low,True,28.3,15.79,44.09,45,1,2,1,6,1,0.9798,-0.91,67.8,0,0,0,0.832
ORD-03655,2025-02-03 02:19:07.909581,Night,E,Medium,40,9,142.9,Medium,True,20.97,24.25,45.22,45,1,2,1,0,0,1.0049,0.22,57.16,1,0,0,0.524
ORD-03656,2025-02-03 04:56:24.676935,Morning,B,Low,37,6,197.6,Medium,False,38.8,28.77,67.57,55,1,2,1,0,0,1.2285,12.57,73.11,0,0,1,1.049
ORD-03657,2025-02-03 07:33:41.444288,Night,A,High,26,4,166.3,Low,True,20.77,12.81,33.58,38,1,2,1,0,0,0.8837,-4.42,43.24,0,0,0,0.799
ORD-03658,2025-02-03 10:10:58.211642,Morning,A,Medium,23,8,172.2,High,True,15.12,14.0,29.12,45,0,2,1,0,0,0.6471,-15.88,39.61,1,1,0,0.657
ORD-03659,2025-02-03 12:48:14.978995,Evening,C,Medium,17,9,92.6,Medium,True,9.66,12.16,21.82,45,0,2,1,0,0,0.4849,-23.18,15.74,1,0,0,0.568
ORD-03660,2025-02-03 15:25:31.746349,Morning,B,Low,50,10,86.6,Low,False,23.31,29.81,53.12,55,1,2,1,0,0,0.9658,-1.88,43.3,1,0,1,0.466
ORD-03661,2025-02-03 18:02:48.513702,Evening,B,Medium,37,5,192.8,High,True,45.74,22.1,67.84,45,1,2,1,0,0,1.5076,22.84,71.34,0,1,0,1.236
ORD-03662,2025-02-03 20:40:05.281056,Evening,B,High,45,2,192.3,Low,True,46.08,25.88,71.96,38,1,2,1,0,0,1.8937,33.96,86.54,0,0,0,1.024
ORD-03663,2025-02-03 23:17:22.048409,Morning,C,High,37,5,246.9,Low,True,29.44,18.8,48.24,38,1,2,1,0,0,1.2695,10.24,91.35,0,0,0,0.796
ORD-03664,2025-02-04 01:54:38.815763,Evening,C,Low,5,5,90.6,Low,True,4.08,11.45,15.53,55,0,2,1,1,0,0.2824,-39.47,4.53,0,0,0,0.816
ORD-03665,2025-02-04 04:31:55.583116,Evening,C,High,14,3,169.4,High,True,23.41,12.09,35.5,38,0,2,1,1,0,0.9342,-2.5,23.72,0,1,0,1.672
ORD-03666,2025-02-04 07:09:12.350470,Evening,A,High,24,6,109.0,High,True,18.31,16.19,34.5,38,0,2,1,1,0,0.9079,-3.5,26.16,0,1,0,0.763
ORD-03667,2025-02-04 09:46:29.117823,Morning,C,High,16,5,120.4,Medium,True,11.96,14.35,26.31,38,0,2,1,1,0,0.6924,-11.69,19.26,0,0,0,0.748
ORD-03668,2025-02-04 12:23:45.885177,Morning,C,Medium,46,9,129.9,Low,False,21.43,31.46,52.89,45,0,2,1,1,0,1.1753,7.89,59.75,1,0,1,0.466
ORD-03669,2025-02-04 15:01:02.652530,Morning,C,Medium,25,1,165.3,Medium,True,31.76,12.95,44.71,45,1,2,1,1,0,0.9936,-0.29,41.32,0,0,0,1.27
ORD-03670,2025-02-04 17:38:19.419883,Night,A,High,12,8,123.4,Medium,True,6.68,8.91,15.59,38,1,2,1,1,0,0.4103,-22.41,14.81,1,0,0,0.557
ORD-03671,2025-02-04 20:15:36.187237,Night,A,Medium,30,7,151.3,Medium,True,22.49,13.82,36.31,45,0,2,1,1,0,0.8069,-8.69,45.39,1,0,0,0.75
ORD-03672,2025-02-04 22:52:52.954590,Morning,C,Medium,19,3,183.3,Low,False,19.16,20.46,39.62,45,0,2,1,1,0,0.8804,-5.38,34.83,0,0,1,1.008
ORD-03673,2025-02-05 01:30:09.721944,Evening,B,Medium,7,4,195.1,Low,True,10.17,7.41,17.58,45,0,2,1,2,0,0.3907,-27.42,13.66,0,0,0,1.453
ORD-03674,2025-02-05 04:07:26.489297,Evening,C,Medium,48,9,177.7,High,True,28.29,25.45,53.74,45,1,2,1,2,0,1.1942,8.74,85.3,1,1,0,0.589
ORD-03675,2025-02-05 06:44:43.256651,Night,B,Medium,48,4,168.1,Medium,True,50.91,24.51,75.42,45,1,2,1,2,0,1.676,30.42,80.69,0,0,0,1.061
ORD-03676,2025-02-05 09:22:00.024004,Morning,A,Urgent,39,7,144.3,Low,True,16.35,23.8,40.15,28,1,2,1,2,0,1.4339,12.15,56.28,1,0,0,0.419
ORD-03677,2025-02-05 11:59:16.791358,Evening,C,Medium,16,6,127.2,High,True,16.0,13.71,29.71,45,0,2,1,2,0,0.6602,-15.29,20.35,0,1,0,1.0
ORD-03678,2025-02-05 14:36:33.558711,Evening,B,Medium,42,9,171.6,Low,False,25.13,29.35,54.48,45,1,2,1,2,0,1.2107,9.48,72.07,1,0,1,0.598
ORD-03679,2025-02-05 17:13:50.326065,Morning,A,Urgent,15,7,108.0,Medium,True,12.45,13.12,25.57,28,0,2,1,2,0,0.9132,-2.43,16.2,1,0,0,0.83
ORD-03680,2025-02-05 19:51:07.093418,Morning,D,Medium,44,9,154.8,Low,True,18.48,20.23,38.71,45,0,2,1,2,0,0.8602,-6.29,68.11,1,0,0,0.42
ORD-03681,2025-02-05 22:28:23.860772,Morning,B,Low,45,10,107.0,High,True,35.58,26.08,61.66,55,1,2,1,2,0,1.1211,6.66,48.15,1,1,0,0.791
ORD-03682,2025-02-06 01:05:40.628125,Evening,E,High,9,2,148.3,Low,True,11.27,5.95,17.22,38,0,2,1,3,0,0.4532,-20.78,13.35,0,0,0,1.252
ORD-03683,2025-02-06 03:42:57.395479,Evening,A,Urgent,16,9,107.9,High,True,12.33,11.41,23.74,28,0,2,1,3,0,0.8479,-4.26,17.26,1,1,0,0.771
ORD-03684,2025-02-06 06:20:14.162832,Evening,E,High,35,10,134.0,Medium,True,19.11,18.11,37.22,38,0,2,1,3,0,0.9795,-0.78,46.9,1,0,0,0.546
ORD-03685,2025-02-06 08:57:30.930186,Morning,D,Medium,12,1,123.0,Low,True,14.46,7.05,21.51,45,0,2,1,3,0,0.478,-23.49,14.76,0,0,0,1.205
ORD-03686,2025-02-06 11:34:47.697539,Night,A,Medium,41,5,118.1,Low,False,26.35,27.26,53.61,45,1,2,1,3,0,1.1913,8.61,48.42,0,0,1,0.643
ORD-03687,2025-02-06 14:12:04.464892,Morning,C,High,34,3,146.5,High,True,36.44,17.82,54.26,38,1,2,1,3,0,1.4279,16.26,49.81,0,1,0,1.072
ORD-03688,2025-02-06 16:49:21.232246,Night,C,Urgent,12,10,53.0,Low,True,6.8,11.32,18.12,28,0,2,1,3,0,0.6471,-9.88,6.36,1,0,0,0.567
ORD-03689,2025-02-06 19:26:37.999599,Morning,C,Low,39,4,77.9,Low,False,21.57,26.15,47.72,55,0,2,1,3,0,0.8676,-7.28,30.38,0,0,1,0.553
ORD-03690,2025-02-06 22:03:54.766953,Night,B,High,3,2,182.1,Medium,True,16.21,9.38,25.59,38,0,2,1,3,0,0.6734,-12.41,5.46,0,0,0,5.403
ORD-03691,2025-02-07 00:41:11.534306,Night,E,High,20,1,155.9,Low,True,23.03,12.28,35.31,38,0,2,1,4,0,0.9292,-2.69,31.18,0,0,0,1.152
ORD-03692,2025-02-07 03:18:28.301660,Night,D,Low,9,8,121.1,Medium,True,10.29,11.73,22.02,55,0,2,1,4,0,0.4004,-32.98,10.9,1,0,0,1.143
ORD-03693,2025-02-07 05:55:45.069013,Night,E,Low,1,1,189.0,Medium,True,14.47,5.52,19.99,55,0,2,1,4,0,0.3635,-35.01,1.89,0,0,0,14.47
ORD-03694,2025-02-07 08:33:01.836367,Morning,D,Low,38,4,124.4,Low,False,23.2,26.02,49.22,55,0,2,1,4,0,0.8949,-5.78,47.27,0,0,1,0.611
ORD-03695,2025-02-07 11:10:18.603720,Evening,D,Urgent,8,6,126.8,Low,True,7.44,10.3,17.74,28,0,2,1,4,0,0.6336,-10.26,10.14,0,0,0,0.93
ORD-03696,2025-02-07 13:47:35.371074,Evening,D,Medium,35,1,118.7,Low,False,26.96,23.72,50.68,45,1,2,1,4,0,1.1262,5.68,41.54,0,0,1,0.77
ORD-03697,2025-02-07 16:24:52.138427,Evening,C,High,4,2,226.3,High,True,25.19,6.86,32.05,38,0,2,1,4,0,0.8434,-5.95,9.05,0,1,0,6.298
ORD-03698,2025-02-07 19:02:08.905781,Night,E,Low,45,10,159.4,Low,True,21.37,22.25,43.62,55,0,2,1,4,0,0.7931,-11.38,71.73,1,0,0,0.475
ORD-03699,2025-02-07 21:39:25.673134,Morning,C,High,49,5,157.8,Medium,True,36.89,20.35,57.24,38,1,2,1,4,0,1.5063,19.24,77.32,0,0,0,0.753
ORD-03700,2025-02-08 00:16:42.440488,Evening,A,Medium,16,4,168.7,Medium,True,14.31,8.98,23.29,45,0,2,1,5,1,0.5176,-21.71,26.99,0,0,0,0.894
ORD-03701,2025-02-08 02:53:59.207841,Night,C,Urgent,25,9,75.9,Medium,True,10.83,16.48,27.31,28,1,2,1,5,1,0.9754,-0.69,18.98,1,0,0,0.433
ORD-03702,2025-02-08 05:31:15.975195,Morning,A,Medium,32,1,126.2,Low,False,24.7,25.29,49.99,45,1,2,1,5,1,1.1109,4.99,40.38,0,0,1,0.772
ORD-03703,2025-02-08 08:08:32.742548,Morning,E,High,30,3,168.2,Low,True,28.1,15.94,44.04,38,1,2,1,5,1,1.1589,6.04,50.46,0,0,0,0.937
ORD-03704,2025-02-08 10:45:49.509901,Morning,C,High,2,9,149.8,Medium,True,3.64,5.63,9.27,38,0,2,1,5,1,0.2439,-28.73,3.0,1,0,0,1.82
ORD-03705,2025-02-08 13:23:06.277255,Night,C,Medium,49,8,238.2,Medium,True,32.88,22.59,55.47,45,0,2,1,5,1,1.2327,10.47,116.72,1,0,0,0.671
ORD-03706,2025-02-08 16:00:23.044608,Night,A,Urgent,47,5,128.6,Medium,True,32.08,25.37,57.45,28,1,2,1,5,1,2.0518,29.45,60.44,0,0,0,0.683
ORD-03707,2025-02-08 18:37:39.811962,Morning,C,Medium,25,10,187.7,Low,True,13.69,13.97,27.66,45,1,2,1,5,1,0.6147,-17.34,46.92,1,0,0,0.548
ORD-03708,2025-02-08 21:14:56.579315,Evening,B,Urgent,28,6,182.2,Medium,True,29.27,10.28,39.55,28,1,2,1,5,1,1.4125,11.55,51.02,0,0,0,1.045
ORD-03709,2025-02-08 23:52:13.346669,Evening,D,Low,9,8,155.7,Low,True,6.16,9.56,15.72,55,0,2,1,5,1,0.2858,-39.28,14.01,1,0,0,0.684
ORD-03710,2025-02-09 02:29:30.114022,Evening,C,High,38,10,163.0,Medium,True,16.74,21.68,38.42,38,1,2,1,6,1,1.0111,0.42,61.94,1,0,0,0.441
ORD-03711,2025-02-09 05:06:46.881376,Evening,C,Urgent,26,6,138.4,Medium,True,21.68,16.24,37.92,28,0,2,1,6,1,1.3543,9.92,35.98,0,0,0,0.834
ORD-03712,2025-02-09 07:44:03.648729,Night,B,Urgent,15,5,71.1,Low,True,12.99,10.89,23.88,28,0,2,1,6,1,0.8529,-4.12,10.66,0,0,0,0.866
ORD-03713,2025-02-09 10:21:20.416083,Morning,C,Medium,16,7,164.0,High,True,15.37,12.86,28.23,45,0,2,1,6,1,0.6273,-16.77,26.24,1,1,0,0.961
ORD-03714,2025-02-09 12:58:37.183436,Morning,C,Medium,5,1,167.1,Medium,True,14.63,7.54,22.17,45,0,2,1,6,1,0.4927,-22.83,8.36,0,0,0,2.926
ORD-03715,2025-02-09 15:35:53.950790,Evening,E,High,40,5,173.4,Low,True,36.51,17.2,53.71,38,0,2,1,6,1,1.4134,15.71,69.36,0,0,0,0.913
ORD-03716,2025-02-09 18:13:10.718143,Evening,E,Medium,4,7,152.5,Low,True,6.85,4.32,11.17,45,0,2,1,6,1,0.2482,-33.83,6.1,1,0,0,1.712
ORD-03717,2025-02-09 20:50:27.485497,Evening,D,Urgent,29,4,188.8,Medium,True,29.21,17.52,46.73,28,1,2,1,6,1,1.6689,18.73,54.75,0,0,0,1.007
ORD-03718,2025-02-09 23:27:44.252850,Morning,B,Medium,41,8,115.4,High,True,29.87,21.61,51.48,45,1,2,1,6,1,1.144,6.48,47.31,1,1,0,0.729
ORD-03719,2025-02-10 02:05:01.020204,Morning,A,Low,3,5,208.7,Low,True,8.84,2.0,10.84,55,0,2,1,0,0,0.1971,-44.16,6.26,0,0,0,2.947
ORD-03720,2025-02-10 04:42:17.787557,Night,E,High,8,2,110.5,Low,False,13.11,14.9,28.01,38,0,2,1,0,0,0.7371,-9.99,8.84,0,0,1,1.639
ORD-03721,2025-02-10 07:19:34.554910,Morning,E,Medium,39,2,145.7,Medium,True,37.66,19.37,57.03,45,1,2,1,0,0,1.2673,12.03,56.82,0,0,0,0.966
ORD-03722,2025-02-10 09:56:51.322264,Evening,A,Medium,42,6,177.2,Low,True,22.99,22.2,45.19,45,0,2,1,0,0,1.0042,0.19,74.42,0,0,0,0.547
ORD-03723,2025-02-10 12:34:08.089617,Night,D,Medium,5,2,129.4,Low,True,8.43,8.6,17.03,45,0,2,1,0,0,0.3784,-27.97,6.47,0,0,0,1.686
ORD-03724,2025-02-10 15:11:24.856971,Morning,B,Urgent,14,4,180.0,Low,True,22.04,11.46,33.5,28,0,2,1,0,0,1.1964,5.5,25.2,0,0,0,1.574
ORD-03725,2025-02-10 17:48:41.624324,Morning,A,Medium,31,6,136.3,Medium,True,27.02,17.64,44.66,45,1,2,1,0,0,0.9924,-0.34,42.25,0,0,0,0.872
ORD-03726,2025-02-10 20:25:58.391678,Morning,E,Urgent,28,1,154.7,Low,True,29.65,14.05,43.7,28,1,2,1,0,0,1.5607,15.7,43.32,0,0,0,1.059
ORD-03727,2025-02-10 23:03:15.159031,Evening,E,Medium,26,5,142.8,Low,True,18.19,21.82,40.01,45,1,2,1,0,0,0.8891,-4.99,37.13,0,0,0,0.7
ORD-03728,2025-02-11 01:40:31.926385,Morning,E,Medium,14,4,126.9,Low,False,12.93,12.01,24.94,45,0,2,1,1,0,0.5542,-20.06,17.77,0,0,1,0.924
ORD-03729,2025-02-11 04:17:48.693738,Evening,A,Medium,27,4,240.0,Low,False,22.94,21.03,43.97,45,0,2,1,1,0,0.9771,-1.03,64.8,0,0,1,0.85
ORD-03730,2025-02-11 06:55:05.461092,Morning,C,Medium,3,10,116.4,High,True,3.63,5.34,8.97,45,0,2,1,1,0,0.1993,-36.03,3.49,1,1,0,1.21
ORD-03731,2025-02-11 09:32:22.228445,Morning,E,Low,44,10,58.6,Low,True,15.74,18.29,34.03,55,0,2,1,1,0,0.6187,-20.97,25.78,1,0,0,0.358
ORD-03732,2025-02-11 12:09:38.995799,Morning,D,Low,28,4,117.9,Low,True,17.28,12.84,30.12,55,0,2,1,1,0,0.5476,-24.88,33.01,0,0,0,0.617
ORD-03733,2025-02-11 14:46:55.763152,Morning,B,Medium,19,9,155.3,High,True,17.84,12.93,30.77,45,0,2,1,1,0,0.6838,-14.23,29.51,1,1,0,0.939
ORD-03734,2025-02-11 17:24:12.530506,Morning,C,High,19,3,134.9,High,False,26.65,17.27,43.92,38,1,2,1,1,0,1.1558,5.92,25.63,0,1,1,1.403
ORD-03735,2025-02-11 20:01:29.297859,Night,A,Medium,19,4,190.7,High,True,26.35,12.13,38.48,45,0,2,1,1,0,0.8551,-6.52,36.23,0,1,0,1.387
ORD-03736,2025-02-11 22:38:46.065213,Morning,C,Medium,22,10,189.3,Low,True,10.3,12.87,23.17,45,0,2,1,1,0,0.5149,-21.83,41.65,1,0,0,0.468
ORD-03737,2025-02-12 01:16:02.832566,Evening,E,Medium,10,2,137.3,Medium,True,16.14,8.78,24.92,45,0,2,1,2,0,0.5538,-20.08,13.73,0,0,0,1.614
ORD-03738,2025-02-12 03:53:19.599919,Evening,A,Medium,31,4,82.7,Medium,True,19.94,20.12,40.06,45,0,2,1,2,0,0.8902,-4.94,25.64,0,0,0,0.643
ORD-03739,2025-02-12 06:30:36.367273,Evening,A,High,10,9,98.7,Medium,True,5.79,7.25,13.04,38,0,2,1,2,0,0.3432,-24.96,9.87,1,0,0,0.579
ORD-03740,2025-02-12 09:07:53.134626,Evening,C,High,16,10,148.7,Low,True,10.66,10.76,21.42,38,0,2,1,2,0,0.5637,-16.58,23.79,1,0,0,0.666
ORD-03741,2025-02-12 11:45:09.901980,Morning,C,High,44,10,87.4,Low,True,17.33,20.08,37.41,38,0,2,1,2,0,0.9845,-0.59,38.46,1,0,0,0.394
ORD-03742,2025-02-12 14:22:26.669333,Evening,B,Medium,29,9,135.3,Low,True,16.84,12.84,29.68,45,0,2,1,2,0,0.6596,-15.32,39.24,1,0,0,0.581
ORD-03743,2025-02-12 16:59:43.436687,Morning,A,Medium,46,10,206.9,Medium,True,23.17,26.15,49.32,45,1,2,1,2,0,1.096,4.32,95.17,1,0,0,0.504
ORD-03744,2025-02-12 19:37:00.204040,Night,D,High,33,5,163.7,Low,False,20.49,23.82,44.31,38,1,2,1,2,0,1.1661,6.31,54.02,0,0,1,0.621
ORD-03745,2025-02-12 22:14:16.971394,Morning,A,Urgent,40,4,151.8,Medium,True,28.57,20.18,48.75,28,1,2,1,2,0,1.7411,20.75,60.72,0,0,0,0.714
ORD-03746,2025-02-13 00:51:33.738747,Evening,C,Medium,5,4,108.4,Medium,True,8.28,5.43,13.71,45,0,2,1,3,0,0.3047,-31.29,5.42,0,0,0,1.656
ORD-03747,2025-02-13 03:28:50.506101,Evening,C,Medium,26,2,157.3,High,True,34.82,14.54,49.36,45,0,2,1,3,0,1.0969,4.36,40.9,0,1,0,1.339
ORD-03748,2025-02-13 06:06:07.273454,Evening,B,High,18,2,139.7,High,True,33.65,10.46,44.11,38,1,2,1,3,0,1.1608,6.11,25.15,0,1,0,1.869
ORD-03749,2025-02-13 08:43:24.040808,Morning,C,Urgent,1,10,159.5,Medium,False,3.0,4.65,7.65,28,0,2,1,3,0,0.2732,-20.35,1.6,1,0,1,3.0
ORD-03750,2025-02-13 11:20:40.808161,Evening,D,Medium,5,2,179.1,Low,True,11.14,6.12,17.26,45,0,2,1,3,0,0.3836,-27.74,8.96,0,0,0,2.228
ORD-03751,2025-02-13 13:57:57.575515,Evening,C,Low,10,7,185.9,High,False,15.59,11.65,27.24,55,0,2,1,3,0,0.4953,-27.76,18.59,1,1,1,1.559
ORD-03752,2025-02-13 16:35:14.342868,Evening,C,High,1,3,155.2,Low,True,3.06,3.5,6.56,38,0,2,1,3,0,0.1726,-31.44,1.55,0,0,0,3.06
ORD-03753,2025-02-13 19:12:31.110222,Morning,B,High,22,7,170.5,Low,True,17.53,12.17,29.7,38,0,2,1,3,0,0.7816,-8.3,37.51,1,0,0,0.797
ORD-03754,2025-02-13 21:49:47.877575,Morning,B,Low,3,5,129.5,Low,True,9.92,6.25,16.17,55,0,2,1,3,0,0.294,-38.83,3.88,0,0,0,3.307
ORD-03755,2025-02-14 00:27:04.644928,Morning,C,Medium,42,2,195.3,Medium,False,44.38,25.57,69.95,45,1,2,1,4,0,1.5544,24.95,82.03,0,0,1,1.057
ORD-03756,2025-02-14 03:04:21.412282,Night,C,Medium,30,4,114.5,Low,False,16.66,21.0,37.66,45,0,2,1,4,0,0.8369,-7.34,34.35,0,0,1,0.555
ORD-03757,2025-02-14 05:41:38.179635,Evening,B,High,49,8,141.7,Low,True,32.55,26.44,58.99,38,1,2,1,4,0,1.5524,20.99,69.43,1,0,0,0.664
ORD-03758,2025-02-14 08:18:54.946989,Evening,A,High,5,9,199.5,Low,True,3.0,6.1,9.1,38,0,2,1,4,0,0.2395,-28.9,9.98,1,0,0,0.6
ORD-03759,2025-02-14 10:56:11.714342,Evening,D,Low,4,3,130.7,Medium,True,12.4,7.28,19.68,55,0,2,1,4,0,0.3578,-35.32,5.23,0,0,0,3.1
ORD-03760,2025-02-14 13:33:28.481696,Evening,A,Medium,44,3,96.4,Medium,True,32.15,25.72,57.87,45,1,2,1,4,0,1.286,12.87,42.42,0,0,0,0.731
ORD-03761,2025-02-14 16:10:45.249049,Evening,E,High,20,8,133.6,Medium,True,13.03,12.1,25.13,38,0,2,1,4,0,0.6613,-12.87,26.72,1,0,0,0.652
ORD-03762,2025-02-14 18:48:02.016403,Evening,C,Low,38,5,205.7,Low,False,27.91,24.27,52.18,55,1,2,1,4,0,0.9487,-2.82,78.17,0,0,1,0.734
ORD-03763,2025-02-14 21:25:18.783756,Evening,A,Medium,10,1,59.2,High,False,10.59,10.72,21.31,45,0,2,1,4,0,0.4736,-23.69,5.92,0,1,1,1.059
ORD-03764,2025-02-15 00:02:35.551110,Morning,C,Medium,1,2,154.1,Low,True,9.53,3.91,13.44,45,0,2,1,5,1,0.2987,-31.56,1.54,0,0,0,9.53
ORD-03765,2025-02-15 02:39:52.318463,Night,B,Medium,25,4,124.6,Low,True,23.57,18.08,41.65,45,1,2,1,5,1,0.9256,-3.35,31.15,0,0,0,0.943
ORD-03766,2025-02-15 05:17:09.085817,Night,E,High,29,3,143.3,Medium,True,18.82,16.25,35.07,38,0,2,1,5,1,0.9229,-2.93,41.56,0,0,0,0.649
ORD-03767,2025-02-15 07:54:25.853170,Evening,E,Low,6,2,136.1,Medium,False,10.73,9.23,19.96,55,0,2,1,5,1,0.3629,-35.04,8.17,0,0,1,1.788
ORD-03768,2025-02-15 10:31:42.620524,Night,D,High,1,8,188.4,Medium,True,7.34,9.13,16.47,38,0,2,1,5,1,0.4334,-21.53,1.88,1,0,0,7.34
ORD-03769,2025-02-15 13:08:59.387877,Night,C,High,11,5,152.2,Low,False,14.27,13.77,28.04,38,0,2,1,5,1,0.7379,-9.96,16.74,0,0,1,1.297
ORD-03770,2025-02-15 15:46:16.155231,Evening,E,Medium,6,8,190.4,High,True,13.62,12.79,26.41,45,0,2,1,5,1,0.5869,-18.59,11.42,1,1,0,2.27
ORD-03771,2025-02-15 18:23:32.922584,Evening,C,High,50,1,201.4,Medium,True,52.27,23.36,75.63,38,1,2,1,5,1,1.9903,37.63,100.7,0,0,0,1.045
ORD-03772,2025-02-15 21:00:49.689937,Evening,E,Medium,50,5,151.2,High,True,44.36,25.28,69.64,45,1,2,1,5,1,1.5476,24.64,75.6,0,1,0,0.887
ORD-03773,2025-02-15 23:38:06.457291,Morning,A,High,1,5,135.6,Medium,True,8.59,4.47,13.06,38,0,2,1,5,1,0.3437,-24.94,1.36,0,0,0,8.59
ORD-03774,2025-02-16 02:15:23.224644,Morning,E,Low,23,6,165.1,Medium,True,22.54,15.48,38.02,55,0,2,1,6,1,0.6913,-16.98,37.97,0,0,0,0.98
ORD-03775,2025-02-16 04:52:39.991998,Evening,C,Urgent,20,10,172.8,Low,True,6.76,15.0,21.76,28,0,2,1,6,1,0.7771,-6.24,34.56,1,0,0,0.338
ORD-03776,2025-02-16 07:29:56.759351,Night,B,Low,2,5,103.9,Medium,True,10.67,7.2,17.87,55,0,2,1,6,1,0.3249,-37.13,2.08,0,0,0,5.335
ORD-03777,2025-02-16 10:07:13.526705,Morning,E,Medium,34,5,159.4,Medium,True,29.46,17.43,46.89,45,0,2,1,6,1,1.042,1.89,54.2,0,0,0,0.866
ORD-03778,2025-02-16 12:44:30.294058,Night,D,Low,43,9,139.9,High,True,24.39,22.78,47.17,55,0,2,1,6,1,0.8576,-7.83,60.16,1,1,0,0.567
ORD-03779,2025-02-16 15:21:47.061412,Evening,E,Medium,31,4,133.2,High,False,32.83,22.08,54.91,45,1,2,1,6,1,1.2202,9.91,41.29,0,1,1,1.059
ORD-03780,2025-02-16 17:59:03.828765,Evening,A,Low,46,4,122.4,Medium,True,30.56,22.81,53.37,55,1,2,1,6,1,0.9704,-1.63,56.3,0,0,0,0.664
ORD-03781,2025-02-16 20:36:20.596119,Morning,C,Low,32,2,125.0,High,True,38.17,14.53,52.7,55,1,2,1,6,1,0.9582,-2.3,40.0,0,1,0,1.193
ORD-03782,2025-02-16 23:13:37.363472,Evening,D,Low,28,8,200.2,High,True,23.32,14.73,38.05,55,0,2,1,6,1,0.6918,-16.95,56.06,1,1,0,0.833
ORD-03783,2025-02-17 01:50:54.130826,Morning,A,Low,48,1,135.4,High,True,53.03,25.17,78.2,55,1,2,1,0,0,1.4218,23.2,64.99,0,1,0,1.105
ORD-03784,2025-02-17 04:28:10.898179,Morning,D,High,36,3,195.8,Low,True,26.7,22.22,48.92,38,0,2,1,0,0,1.2874,10.92,70.49,0,0,0,0.742
ORD-03785,2025-02-17 07:05:27.665533,Morning,C,Medium,39,5,155.2,Low,True,25.96,20.33,46.29,45,1,2,1,0,0,1.0287,1.29,60.53,0,0,0,0.666
ORD-03786,2025-02-17 09:42:44.432886,Morning,B,Low,40,5,104.7,High,True,43.77,21.65,65.42,55,1,2,1,0,0,1.1895,10.42,41.88,0,1,0,1.094
ORD-03787,2025-02-17 12:20:01.200240,Morning,D,Urgent,2,1,157.6,Medium,False,12.87,8.51,21.38,28,0,2,1,0,0,0.7636,-6.62,3.15,0,0,1,6.435
ORD-03788,2025-02-17 14:57:17.967593,Evening,A,High,37,6,102.5,Medium,True,24.8,20.33,45.13,38,1,2,1,0,0,1.1876,7.13,37.92,0,0,0,0.67
ORD-03789,2025-02-17 17:34:34.734946,Evening,D,Medium,38,10,174.3,Low,False,15.4,22.54,37.94,45,1,2,1,0,0,0.8431,-7.06,66.23,1,0,1,0.405
ORD-03790,2025-02-17 20:11:51.502300,Morning,E,Medium,25,2,141.7,Low,True,22.61,12.7,35.31,45,1,2,1,0,0,0.7847,-9.69,35.42,0,0,0,0.904
ORD-03791,2025-02-17 22:49:08.269653,Night,C,Medium,29,5,184.2,Low,False,17.31,26.51,43.82,45,1,2,1,0,0,0.9738,-1.18,53.42,0,0,1,0.597
ORD-03792,2025-02-18 01:26:25.037007,Evening,C,Medium,42,6,207.3,Low,True,22.01,26.72,48.73,45,1,2,1,1,0,1.0829,3.73,87.07,0,0,0,0.524
ORD-03793,2025-02-18 04:03:41.804360,Night,B,High,8,4,80.6,Medium,True,10.8,7.1,17.9,38,0,2,1,1,0,0.4711,-20.1,6.45,0,0,0,1.35
ORD-03794,2025-02-18 06:40:58.571714,Evening,B,Medium,27,6,131.6,Medium,True,29.38,13.89,43.27,45,1,2,1,1,0,0.9616,-1.73,35.53,0,0,0,1.088
ORD-03795,2025-02-18 09:18:15.339067,Morning,E,Urgent,39,4,101.6,Medium,True,29.04,20.09,49.13,28,1,2,1,1,0,1.7546,21.13,39.62,0,0,0,0.745
ORD-03796,2025-02-18 11:55:32.106421,Night,B,High,13,2,236.3,Low,True,23.35,9.52,32.87,38,0,2,1,1,0,0.865,-5.13,30.72,0,0,0,1.796
ORD-03797,2025-02-18 14:32:48.873774,Night,B,Urgent,14,9,132.4,Low,True,8.83,12.36,21.19,28,0,2,1,1,0,0.7568,-6.81,18.54,1,0,0,0.631
ORD-03798,2025-02-18 17:10:05.641128,Evening,B,Medium,1,10,97.4,Medium,True,3.0,4.08,7.08,45,0,2,1,1,0,0.1573,-37.92,0.97,1,0,0,3.0
ORD-03799,2025-02-18 19:47:22.408481,Evening,C,High,16,4,239.6,Low,False,16.6,9.11,25.71,38,0,2,1,1,0,0.6766,-12.29,38.34,0,0,1,1.038
ORD-03800,2025-02-18 22:24:39.175835,Evening,D,High,18,1,121.0,High,False,23.91,12.53,36.44,38,1,2,1,1,0,0.9589,-1.56,21.78,0,1,1,1.328
ORD-03801,2025-02-19 01:01:55.943188,Evening,A,High,48,2,85.1,Low,True,29.99,25.3,55.29,38,1,2,1,2,0,1.455,17.29,40.85,0,0,0,0.625
ORD-03802,2025-02-19 03:39:12.710542,Night,B,Low,5,9,103.7,Low,True,4.8,6.66,11.46,55,0,2,1,2,0,0.2084,-43.54,5.18,1,0,0,0.96
ORD-03803,2025-02-19 06:16:29.477895,Evening,A,Low,33,9,155.7,Medium,False,16.52,22.78,39.3,55,0,2,1,2,0,0.7145,-15.7,51.38,1,0,1,0.501
ORD-03804,2025-02-19 08:53:46.245249,Morning,A,Medium,4,5,151.8,Medium,False,9.76,10.28,20.04,45,0,2,1,2,0,0.4453,-24.96,6.07,0,0,1,2.44
ORD-03805,2025-02-19 11:31:03.012602,Morning,B,Medium,40,9,116.6,Low,True,23.35,19.9,43.25,45,0,2,1,2,0,0.9611,-1.75,46.64,1,0,0,0.584
ORD-03806,2025-02-19 14:08:19.779955,Morning,D,Urgent,24,3,130.6,Medium,True,16.18,17.91,34.09,28,1,2,1,2,0,1.2175,6.09,31.34,0,0,0,0.674
ORD-03807,2025-02-19 16:45:36.547309,Morning,C,High,22,5,152.1,Low,False,15.09,19.38,34.47,38,1,2,1,2,0,0.9071,-3.53,33.46,0,0,1,0.686
ORD-03808,2025-02-19 19:22:53.314662,Morning,A,Low,48,2,203.0,Low,True,36.56,26.39,62.95,55,0,2,1,2,0,1.1445,7.95,97.44,0,0,0,0.762
ORD-03809,2025-02-19 22:00:10.082016,Night,C,Medium,38,6,163.3,Low,True,24.58,20.96,45.54,45,0,2,1,2,0,1.012,0.54,62.05,0,0,0,0.647
ORD-03810,2025-02-20 00:37:26.849369,Morning,D,Medium,6,7,127.5,Medium,True,7.77,7.57,15.34,45,0,2,1,3,0,0.3409,-29.66,7.65,1,0,0,1.295
ORD-03811,2025-02-20 03:14:43.616723,Morning,B,High,14,10,140.9,Medium,True,14.36,7.49,21.85,38,0,2,1,3,0,0.575,-16.15,19.73,1,0,0,1.026
ORD-03812,2025-02-20 05:52:00.384076,Morning,A,Urgent,14,8,180.8,High,True,11.92,9.36,21.28,28,0,2,1,3,0,0.76,-6.72,25.31,1,1,0,0.851
ORD-03813,2025-02-20 08:29:17.151430,Evening,D,Low,31,7,217.2,Medium,True,23.05,18.27,41.32,55,0,2,1,3,0,0.7513,-13.68,67.33,1,0,0,0.744
ORD-03814,2025-02-20 11:06:33.918783,Evening,A,Medium,42,7,105.8,Low,True,25.45,18.51,43.96,45,1,2,1,3,0,0.9769,-1.04,44.44,1,0,0,0.606
ORD-03815,2025-02-20 13:43:50.686137,Evening,D,Urgent,32,7,194.6,Medium,False,21.74,26.03,47.77,28,0,2,1,3,0,1.7061,19.77,62.27,1,0,1,0.679
ORD-03816,2025-02-20 16:21:07.453490,Night,D,High,21,5,137.5,Medium,True,17.2,12.34,29.54,38,0,2,1,3,0,0.7774,-8.46,28.88,0,0,0,0.819
ORD-03817,2025-02-20 18:58:24.220844,Night,E,High,38,6,85.0,Medium,False,26.66,28.82,55.48,38,0,2,1,3,0,1.46,17.48,32.3,0,0,1,0.702
ORD-03818,2025-02-20 21:35:40.988197,Night,A,Medium,38,2,77.1,Low,True,23.81,19.54,43.35,45,0,2,1,3,0,0.9633,-1.65,29.3,0,0,0,0.627
ORD-03819,2025-02-21 00:12:57.755551,Night,A,Medium,5,1,203.4,Low,True,10.8,5.42,16.22,45,0,2,1,4,0,0.3604,-28.78,10.17,0,0,0,2.16
ORD-03820,2025-02-21 02:50:14.522904,Morning,E,High,28,8,208.1,Medium,False,21.72,22.12,43.84,38,1,2,1,4,0,1.1537,5.84,58.27,1,0,1,0.776
ORD-03821,2025-02-21 05:27:31.290258,Evening,C,Low,36,5,127.2,Medium,True,22.81,18.26,41.07,55,0,2,1,4,0,0.7467,-13.93,45.79,0,0,0,0.634
ORD-03822,2025-02-21 08:04:48.057611,Morning,B,High,31,9,141.5,High,True,28.91,15.25,44.16,38,1,2,1,4,0,1.1621,6.16,43.86,1,1,0,0.933
ORD-03823,2025-02-21 10:42:04.824964,Night,C,High,13,2,78.7,Medium,True,15.14,8.29,23.43,38,0,2,1,4,0,0.6166,-14.57,10.23,0,0,0,1.165
ORD-03824,2025-02-21 13:19:21.592318,Morning,A,Medium,9,4,180.5,Medium,True,10.18,6.61,16.79,45,0,2,1,4,0,0.3731,-28.21,16.24,0,0,0,1.131
ORD-03825,2025-02-21 15:56:38.359671,Morning,C,Medium,15,3,148.9,Low,True,15.76,13.23,28.99,45,0,2,1,4,0,0.6442,-16.01,22.34,0,0,0,1.051
ORD-03826,2025-02-21 18:33:55.127025,Morning,E,High,18,9,87.9,Low,False,8.74,16.21,24.95,38,0,2,1,4,0,0.6566,-13.05,15.82,1,0,1,0.486
ORD-03827,2025-02-21 21:11:11.894378,Evening,D,Urgent,47,4,158.2,Low,True,32.28,22.78,55.06,28,1,2,1,4,0,1.9664,27.06,74.35,0,0,0,0.687
ORD-03828,2025-02-21 23:48:28.661732,Evening,C,Medium,32,7,94.4,Low,True,20.02,15.98,36.0,45,0,2,1,4,0,0.8,-9.0,30.21,1,0,0,0.626
ORD-03829,2025-02-22 02:25:45.429085,Morning,E,High,42,1,172.3,Low,True,39.3,21.38,60.68,38,1,2,1,5,1,1.5968,22.68,72.37,0,0,0,0.936
ORD-03830,2025-02-22 05:03:02.196439,Evening,D,Low,2,6,106.7,Medium,False,8.32,6.87,15.19,55,0,2,1,5,1,0.2762,-39.81,2.13,0,0,1,4.16
ORD-03831,2025-02-22 07:40:18.963792,Morning,A,Urgent,40,5,163.5,Low,True,24.11,22.45,46.56,28,1,2,1,5,1,1.6629,18.56,65.4,0,0,0,0.603
ORD-03832,2025-02-22 10:17:35.731146,Night,D,High,10,7,123.9,Low,True,8.37,4.03,12.4,38,0,2,1,5,1,0.3263,-25.6,12.39,1,0,0,0.837
ORD-03833,2025-02-22 12:54:52.498499,Morning,A,Low,29,6,55.4,Low,True,13.94,10.87,24.81,55,0,2,1,5,1,0.4511,-30.19,16.07,0,0,0,0.481
ORD-03834,2025-02-22 15:32:09.265853,Morning,B,High,20,2,189.8,Medium,True,29.84,11.43,41.27,38,0,2,1,5,1,1.0861,3.27,37.96,0,0,0,1.492
ORD-03835,2025-02-22 18:09:26.033206,Evening,C,High,44,1,192.0,Low,True,38.01,20.38,58.39,38,1,2,1,5,1,1.5366,20.39,84.48,0,0,0,0.864
ORD-03836,2025-02-22 20:46:42.800560,Evening,A,High,34,2,129.1,High,True,36.57,17.64,54.21,38,1,2,1,5,1,1.4266,16.21,43.89,0,1,0,1.076
ORD-03837,2025-02-22 23:23:59.567913,Night,A,Medium,24,3,161.0,High,True,28.43,13.61,42.04,45,1,2,1,5,1,0.9342,-2.96,38.64,0,1,0,1.185
ORD-03838,2025-02-23 02:01:16.335267,Evening,C,High,26,8,167.5,High,True,22.16,14.0,36.16,38,0,2,1,6,1,0.9516,-1.84,43.55,1,1,0,0.852
ORD-03839,2025-02-23 04:38:33.102620,Night,B,High,36,3,168.8,Medium,True,42.69,19.95,62.64,38,1,2,1,6,1,1.6484,24.64,60.77,0,0,0,1.186
ORD-03840,2025-02-23 07:15:49.869973,Morning,C,Medium,36,10,219.0,High,True,27.0,20.59,47.59,45,1,2,1,6,1,1.0576,2.59,78.84,1,1,0,0.75
ORD-03841,2025-02-23 09:53:06.637327,Morning,B,Medium,29,1,166.7,Low,True,33.28,17.19,50.47,45,1,2,1,6,1,1.1216,5.47,48.34,0,0,0,1.148
ORD-03842,2025-02-23 12:30:23.404680,Night,D,Urgent,37,6,135.7,Medium,True,20.27,19.29,39.56,28,1,2,1,6,1,1.4129,11.56,50.21,0,0,0,0.548
ORD-03843,2025-02-23 15:07:40.172034,Morning,E,High,40,8,167.1,Low,True,23.44,21.59,45.03,38,0,2,1,6,1,1.185,7.03,66.84,1,0,0,0.586
ORD-03844,2025-02-23 17:44:56.939387,Night,A,Medium,2,1,132.8,Low,False,9.98,7.36,17.34,45,0,2,1,6,1,0.3853,-27.66,2.66,0,0,1,4.99
ORD-03845,2025-02-23 20:22:13.706741,Morning,D,High,19,6,107.4,High,True,17.58,13.36,30.94,38,1,2,1,6,1,0.8142,-7.06,20.41,0,1,0,0.925
ORD-03846,2025-02-23 22:59:30.474094,Evening,A,Low,46,1,198.8,Medium,True,41.45,21.15,62.6,55,0,2,1,6,1,1.1382,7.6,91.45,0,0,0,0.901
ORD-03847,2025-02-24 01:36:47.241448,Morning,B,High,17,8,171.4,Low,True,15.16,10.05,25.21,38,0,2,1,0,0,0.6634,-12.79,29.14,1,0,0,0.892
ORD-03848,2025-02-24 04:14:04.008801,Evening,B,Medium,42,5,75.5,Low,True,31.14,22.57,53.71,45,1,2,1,0,0,1.1936,8.71,31.71,0,0,0,0.741
ORD-03849,2025-02-24 06:51:20.776155,Night,A,Low,28,9,122.7,Medium,True,12.36,16.2,28.56,55,0,2,1,0,0,0.5193,-26.44,34.36,1,0,0,0.441
ORD-03850,2025-02-24 09:28:37.543508,Morning,A,Urgent,14,7,180.3,High,True,14.92,10.61,25.53,28,0,2,1,0,0,0.9118,-2.47,25.24,1,1,0,1.066
ORD-03851,2025-02-24 12:05:54.310862,Morning,D,High,18,4,87.4,High,True,17.05,10.35,27.4,38,0,2,1,0,0,0.7211,-10.6,15.73,0,1,0,0.947
ORD-03852,2025-02-24 14:43:11.078215,Morning,D,Medium,25,2,119.9,Low,True,21.79,11.24,33.03,45,0,2,1,0,0,0.734,-11.97,29.98,0,0,0,0.872
ORD-03853,2025-02-24 17:20:27.845569,Morning,E,Urgent,7,2,256.5,Low,True,18.25,11.68,29.93,28,0,2,1,0,0,1.0689,1.93,17.95,0,0,0,2.607
ORD-03854,2025-02-24 19:57:44.612922,Morning,E,Urgent,16,1,136.8,Low,True,16.65,9.22,25.87,28,0,2,1,0,0,0.9239,-2.13,21.89,0,0,0,1.041
ORD-03855,2025-02-24 22:35:01.380276,Night,B,High,35,4,193.3,Medium,False,40.2,24.94,65.14,38,1,2,1,0,0,1.7142,27.14,67.66,0,0,1,1.149
ORD-03856,2025-02-25 01:12:18.147629,Morning,A,Low,46,8,210.0,Medium,False,25.81,30.53,56.34,55,1,2,1,1,0,1.0244,1.34,96.6,1,0,1,0.561
ORD-03857,2025-02-25 03:49:34.914982,Evening,A,Low,48,4,113.7,Medium,True,32.88,24.32,57.2,55,1,2,1,1,0,1.04,2.2,54.58,0,0,0,0.685
ORD-03858,2025-02-25 06:26:51.682336,Evening,C,High,20,2,160.7,Medium,True,25.25,13.91,39.16,38,1,2,1,1,0,1.0305,1.16,32.14,0,0,0,1.262
ORD-03859,2025-02-25 09:04:08.449689,Morning,E,Urgent,40,1,232.4,Low,True,34.38,20.43,54.81,28,1,2,1,1,0,1.9575,26.81,92.96,0,0,0,0.86
ORD-03860,2025-02-25 11:41:25.217043,Morning,B,Medium,20,5,168.4,Low,False,24.73,16.99,41.72,45,1,2,1,1,0,0.9271,-3.28,33.68,0,0,1,1.236
ORD-03861,2025-02-25 14:18:41.984396,Evening,A,Medium,41,3,244.6,Low,True,38.21,19.48,57.69,45,1,2,1,1,0,1.282,12.69,100.29,0,0,0,0.932
ORD-03862,2025-02-25 16:55:58.751750,Evening,B,Low,46,8,124.5,Medium,True,33.34,21.81,55.15,55,1,2,1,1,0,1.0027,0.15,57.27,1,0,0,0.725
ORD-03863,2025-02-25 19:33:15.519103,Night,E,Medium,23,4,221.9,Medium,False,24.85,14.09,38.94,45,1,2,1,1,0,0.8653,-6.06,51.04,0,0,1,1.08
ORD-03864,2025-02-25 22:10:32.286457,Evening,C,High,31,2,150.7,High,True,40.49,17.86,58.35,38,1,2,1,1,0,1.5355,20.35,46.72,0,1,0,1.306
ORD-03865,2025-02-26 00:47:49.053810,Evening,D,Low,44,3,136.9,Low,False,28.77,26.26,55.03,55,0,2,1,2,0,1.0005,0.03,60.24,0,0,1,0.654
ORD-03866,2025-02-26 03:25:05.821164,Night,C,High,7,5,175.6,High,True,14.06,5.14,19.2,38,0,2,1,2,0,0.5053,-18.8,12.29,0,1,0,2.009
ORD-03867,2025-02-26 06:02:22.588517,Night,B,High,13,1,145.5,Low,True,17.92,9.91,27.83,38,0,2,1,2,0,0.7324,-10.17,18.92,0,0,0,1.378
ORD-03868,2025-02-26 08:39:39.355871,Night,B,Medium,32,2,146.6,Low,True,32.81,17.52,50.33,45,1,2,1,2,0,1.1184,5.33,46.91,0,0,0,1.025
ORD-03869,2025-02-26 11:16:56.123224,Morning,D,Urgent,9,10,169.4,Low,False,7.07,10.58,17.65,28,0,2,1,2,0,0.6304,-10.35,15.25,1,0,1,0.786
ORD-03870,2025-02-26 13:54:12.890578,Night,D,Low,40,4,77.7,Low,True,24.31,20.21,44.52,55,0,2,1,2,0,0.8095,-10.48,31.08,0,0,0,0.608
ORD-03871,2025-02-26 16:31:29.657931,Night,B,Low,14,8,118.1,Low,True,12.51,12.2,24.71,55,0,2,1,2,0,0.4493,-30.29,16.53,1,0,0,0.894
ORD-03872,2025-02-26 19:08:46.425285,Night,B,Medium,17,10,178.9,Low,False,14.06,18.58,32.64,45,0,2,1,2,0,0.7253,-12.36,30.41,1,0,1,0.827
ORD-03873,2025-02-26 21:46:03.192638,Evening,A,Medium,41,2,189.7,Medium,True,37.15,18.48,55.63,45,1,2,1,2,0,1.2362,10.63,77.78,0,0,0,0.906
ORD-03874,2025-02-27 00:23:19.959992,Night,A,Medium,27,7,164.3,Medium,True,21.34,14.4,35.74,45,0,2,1,3,0,0.7942,-9.26,44.36,1,0,0,0.79
ORD-03875,2025-02-27 03:00:36.727345,Evening,A,Urgent,40,9,161.0,Medium,True,20.49,20.42,40.91,28,1,2,1,3,0,1.4611,12.91,64.4,1,0,0,0.512
ORD-03876,2025-02-27 05:37:53.494698,Evening,A,Medium,32,1,166.1,High,True,44.48,17.56,62.04,45,1,2,1,3,0,1.3787,17.04,53.15,0,1,0,1.39
ORD-03877,2025-02-27 08:15:10.262052,Evening,D,Medium,26,4,188.3,Medium,True,21.74,15.97,37.71,45,0,2,1,3,0,0.838,-7.29,48.96,0,0,0,0.836
ORD-03878,2025-02-27 10:52:27.029405,Evening,D,High,26,2,93.0,High,True,27.33,15.2,42.53,38,1,2,1,3,0,1.1192,4.53,24.18,0,1,0,1.051
ORD-03879,2025-02-27 13:29:43.796759,Night,D,Urgent,41,1,129.6,Low,True,35.0,22.91,57.91,28,1,2,1,3,0,2.0682,29.91,53.14,0,0,0,0.854
ORD-03880,2025-02-27 16:07:00.564112,Morning,D,Medium,50,3,147.0,High,True,48.34,26.86,75.2,45,1,2,1,3,0,1.6711,30.2,73.5,0,1,0,0.967
ORD-03881,2025-02-27 18:44:17.331466,Morning,E,Low,2,2,157.8,Low,True,11.31,6.51,17.82,55,0,2,1,3,0,0.324,-37.18,3.16,0,0,0,5.655
ORD-03882,2025-02-27 21:21:34.098819,Morning,E,Medium,26,9,65.6,Medium,True,14.36,14.93,29.29,45,0,2,1,3,0,0.6509,-15.71,17.06,1,0,0,0.552
ORD-03883,2025-02-27 23:58:50.866173,Evening,B,Medium,40,3,99.7,Medium,True,41.17,23.04,64.21,45,1,2,1,3,0,1.4269,19.21,39.88,0,0,0,1.029
ORD-03884,2025-02-28 02:36:07.633526,Evening,A,Medium,33,8,149.3,Low,True,16.23,16.89,33.12,45,0,2,1,4,0,0.736,-11.88,49.27,1,0,0,0.492
ORD-03885,2025-02-28 05:13:24.400880,Night,A,High,25,1,190.5,Low,False,23.12,20.24,43.36,38,0,2,1,4,0,1.1411,5.36,47.62,0,0,1,0.925
ORD-03886,2025-02-28 07:50:41.168233,Night,E,Medium,40,7,133.2,Low,False,18.64,28.3,46.94,45,1,2,1,4,0,1.0431,1.94,53.28,1,0,1,0.466
ORD-03887,2025-02-28 10:27:57.935587,Evening,A,Medium,24,7,123.3,Medium,True,17.78,14.92,32.7,45,1,2,1,4,0,0.7267,-12.3,29.59,1,0,0,0.741
ORD-03888,2025-02-28 13:05:14.702940,Morning,B,High,7,2,171.1,High,True,19.74,2.0,21.74,38,0,2,1,4,0,0.5721,-16.26,11.98,0,1,0,2.82
ORD-03889,2025-02-28 15:42:31.470294,Evening,C,Medium,14,5,136.9,Low,True,14.08,10.05,24.13,45,0,2,1,4,0,0.5362,-20.87,19.17,0,0,0,1.006
ORD-03890,2025-02-28 18:19:48.237647,Night,C,Low,3,10,185.2,Low,True,5.03,6.99,12.02,55,0,2,1,4,0,0.2185,-42.98,5.56,1,0,0,1.677
ORD-03891,2025-02-28 20:57:05.005001,Evening,C,High,36,7,141.1,Medium,True,21.28,18.06,39.34,38,1,2,1,4,0,1.0353,1.34,50.8,1,0,0,0.591
ORD-03892,2025-02-28 23:34:21.772354,Night,D,Low,49,9,105.4,Low,False,21.81,35.94,57.75,55,0,2,1,4,0,1.05,2.75,51.65,1,0,1,0.445
ORD-03893,2025-03-01 02:11:38.539707,Night,C,Low,19,5,206.8,Low,True,14.13,12.84,26.97,55,0,3,1,5,1,0.4904,-28.03,39.29,0,0,0,0.744
ORD-03894,2025-03-01 04:48:55.307061,Morning,E,Low,37,3,199.5,Low,True,29.79,19.88,49.67,55,1,3,1,5,1,0.9031,-5.33,73.82,0,0,0,0.805
ORD-03895,2025-03-01 07:26:12.074414,Evening,A,Medium,50,5,111.8,Medium,True,31.23,22.68,53.91,45,0,3,1,5,1,1.198,8.91,55.9,0,0,0,0.625
ORD-03896,2025-03-01 10:03:28.841768,Evening,E,High,20,5,165.8,Low,True,17.73,10.58,28.31,38,0,3,1,5,1,0.745,-9.69,33.16,0,0,0,0.887
ORD-03897,2025-03-01 12:40:45.609121,Evening,C,Medium,45,10,136.9,Low,True,16.24,21.8,38.04,45,0,3,1,5,1,0.8453,-6.96,61.6,1,0,0,0.361
ORD-03898,2025-03-01 15:18:02.376475,Morning,A,Medium,1,5,174.8,Low,True,10.92,9.19,20.11,45,0,3,1,5,1,0.4469,-24.89,1.75,0,0,0,10.92
ORD-03899,2025-03-01 17:55:19.143828,Morning,E,Medium,34,7,115.0,Medium,False,19.2,21.83,41.03,45,1,3,1,5,1,0.9118,-3.97,39.1,1,0,1,0.565
ORD-03900,2025-03-01 20:32:35.911182,Morning,E,Low,9,6,184.9,Low,False,21.85,10.42,32.27,55,0,3,1,5,1,0.5867,-22.73,16.64,0,0,1,2.428
ORD-03901,2025-03-01 23:09:52.678535,Evening,D,High,40,4,197.8,Medium,False,29.01,29.23,58.24,38,1,3,1,5,1,1.5326,20.24,79.12,0,0,1,0.725
ORD-03902,2025-03-02 01:47:09.445889,Morning,E,Urgent,1,4,112.1,High,True,15.64,9.17,24.81,28,0,3,1,6,1,0.8861,-3.19,1.12,0,1,0,15.64
ORD-03903,2025-03-02 04:24:26.213242,Evening,B,Medium,42,9,152.7,Low,True,27.36,18.94,46.3,45,0,3,1,6,1,1.0289,1.3,64.13,1,0,0,0.651
ORD-03904,2025-03-02 07:01:42.980596,Evening,A,Medium,20,3,198.6,Low,True,19.22,14.82,34.04,45,0,3,1,6,1,0.7564,-10.96,39.72,0,0,0,0.961
ORD-03905,2025-03-02 09:38:59.747949,Evening,A,High,12,5,109.9,Low,False,10.44,6.69,17.13,38,0,3,1,6,1,0.4508,-20.87,13.19,0,0,1,0.87
ORD-03906,2025-03-02 12:16:16.515303,Night,E,Low,28,7,123.2,High,True,23.47,17.5,40.97,55,0,3,1,6,1,0.7449,-14.03,34.5,1,1,0,0.838
ORD-03907,2025-03-02 14:53:33.282656,Evening,D,Medium,50,1,176.5,Medium,True,44.39,23.15,67.54,45,1,3,1,6,1,1.5009,22.54,88.25,0,0,0,0.888
ORD-03908,2025-03-02 17:30:50.050010,Morning,E,Urgent,9,7,143.6,High,True,11.53,11.22,22.75,28,0,3,1,6,1,0.8125,-5.25,12.92,1,1,0,1.281
ORD-03909,2025-03-02 20:08:06.817363,Night,D,Low,16,9,87.0,High,False,12.45,17.57,30.02,55,0,3,1,6,1,0.5458,-24.98,13.92,1,1,1,0.778
ORD-03910,2025-03-02 22:45:23.584716,Night,C,Low,32,5,137.2,High,True,31.31,18.08,49.39,55,1,3,1,6,1,0.898,-5.61,43.9,0,1,0,0.978
ORD-03911,2025-03-03 01:22:40.352070,Evening,A,Medium,5,6,219.9,High,True,12.18,6.78,18.96,45,0,3,1,0,0,0.4213,-26.04,11.0,0,1,0,2.436
ORD-03912,2025-03-03 03:59:57.119423,Night,A,Medium,48,5,232.5,Low,True,32.51,23.69,56.2,45,1,3,1,0,0,1.2489,11.2,111.6,0,0,0,0.677
ORD-03913,2025-03-03 06:37:13.886777,Morning,C,Medium,27,7,124.5,Medium,True,19.44,13.72,33.16,45,0,3,1,0,0,0.7369,-11.84,33.62,1,0,0,0.72
ORD-03914,2025-03-03 09:14:30.654130,Night,D,Low,50,1,113.5,High,False,47.35,36.82,84.17,55,1,3,1,0,0,1.5304,29.17,56.75,0,1,1,0.947
ORD-03915,2025-03-03 11:51:47.421484,Morning,A,High,21,7,131.7,Medium,False,14.02,20.36,34.38,38,0,3,1,0,0,0.9047,-3.62,27.66,1,0,1,0.668
ORD-03916,2025-03-03 14:29:04.188837,Evening,E,Medium,42,5,222.1,Medium,True,37.93,21.75,59.68,45,1,3,1,0,0,1.3262,14.68,93.28,0,0,0,0.903
ORD-03917,2025-03-03 17:06:20.956191,Morning,D,Urgent,17,1,183.7,High,True,29.43,9.63,39.06,28,1,3,1,0,0,1.395,11.06,31.23,0,1,0,1.731
ORD-03918,2025-03-03 19:43:37.723544,Night,B,Medium,23,9,208.6,Medium,True,21.09,12.92,34.01,45,0,3,1,0,0,0.7558,-10.99,47.98,1,0,0,0.917
ORD-03919,2025-03-03 22:20:54.490898,Morning,E,Low,18,2,189.9,Medium,True,27.21,11.17,38.38,55,0,3,1,0,0,0.6978,-16.62,34.18,0,0,0,1.512
ORD-03920,2025-03-04 00:58:11.258251,Morning,C,Medium,28,6,97.2,Medium,True,22.3,15.63,37.93,45,0,3,1,1,0,0.8429,-7.07,27.22,0,0,0,0.796
ORD-03921,2025-03-04 03:35:28.025605,Morning,D,Medium,12,9,112.0,Low,False,10.01,10.45,20.46,45,0,3,1,1,0,0.4547,-24.54,13.44,1,0,1,0.834
ORD-03922,2025-03-04 06:12:44.792958,Evening,B,High,26,10,122.2,Low,True,15.7,18.38,34.08,38,0,3,1,1,0,0.8968,-3.92,31.77,1,0,0,0.604
ORD-03923,2025-03-04 08:50:01.560312,Morning,B,Medium,42,7,129.1,Medium,True,31.36,22.89,54.25,45,0,3,1,1,0,1.2056,9.25,54.22,1,0,0,0.747
ORD-03924,2025-03-04 11:27:18.327665,Evening,A,Medium,8,8,122.9,High,True,11.93,6.72,18.65,45,0,3,1,1,0,0.4144,-26.35,9.83,1,1,0,1.491
ORD-03925,2025-03-04 14:04:35.095019,Morning,C,Low,40,6,127.5,High,True,32.92,21.36,54.28,55,0,3,1,1,0,0.9869,-0.72,51.0,0,1,0,0.823
ORD-03926,2025-03-04 16:41:51.862372,Night,D,Medium,43,8,175.6,Low,True,21.34,19.97,41.31,45,0,3,1,1,0,0.918,-3.69,75.51,1,0,0,0.496
ORD-03927,2025-03-04 19:19:08.629725,Morning,E,Low,2,10,155.4,High,True,5.58,3.71,9.29,55,0,3,1,1,0,0.1689,-45.71,3.11,1,1,0,2.79
ORD-03928,2025-03-04 21:56:25.397079,Night,E,Medium,34,5,198.8,Low,True,24.46,18.74,43.2,45,0,3,1,1,0,0.96,-1.8,67.59,0,0,0,0.719
ORD-03929,2025-03-05 00:33:42.164432,Morning,A,Low,25,5,160.1,Medium,True,19.36,15.44,34.8,55,0,3,1,2,0,0.6327,-20.2,40.02,0,0,0,0.774
ORD-03930,2025-03-05 03:10:58.931786,Morning,E,High,32,2,122.9,High,True,34.87,18.58,53.45,38,1,3,1,2,0,1.4066,15.45,39.33,0,1,0,1.09
ORD-03931,2025-03-05 05:48:15.699139,Morning,A,High,15,10,157.5,High,False,10.77,13.46,24.23,38,0,3,1,2,0,0.6376,-13.77,23.62,1,1,1,0.718
ORD-03932,2025-03-05 08:25:32.466493,Morning,A,Low,12,10,89.5,Medium,True,4.31,12.33,16.64,55,0,3,1,2,0,0.3025,-38.36,10.74,1,0,0,0.359
ORD-03933,2025-03-05 11:02:49.233846,Evening,D,Low,15,8,57.5,Medium,True,9.55,10.67,20.22,55,0,3,1,2,0,0.3676,-34.78,8.62,1,0,0,0.637
ORD-03934,2025-03-05 13:40:06.001200,Morning,E,Low,8,7,175.7,Low,False,7.3,12.88,20.18,55,0,3,1,2,0,0.3669,-34.82,14.06,1,0,1,0.912
ORD-03935,2025-03-05 16:17:22.768553,Night,E,Medium,21,3,190.7,Medium,True,23.87,18.15,42.02,45,1,3,1,2,0,0.9338,-2.98,40.05,0,0,0,1.137
ORD-03936,2025-03-05 18:54:39.535907,Evening,D,Medium,44,10,152.9,Low,False,16.18,27.68,43.86,45,1,3,1,2,0,0.9747,-1.14,67.28,1,0,1,0.368
ORD-03937,2025-03-05 21:31:56.303260,Morning,A,Medium,39,1,134.3,Low,True,34.65,23.2,57.85,45,1,3,1,2,0,1.2856,12.85,52.38,0,0,0,0.888
ORD-03938,2025-03-06 00:09:13.070614,Evening,A,Urgent,9,7,96.3,High,False,8.14,11.8,19.94,28,0,3,1,3,0,0.7121,-8.06,8.67,1,1,1,0.904
ORD-03939,2025-03-06 02:46:29.837967,Morning,A,High,28,3,196.7,Low,True,20.22,15.45,35.67,38,1,3,1,3,0,0.9387,-2.33,55.08,0,0,0,0.722
ORD-03940,2025-03-06 05:23:46.605321,Morning,C,Low,4,5,169.7,Medium,True,7.21,6.33,13.54,55,0,3,1,3,0,0.2462,-41.46,6.79,0,0,0,1.802
ORD-03941,2025-03-06 08:01:03.372674,Morning,C,Low,3,1,161.6,Low,True,8.22,6.82,15.04,55,0,3,1,3,0,0.2735,-39.96,4.85,0,0,0,2.74
ORD-03942,2025-03-06 10:38:20.140028,Morning,A,Low,32,2,149.8,Low,False,23.57,25.61,49.18,55,1,3,1,3,0,0.8942,-5.82,47.94,0,0,1,0.737
ORD-03943,2025-03-06 13:15:36.907381,Morning,C,Low,16,4,131.2,Low,True,19.9,12.02,31.92,55,0,3,1,3,0,0.5804,-23.08,20.99,0,0,0,1.244
ORD-03944,2025-03-06 15:52:53.674734,Night,C,Medium,36,4,105.5,Low,True,25.93,17.69,43.62,45,0,3,1,3,0,0.9693,-1.38,37.98,0,0,0,0.72
ORD-03945,2025-03-06 18:30:10.442088,Evening,D,Low,8,9,160.1,Low,False,5.97,12.2,18.17,55,0,3,1,3,0,0.3304,-36.83,12.81,1,0,1,0.746
ORD-03946,2025-03-06 21:07:27.209441,Night,B,Low,6,6,128.5,Medium,True,16.17,6.45,22.62,55,0,3,1,3,0,0.4113,-32.38,7.71,0,0,0,2.695
ORD-03947,2025-03-06 23:44:43.976795,Morning,B,Low,36,1,133.0,Medium,True,43.47,13.73,57.2,55,1,3,1,3,0,1.04,2.2,47.88,0,0,0,1.208
ORD-03948,2025-03-07 02:22:00.744148,Night,C,High,11,10,218.7,Low,True,8.18,8.28,16.46,38,0,3,1,4,0,0.4332,-21.54,24.06,1,0,0,0.744
ORD-03949,2025-03-07 04:59:17.511502,Morning,D,Low,3,7,148.1,High,True,7.28,5.76,13.04,55,0,3,1,4,0,0.2371,-41.96,4.44,1,1,0,2.427
ORD-03950,2025-03-07 07:36:34.278855,Morning,B,Urgent,40,9,51.9,Medium,False,26.1,25.21,51.31,28,1,3,1,4,0,1.8325,23.31,20.76,1,0,1,0.653
ORD-03951,2025-03-07 10:13:51.046209,Night,A,Medium,36,10,128.6,Medium,True,16.36,21.18,37.54,45,1,3,1,4,0,0.8342,-7.46,46.3,1,0,0,0.454
ORD-03952,2025-03-07 12:51:07.813562,Morning,E,Medium,47,6,109.9,Medium,True,35.36,27.74,63.1,45,0,3,1,4,0,1.4022,18.1,51.65,0,0,0,0.752
ORD-03953,2025-03-07 15:28:24.580916,Evening,D,Medium,30,2,144.4,Medium,True,27.79,18.17,45.96,45,0,3,1,4,0,1.0213,0.96,43.32,0,0,0,0.926
ORD-03954,2025-03-07 18:05:41.348269,Night,A,Medium,24,5,93.0,Low,True,17.09,14.88,31.97,45,0,3,1,4,0,0.7104,-13.03,22.32,0,0,0,0.712
ORD-03955,2025-03-07 20:42:58.115623,Evening,C,Medium,34,7,167.3,Low,False,15.6,21.06,36.66,45,0,3,1,4,0,0.8147,-8.34,56.88,1,0,1,0.459
ORD-03956,2025-03-07 23:20:14.882976,Evening,C,Medium,40,1,138.2,Low,True,28.21,16.62,44.83,45,0,3,1,4,0,0.9962,-0.17,55.28,0,0,0,0.705
ORD-03957,2025-03-08 01:57:31.650330,Morning,A,Medium,32,10,131.0,Medium,True,11.03,16.46,27.49,45,0,3,1,5,1,0.6109,-17.51,41.92,1,0,0,0.345
ORD-03958,2025-03-08 04:34:48.417683,Morning,A,Medium,16,4,156.0,Low,True,13.43,12.46,25.89,45,0,3,1,5,1,0.5753,-19.11,24.96,0,0,0,0.839
ORD-03959,2025-03-08 07:12:05.185037,Night,E,Low,45,7,146.9,High,True,32.67,23.8,56.47,55,1,3,1,5,1,1.0267,1.47,66.1,1,1,0,0.726
ORD-03960,2025-03-08 09:49:21.952390,Morning,C,High,36,10,144.6,Low,True,18.24,16.23,34.47,38,1,3,1,5,1,0.9071,-3.53,52.06,1,0,0,0.507
ORD-03961,2025-03-08 12:26:38.719743,Morning,A,High,44,9,141.0,Low,True,18.09,20.48,38.57,38,0,3,1,5,1,1.015,0.57,62.04,1,0,0,0.411
ORD-03962,2025-03-08 15:03:55.487097,Morning,D,High,28,8,149.2,Low,True,15.62,17.85,33.47,38,0,3,1,5,1,0.8808,-4.53,41.78,1,0,0,0.558
ORD-03963,2025-03-08 17:41:12.254450,Night,C,Urgent,23,3,163.7,High,True,28.52,13.25,41.77,28,1,3,1,5,1,1.4918,13.77,37.65,0,1,0,1.24
ORD-03964,2025-03-08 20:18:29.021804,Night,C,Medium,43,6,158.7,Medium,True,32.25,21.78,54.03,45,1,3,1,5,1,1.2007,9.03,68.24,0,0,0,0.75
ORD-03965,2025-03-08 22:55:45.789157,Evening,B,Urgent,31,6,195.1,Medium,True,27.71,17.38,45.09,28,1,3,1,5,1,1.6104,17.09,60.48,0,0,0,0.894
ORD-03966,2025-03-09 01:33:02.556511,Night,A,Medium,39,9,128.1,Medium,True,19.42,20.14,39.56,45,1,3,1,6,1,0.8791,-5.44,49.96,1,0,0,0.498
ORD-03967,2025-03-09 04:10:19.323864,Morning,A,Medium,45,1,159.5,Low,True,36.23,23.24,59.47,45,1,3,1,6,1,1.3216,14.47,71.78,0,0,0,0.805
ORD-03968,2025-03-09 06:47:36.091218,Night,E,High,15,1,247.8,Medium,True,29.23,8.79,38.02,38,1,3,1,6,1,1.0005,0.02,37.17,0,0,0,1.949
ORD-03969,2025-03-09 09:24:52.858571,Morning,C,Medium,10,2,148.4,High,True,18.5,10.44,28.94,45,0,3,1,6,1,0.6431,-16.06,14.84,0,1,0,1.85
ORD-03970,2025-03-09 12:02:09.625925,Morning,D,Medium,8,10,149.9,Medium,True,3.0,10.18,13.18,45,0,3,1,6,1,0.2929,-31.82,11.99,1,0,0,0.375
ORD-03971,2025-03-09 14:39:26.393278,Morning,A,Medium,30,6,99.5,Low,False,19.12,20.27,39.39,45,0,3,1,6,1,0.8753,-5.61,29.85,0,0,1,0.637
ORD-03972,2025-03-09 17:16:43.160632,Night,D,Low,41,7,121.5,Medium,False,21.94,27.04,48.98,55,0,3,1,6,1,0.8905,-6.02,49.82,1,0,1,0.535
ORD-03973,2025-03-09 19:53:59.927985,Night,C,Medium,49,1,145.7,Medium,True,44.69,26.32,71.01,45,1,3,1,6,1,1.578,26.01,71.39,0,0,0,0.912
ORD-03974,2025-03-09 22:31:16.695339,Evening,C,High,2,1,171.3,High,True,20.42,6.42,26.84,38,0,3,1,6,1,0.7063,-11.16,3.43,0,1,0,10.21
ORD-03975,2025-03-10 01:08:33.462692,Morning,B,Medium,1,7,176.0,Low,True,8.7,6.23,14.93,45,0,3,1,0,0,0.3318,-30.07,1.76,1,0,0,8.7
ORD-03976,2025-03-10 03:45:50.230046,Morning,C,Low,34,8,163.1,High,False,25.27,20.93,46.2,55,0,3,1,0,0,0.84,-8.8,55.45,1,1,1,0.743
ORD-03977,2025-03-10 06:23:06.997399,Evening,A,Low,14,5,182.2,High,True,18.3,11.09,29.39,55,0,3,1,0,0,0.5344,-25.61,25.51,0,1,0,1.307
ORD-03978,2025-03-10 09:00:23.764752,Morning,A,Urgent,24,1,110.0,Low,True,21.51,12.65,34.16,28,1,3,1,0,0,1.22,6.16,26.4,0,0,0,0.896
ORD-03979,2025-03-10 11:37:40.532106,Morning,D,Urgent,4,5,169.6,Medium,True,7.43,6.22,13.65,28,0,3,1,0,0,0.4875,-14.35,6.78,0,0,0,1.858
ORD-03980,2025-03-10 14:14:57.299459,Evening,A,High,4,7,150.5,Low,False,7.9,5.78,13.68,38,0,3,1,0,0,0.36,-24.32,6.02,1,0,1,1.975
ORD-03981,2025-03-10 16:52:14.066813,Evening,A,Low,27,3,155.0,Low,False,24.04,20.63,44.67,55,0,3,1,0,0,0.8122,-10.33,41.85,0,0,1,0.89
ORD-03982,2025-03-10 19:29:30.834166,Night,E,Medium,35,4,135.5,Medium,True,29.82,22.14,51.96,45,1,3,1,0,0,1.1547,6.96,47.42,0,0,0,0.852
ORD-03983,2025-03-10 22:06:47.601520,Evening,B,Medium,45,8,111.9,Low,True,29.36,24.08,53.44,45,0,3,1,0,0,1.1876,8.44,50.36,1,0,0,0.652
ORD-03984,2025-03-11 00:44:04.368873,Morning,C,High,25,3,101.4,Low,True,18.56,12.79,31.35,38,0,3,1,1,0,0.825,-6.65,25.35,0,0,0,0.742
ORD-03985,2025-03-11 03:21:21.136227,Evening,D,Medium,33,1,162.8,Medium,True,29.6,16.09,45.69,45,0,3,1,1,0,1.0153,0.69,53.72,0,0,0,0.897
ORD-03986,2025-03-11 05:58:37.903580,Morning,D,High,44,7,169.9,High,True,27.88,26.09,53.97,38,1,3,1,1,0,1.4203,15.97,74.76,1,1,0,0.634
ORD-03987,2025-03-11 08:35:54.670934,Evening,A,Medium,22,1,144.8,Low,False,21.13,14.76,35.89,45,1,3,1,1,0,0.7976,-9.11,31.86,0,0,1,0.96
ORD-03988,2025-03-11 11:13:11.438287,Night,C,High,11,5,149.4,Low,True,12.23,6.46,18.69,38,0,3,1,1,0,0.4918,-19.31,16.43,0,0,0,1.112
ORD-03989,2025-03-11 13:50:28.205641,Morning,C,Medium,42,6,121.2,Low,True,26.16,22.51,48.67,45,0,3,1,1,0,1.0816,3.67,50.9,0,0,0,0.623
ORD-03990,2025-03-11 16:27:44.972994,Morning,B,Medium,1,1,170.1,Low,False,14.5,6.38,20.88,45,0,3,1,1,0,0.464,-24.12,1.7,0,0,1,14.5
ORD-03991,2025-03-11 19:05:01.740348,Night,D,Medium,14,7,152.4,High,True,19.88,13.04,32.92,45,1,3,1,1,0,0.7316,-12.08,21.34,1,1,0,1.42
ORD-03992,2025-03-11 21:42:18.507701,Evening,E,Medium,7,9,135.4,Medium,True,6.46,6.21,12.67,45,0,3,1,1,0,0.2816,-32.33,9.48,1,0,0,0.923
ORD-03993,2025-03-12 00:19:35.275055,Evening,A,Urgent,33,10,184.6,Medium,False,18.02,21.68,39.7,28,1,3,1,2,0,1.4179,11.7,60.92,1,0,1,0.546
ORD-03994,2025-03-12 02:56:52.042408,Evening,A,Medium,14,3,175.8,Low,True,13.56,11.3,24.86,45,0,3,1,2,0,0.5524,-20.14,24.61,0,0,0,0.969
ORD-03995,2025-03-12 05:34:08.809761,Evening,D,Urgent,18,4,88.6,High,True,19.81,12.19,32.0,28,1,3,1,2,0,1.1429,4.0,15.95,0,1,0,1.101
ORD-03996,2025-03-12 08:11:25.577115,Morning,C,Medium,33,7,152.0,Medium,True,20.32,18.71,39.03,45,0,3,1,2,0,0.8673,-5.97,50.16,1,0,0,0.616
ORD-03997,2025-03-12 10:48:42.344468,Night,D,Medium,15,6,111.7,High,True,16.79,12.03,28.82,45,0,3,1,2,0,0.6404,-16.18,16.76,0,1,0,1.119
ORD-03998,2025-03-12 13:25:59.111822,Night,A,Medium,19,7,155.6,Medium,True,13.25,13.73,26.98,45,0,3,1,2,0,0.5996,-18.02,29.56,1,0,0,0.697
ORD-03999,2025-03-12 16:03:15.879175,Morning,A,Low,25,4,30.0,High,True,21.85,17.21,39.06,55,0,3,1,2,0,0.7102,-15.94,7.5,0,1,0,0.874
ORD-04000,2025-03-12 18:40:32.646529,Morning,D,High,6,1,157.9,Medium,True,15.9,9.38,25.28,38,1,3,1,2,0,0.6653,-12.72,9.47,0,0,0,2.65
ORD-04001,2025-03-12 21:17:49.413882,Evening,E,Low,47,1,178.5,High,False,55.33,29.91,85.24,55,1,3,1,2,0,1.5498,30.24,83.9,0,1,1,1.177
ORD-04002,2025-03-12 23:55:06.181236,Evening,A,Medium,50,10,145.6,Low,True,15.27,16.18,31.45,45,1,3,1,2,0,0.6989,-13.55,72.8,1,0,0,0.305
ORD-04003,2025-03-13 02:32:22.948589,Morning,E,Medium,36,5,103.4,Medium,True,27.61,21.74,49.35,45,1,3,1,3,0,1.0967,4.35,37.22,0,0,0,0.767
ORD-04004,2025-03-13 05:09:39.715943,Evening,B,High,6,5,228.3,Medium,True,18.92,6.97,25.89,38,1,3,1,3,0,0.6813,-12.11,13.7,0,0,0,3.153
ORD-04005,2025-03-13 07:46:56.483296,Evening,A,Urgent,24,7,196.2,Medium,True,18.31,12.27,30.58,28,1,3,1,3,0,1.0921,2.58,47.09,1,0,0,0.763
ORD-04006,2025-03-13 10:24:13.250650,Evening,C,High,18,3,128.8,Medium,True,17.8,14.18,31.98,38,1,3,1,3,0,0.8416,-6.02,23.18,0,0,0,0.989
ORD-04007,2025-03-13 13:01:30.018003,Morning,B,Medium,9,4,139.6,Low,False,11.79,11.39,23.18,45,0,3,1,3,0,0.5151,-21.82,12.56,0,0,1,1.31
ORD-04008,2025-03-13 15:38:46.785357,Morning,D,Medium,44,5,70.8,High,True,32.91,21.39,54.3,45,1,3,1,3,0,1.2067,9.3,31.15,0,1,0,0.748
ORD-04009,2025-03-13 18:16:03.552710,Evening,B,Medium,21,1,168.9,Medium,True,31.11,15.04,46.15,45,1,3,1,3,0,1.0256,1.15,35.47,0,0,0,1.481
ORD-04010,2025-03-13 20:53:20.320064,Night,C,Urgent,33,7,95.2,Low,False,18.11,24.48,42.59,28,1,3,1,3,0,1.5211,14.59,31.42,1,0,1,0.549
ORD-04011,2025-03-13 23:30:37.087417,Evening,A,Low,35,2,176.7,Medium,True,31.81,19.71,51.52,55,0,3,1,3,0,0.9367,-3.48,61.84,0,0,0,0.909
ORD-04012,2025-03-14 02:07:53.854770,Morning,D,Urgent,16,1,191.0,Medium,True,20.41,8.55,28.96,28,1,3,1,4,0,1.0343,0.96,30.56,0,0,0,1.276
ORD-04013,2025-03-14 04:45:10.622124,Night,E,High,18,7,147.2,Low,True,16.36,9.1,25.46,38,0,3,1,4,0,0.67,-12.54,26.5,1,0,0,0.909
ORD-04014,2025-03-14 07:22:27.389477,Morning,B,High,49,4,107.4,Low,True,41.5,24.82,66.32,38,1,3,1,4,0,1.7453,28.32,52.63,0,0,0,0.847
ORD-04015,2025-03-14 09:59:44.156831,Evening,B,High,42,8,200.0,Medium,True,31.77,22.93,54.7,38,1,3,1,4,0,1.4395,16.7,84.0,1,0,0,0.756
ORD-04016,2025-03-14 12:37:00.924184,Morning,E,Medium,26,6,150.1,High,True,24.43,12.22,36.65,45,0,3,1,4,0,0.8144,-8.35,39.03,0,1,0,0.94
ORD-04017,2025-03-14 15:14:17.691538,Evening,A,Medium,27,1,153.7,Low,True,25.83,13.58,39.41,45,0,3,1,4,0,0.8758,-5.59,41.5,0,0,0,0.957
ORD-04018,2025-03-14 17:51:34.458891,Evening,D,Medium,1,7,112.7,Low,True,3.0,2.39,5.39,45,0,3,1,4,0,0.1198,-39.61,1.13,1,0,0,3.0
ORD-04019,2025-03-14 20:28:51.226245,Night,C,Low,11,1,157.7,Medium,True,21.58,8.56,30.14,55,0,3,1,4,0,0.548,-24.86,17.35,0,0,0,1.962
ORD-04020,2025-03-14 23:06:07.993598,Morning,E,High,1,4,141.9,Low,True,7.39,7.66,15.05,38,0,3,1,4,0,0.3961,-22.95,1.42,0,0,0,7.39
ORD-04021,2025-03-15 01:43:24.760952,Evening,B,Medium,41,7,96.9,High,True,36.98,22.46,59.44,45,1,3,1,5,1,1.3209,14.44,39.73,1,1,0,0.902
ORD-04022,2025-03-15 04:20:41.528305,Morning,B,Urgent,48,5,203.6,Medium,True,48.32,23.11,71.43,28,1,3,1,5,1,2.5511,43.43,97.73,0,0,0,1.007
ORD-04023,2025-03-15 06:57:58.295659,Night,B,High,9,4,220.4,High,False,30.19,10.66,40.85,38,0,3,1,5,1,1.075,2.85,19.84,0,1,1,3.354
ORD-04024,2025-03-15 09:35:15.063012,Morning,A,Low,15,3,190.7,Low,True,11.15,12.07,23.22,55,0,3,1,5,1,0.4222,-31.78,28.6,0,0,0,0.743
ORD-04025,2025-03-15 12:12:31.830366,Evening,A,Medium,18,5,184.8,Low,True,18.15,13.74,31.89,45,0,3,1,5,1,0.7087,-13.11,33.26,0,0,0,1.008
ORD-04026,2025-03-15 14:49:48.597719,Evening,E,Medium,41,3,220.6,Medium,True,44.1,21.67,65.77,45,1,3,1,5,1,1.4616,20.77,90.45,0,0,0,1.076
ORD-04027,2025-03-15 17:27:05.365073,Morning,A,Low,21,10,108.1,Low,False,8.2,13.34,21.54,55,0,3,1,5,1,0.3916,-33.46,22.7,1,0,1,0.39
ORD-04028,2025-03-15 20:04:22.132426,Morning,A,High,3,7,107.6,Low,True,4.61,7.35,11.96,38,0,3,1,5,1,0.3147,-26.04,3.23,1,0,0,1.537
ORD-04029,2025-03-15 22:41:38.899779,Morning,B,High,30,10,133.4,Low,True,16.99,16.95,33.94,38,0,3,1,5,1,0.8932,-4.06,40.02,1,0,0,0.566
ORD-04030,2025-03-16 01:18:55.667133,Evening,B,High,8,4,161.9,Medium,True,18.95,12.62,31.57,38,1,3,1,6,1,0.8308,-6.43,12.95,0,0,0,2.369
ORD-04031,2025-03-16 03:56:12.434486,Night,C,Medium,33,10,138.3,Low,True,12.2,13.62,25.82,45,0,3,1,6,1,0.5738,-19.18,45.64,1,0,0,0.37
ORD-04032,2025-03-16 06:33:29.201840,Evening,A,High,43,3,109.2,Low,True,27.75,24.28,52.03,38,1,3,1,6,1,1.3692,14.03,46.96,0,0,0,0.645
ORD-04033,2025-03-16 09:10:45.969193,Night,D,High,4,4,150.2,Low,True,7.6,5.27,12.87,38,0,3,1,6,1,0.3387,-25.13,6.01,0,0,0,1.9
ORD-04034,2025-03-16 11:48:02.736547,Morning,D,Urgent,50,3,146.2,Medium,True,38.87,28.96,67.83,28,1,3,1,6,1,2.4225,39.83,73.1,0,0,0,0.777
ORD-04035,2025-03-16 14:25:19.503900,Morning,A,High,34,6,183.7,Low,True,28.06,18.29,46.35,38,0,3,1,6,1,1.2197,8.35,62.46,0,0,0,0.825
ORD-04036,2025-03-16 17:02:36.271254,Night,D,High,3,7,151.8,Medium,True,5.18,3.73,8.91,38,0,3,1,6,1,0.2345,-29.09,4.55,1,0,0,1.727
ORD-04037,2025-03-16 19:39:53.038607,Night,B,Low,12,1,73.8,Medium,True,17.54,10.32,27.86,55,0,3,1,6,1,0.5065,-27.14,8.86,0,0,0,1.462
ORD-04038,2025-03-16 22:17:09.805961,Morning,B,High,9,6,165.4,Medium,True,13.83,8.47,22.3,38,0,3,1,6,1,0.5868,-15.7,14.89,0,0,0,1.537
ORD-04039,2025-03-17 00:54:26.573314,Evening,E,Medium,45,10,213.3,High,True,28.82,19.07,47.89,45,1,3,1,0,0,1.0642,2.89,95.98,1,1,0,0.64
ORD-04040,2025-03-17 03:31:43.340668,Night,E,Medium,37,5,151.2,High,False,34.23,26.06,60.29,45,1,3,1,0,0,1.3398,15.29,55.94,0,1,1,0.925
ORD-04041,2025-03-17 06:09:00.108021,Night,B,Medium,19,7,189.5,Low,False,14.96,19.46,34.42,45,0,3,1,0,0,0.7649,-10.58,36.01,1,0,1,0.787
ORD-04042,2025-03-17 08:46:16.875375,Evening,C,Medium,27,7,129.8,Low,True,18.84,15.95,34.79,45,1,3,1,0,0,0.7731,-10.21,35.05,1,0,0,0.698
ORD-04043,2025-03-17 11:23:33.642728,Morning,B,Low,18,10,172.6,Medium,False,16.37,21.46,37.83,55,0,3,1,0,0,0.6878,-17.17,31.07,1,0,1,0.909
ORD-04044,2025-03-17 14:00:50.410082,Morning,C,Low,21,7,120.2,Medium,True,15.6,9.35,24.95,55,0,3,1,0,0,0.4536,-30.05,25.24,1,0,0,0.743
ORD-04045,2025-03-17 16:38:07.177435,Evening,D,High,32,5,140.1,Low,True,17.18,18.21,35.39,38,0,3,1,0,0,0.9313,-2.61,44.83,0,0,0,0.537
ORD-04046,2025-03-17 19:15:23.944788,Evening,A,High,10,1,140.5,High,True,18.7,15.11,33.81,38,0,3,1,0,0,0.8897,-4.19,14.05,0,1,0,1.87
ORD-04047,2025-03-17 21:52:40.712142,Morning,E,Urgent,38,9,169.1,High,True,24.8,21.48,46.28,28,1,3,1,0,0,1.6529,18.28,64.26,1,1,0,0.653
ORD-04048,2025-03-18 00:29:57.479495,Morning,D,High,48,4,117.0,High,False,39.71,26.34,66.05,38,1,3,1,1,0,1.7382,28.05,56.16,0,1,1,0.827
ORD-04049,2025-03-18 03:07:14.246849,Morning,A,Medium,49,10,91.4,Low,True,17.82,24.27,42.09,45,0,3,1,1,0,0.9353,-2.91,44.79,1,0,0,0.364
ORD-04050,2025-03-18 05:44:31.014202,Evening,E,High,9,3,168.8,Medium,True,14.61,10.03,24.64,38,0,3,1,1,0,0.6484,-13.36,15.19,0,0,0,1.623
ORD-04051,2025-03-18 08:21:47.781556,Morning,D,Medium,21,5,167.3,Low,True,13.6,13.65,27.25,45,0,3,1,1,0,0.6056,-17.75,35.13,0,0,0,0.648
ORD-04052,2025-03-18 10:59:04.548909,Morning,B,Medium,14,9,154.5,Low,False,10.86,11.86,22.72,45,0,3,1,1,0,0.5049,-22.28,21.63,1,0,1,0.776
ORD-04053,2025-03-18 13:36:21.316263,Morning,C,Urgent,32,2,187.3,Low,True,30.36,15.85,46.21,28,1,3,1,1,0,1.6504,18.21,59.94,0,0,0,0.949
ORD-04054,2025-03-18 16:13:38.083616,Night,E,Urgent,17,3,141.9,Low,True,17.41,9.23,26.64,28,0,3,1,1,0,0.9514,-1.36,24.12,0,0,0,1.024
ORD-04055,2025-03-18 18:50:54.850970,Evening,E,Low,20,8,161.3,High,True,15.54,12.28,27.82,55,0,3,1,1,0,0.5058,-27.18,32.26,1,1,0,0.777
ORD-04056,2025-03-18 21:28:11.618323,Morning,B,High,7,4,136.0,Medium,False,16.41,9.58,25.99,38,0,3,1,1,0,0.6839,-12.01,9.52,0,0,1,2.344
ORD-04057,2025-03-19 00:05:28.385677,Evening,C,Low,28,10,139.7,Medium,False,16.09,22.16,38.25,55,0,3,1,2,0,0.6955,-16.75,39.12,1,0,1,0.575
ORD-04058,2025-03-19 02:42:45.153030,Evening,E,Urgent,27,6,163.6,Low,True,19.84,13.33,33.17,28,1,3,1,2,0,1.1846,5.17,44.17,0,0,0,0.735
ORD-04059,2025-03-19 05:20:01.920384,Evening,E,High,28,9,240.7,High,True,29.67,16.75,46.42,38,0,3,1,2,0,1.2216,8.42,67.4,1,1,0,1.06
ORD-04060,2025-03-19 07:57:18.687737,Evening,A,Low,18,6,179.7,High,True,20.78,13.21,33.99,55,0,3,1,2,0,0.618,-21.01,32.35,0,1,0,1.154
ORD-04061,2025-03-19 10:34:35.455091,Evening,C,High,38,1,171.9,Medium,True,39.98,19.37,59.35,38,1,3,1,2,0,1.5618,21.35,65.32,0,0,0,1.052
ORD-04062,2025-03-19 13:11:52.222444,Evening,E,Medium,31,9,180.9,Low,False,18.07,20.45,38.52,45,0,3,1,2,0,0.856,-6.48,56.08,1,0,1,0.583
ORD-04063,2025-03-19 15:49:08.989797,Morning,A,Low,9,5,56.1,Low,True,8.58,6.55,15.13,55,0,3,1,2,0,0.2751,-39.87,5.05,0,0,0,0.953
ORD-04064,2025-03-19 18:26:25.757151,Morning,B,High,19,4,162.8,Medium,True,25.38,13.65,39.03,38,1,3,1,2,0,1.0271,1.03,30.93,0,0,0,1.336
ORD-04065,2025-03-19 21:03:42.524504,Morning,C,High,34,8,186.4,High,True,26.04,19.53,45.57,38,0,3,1,2,0,1.1992,7.57,63.38,1,1,0,0.766
ORD-04066,2025-03-19 23:40:59.291858,Evening,C,Medium,6,3,153.4,High,False,17.68,12.16,29.84,45,0,3,1,2,0,0.6631,-15.16,9.2,0,1,1,2.947
ORD-04067,2025-03-20 02:18:16.059211,Evening,D,High,18,5,148.3,Low,True,15.76,16.33,32.09,38,0,3,1,3,0,0.8445,-5.91,26.69,0,0,0,0.876
ORD-04068,2025-03-20 04:55:32.826565,Evening,A,Low,44,7,112.4,Low,False,24.53,32.0,56.53,55,0,3,1,3,0,1.0278,1.53,49.46,1,0,1,0.558
ORD-04069,2025-03-20 07:32:49.593918,Morning,D,Medium,23,6,132.7,Low,True,15.06,17.29,32.35,45,0,3,1,3,0,0.7189,-12.65,30.52,0,0,0,0.655
ORD-04070,2025-03-20 10:10:06.361272,Evening,B,High,26,8,116.7,Low,True,13.56,16.75,30.31,38,0,3,1,3,0,0.7976,-7.69,30.34,1,0,0,0.522
ORD-04071,2025-03-20 12:47:23.128625,Morning,D,Medium,35,1,190.0,Medium,True,34.6,22.42,57.02,45,0,3,1,3,0,1.2671,12.02,66.5,0,0,0,0.989
ORD-04072,2025-03-20 15:24:39.895979,Morning,B,Medium,17,10,210.1,Medium,True,16.58,12.33,28.91,45,0,3,1,3,0,0.6424,-16.09,35.72,1,0,0,0.975
ORD-04073,2025-03-20 18:01:56.663332,Evening,A,Urgent,42,7,227.4,High,True,38.42,20.86,59.28,28,1,3,1,3,0,2.1171,31.28,95.51,1,1,0,0.915
ORD-04074,2025-03-20 20:39:13.430686,Morning,E,High,1,7,116.0,Low,True,7.34,2.0,9.34,38,0,3,1,3,0,0.2458,-28.66,1.16,1,0,0,7.34
ORD-04075,2025-03-20 23:16:30.198039,Morning,D,Medium,24,9,123.3,Low,True,12.39,14.26,26.65,45,1,3,1,3,0,0.5922,-18.35,29.59,1,0,0,0.516
ORD-04076,2025-03-21 01:53:46.965393,Morning,B,Medium,30,5,120.0,Medium,True,24.55,15.54,40.09,45,1,3,1,4,0,0.8909,-4.91,36.0,0,0,0,0.818
ORD-04077,2025-03-21 04:31:03.732746,Evening,B,Urgent,12,1,109.3,High,True,22.73,13.92,36.65,28,1,3,1,4,0,1.3089,8.65,13.12,0,1,0,1.894
ORD-04078,2025-03-21 07:08:20.500100,Morning,C,High,40,2,109.9,High,False,41.5,28.14,69.64,38,1,3,1,4,0,1.8326,31.64,43.96,0,1,1,1.038
ORD-04079,2025-03-21 09:45:37.267453,Night,E,Low,4,10,129.4,High,True,6.22,7.31,13.53,55,0,3,1,4,0,0.246,-41.47,5.18,1,1,0,1.555
ORD-04080,2025-03-21 12:22:54.034806,Night,B,Medium,33,10,185.0,Medium,False,23.56,22.15,45.71,45,0,3,1,4,0,1.0158,0.71,61.05,1,0,1,0.714
ORD-04081,2025-03-21 15:00:10.802160,Night,E,Low,32,1,121.3,Low,True,31.49,15.59,47.08,55,0,3,1,4,0,0.856,-7.92,38.82,0,0,0,0.984
ORD-04082,2025-03-21 17:37:27.569513,Morning,B,Low,40,7,192.1,Medium,True,37.64,20.04,57.68,55,1,3,1,4,0,1.0487,2.68,76.84,1,0,0,0.941
ORD-04083,2025-03-21 20:14:44.336867,Evening,D,Medium,11,7,204.7,High,True,13.16,11.15,24.31,45,0,3,1,4,0,0.5402,-20.69,22.52,1,1,0,1.196
ORD-04084,2025-03-21 22:52:01.104220,Morning,B,High,8,2,161.4,Low,True,14.34,10.53,24.87,38,0,3,1,4,0,0.6545,-13.13,12.91,0,0,0,1.792
ORD-04085,2025-03-22 01:29:17.871574,Night,A,High,30,8,199.2,Low,True,14.79,16.72,31.51,38,0,3,1,5,1,0.8292,-6.49,59.76,1,0,0,0.493
ORD-04086,2025-03-22 04:06:34.638927,Evening,E,Urgent,49,5,95.5,Low,False,28.95,34.28,63.23,28,1,3,1,5,1,2.2582,35.23,46.79,0,0,1,0.591
ORD-04087,2025-03-22 06:43:51.406281,Morning,A,Medium,40,3,127.7,Medium,True,33.88,22.56,56.44,45,1,3,1,5,1,1.2542,11.44,51.08,0,0,0,0.847
ORD-04088,2025-03-22 09:21:08.173634,Morning,E,Medium,11,6,157.6,Medium,True,15.98,10.09,26.07,45,0,3,1,5,1,0.5793,-18.93,17.34,0,0,0,1.453
ORD-04089,2025-03-22 11:58:24.940988,Night,A,Low,21,10,158.9,Low,True,9.33,11.2,20.53,55,0,3,1,5,1,0.3733,-34.47,33.37,1,0,0,0.444
ORD-04090,2025-03-22 14:35:41.708341,Night,B,Low,14,3,207.2,Low,False,22.44,17.34,39.78,55,0,3,1,5,1,0.7233,-15.22,29.01,0,0,1,1.603
ORD-04091,2025-03-22 17:12:58.475695,Evening,E,Low,39,7,110.0,Medium,True,29.19,22.17,51.36,55,1,3,1,5,1,0.9338,-3.64,42.9,1,0,0,0.748
ORD-04092,2025-03-22 19:50:15.243048,Evening,C,Urgent,26,8,128.5,Low,True,10.42,15.09,25.51,28,0,3,1,5,1,0.9111,-2.49,33.41,1,0,0,0.401
ORD-04093,2025-03-22 22:27:32.010402,Night,A,Low,22,7,146.6,Low,True,15.28,13.29,28.57,55,0,3,1,5,1,0.5195,-26.43,32.25,1,0,0,0.695
ORD-04094,2025-03-23 01:04:48.777755,Night,C,High,1,7,129.3,Medium,False,7.16,5.22,12.38,38,0,3,1,6,1,0.3258,-25.62,1.29,1,0,1,7.16
ORD-04095,2025-03-23 03:42:05.545109,Night,A,Medium,32,8,108.3,Low,True,14.3,13.8,28.1,45,0,3,1,6,1,0.6244,-16.9,34.66,1,0,0,0.447
ORD-04096,2025-03-23 06:19:22.312462,Morning,E,Medium,23,3,130.9,Low,True,19.85,12.63,32.48,45,0,3,1,6,1,0.7218,-12.52,30.11,0,0,0,0.863
ORD-04097,2025-03-23 08:56:39.079815,Evening,A,High,2,2,140.2,Low,True,8.8,5.48,14.28,38,0,3,1,6,1,0.3758,-23.72,2.8,0,0,0,4.4
ORD-04098,2025-03-23 11:33:55.847169,Night,C,Urgent,10,10,207.9,Low,True,7.87,11.93,19.8,28,1,3,1,6,1,0.7071,-8.2,20.79,1,0,0,0.787
ORD-04099,2025-03-23 14:11:12.614522,Morning,A,Medium,37,4,109.2,Low,True,21.46,22.05,43.51,45,1,3,1,6,1,0.9669,-1.49,40.4,0,0,0,0.58
ORD-04100,2025-03-23 16:48:29.381876,Morning,D,Urgent,38,10,182.6,Low,True,13.38,19.0,32.38,28,0,3,1,6,1,1.1564,4.38,69.39,1,0,0,0.352
ORD-04101,2025-03-23 19:25:46.149229,Morning,E,Medium,25,3,200.9,Low,False,29.14,20.69,49.83,45,0,3,1,6,1,1.1073,4.83,50.22,0,0,1,1.166
ORD-04102,2025-03-23 22:03:02.916583,Evening,D,High,38,3,129.5,Medium,False,28.07,30.16,58.23,38,1,3,1,6,1,1.5324,20.23,49.21,0,0,1,0.739
ORD-04103,2025-03-24 00:40:19.683936,Night,B,Low,37,1,160.4,High,True,59.66,22.32,81.98,55,1,3,1,0,0,1.4905,26.98,59.35,0,1,0,1.612
ORD-04104,2025-03-24 03:17:36.451290,Morning,A,Medium,31,5,173.0,Low,False,23.16,21.42,44.58,45,0,3,1,0,0,0.9907,-0.42,53.63,0,0,1,0.747
ORD-04105,2025-03-24 05:54:53.218643,Evening,A,High,11,10,166.4,Medium,True,8.27,5.86,14.13,38,0,3,1,0,0,0.3718,-23.87,18.3,1,0,0,0.752
ORD-04106,2025-03-24 08:32:09.985997,Morning,E,High,22,9,153.3,Low,True,12.84,13.67,26.51,38,0,3,1,0,0,0.6976,-11.49,33.73,1,0,0,0.584
ORD-04107,2025-03-24 11:09:26.753350,Night,A,High,41,4,122.8,High,True,38.4,19.54,57.94,38,1,3,1,0,0,1.5247,19.94,50.35,0,1,0,0.937
ORD-04108,2025-03-24 13:46:43.520704,Night,C,Medium,16,5,176.5,Low,False,12.93,18.37,31.3,45,0,3,1,0,0,0.6956,-13.7,28.24,0,0,1,0.808
ORD-04109,2025-03-24 16:24:00.288057,Evening,B,High,34,7,135.0,Low,True,20.59,19.13,39.72,38,1,3,1,0,0,1.0453,1.72,45.9,1,0,0,0.606
ORD-04110,2025-03-24 19:01:17.055411,Evening,E,Medium,42,10,151.1,Low,True,16.19,22.26,38.45,45,0,3,1,0,0,0.8544,-6.55,63.46,1,0,0,0.385
ORD-04111,2025-03-24 21:38:33.822764,Morning,C,Medium,27,7,157.0,Low,True,21.16,13.53,34.69,45,0,3,1,0,0,0.7709,-10.31,42.39,1,0,0,0.784
ORD-04112,2025-03-25 00:15:50.590118,Night,C,Low,26,3,184.2,Low,True,21.72,19.15,40.87,55,1,3,1,1,0,0.7431,-14.13,47.89,0,0,0,0.835
ORD-04113,2025-03-25 02:53:07.357471,Evening,E,Medium,10,4,227.1,Low,True,16.24,10.08,26.32,45,0,3,1,1,0,0.5849,-18.68,22.71,0,0,0,1.624
ORD-04114,2025-03-25 05:30:24.124824,Morning,E,Low,25,8,120.5,Medium,True,13.36,16.94,30.3,55,0,3,1,1,0,0.5509,-24.7,30.12,1,0,0,0.534
ORD-04115,2025-03-25 08:07:40.892178,Night,C,High,3,1,152.1,Low,True,13.23,5.85,19.08,38,0,3,1,1,0,0.5021,-18.92,4.56,0,0,0,4.41
ORD-04116,2025-03-25 10:44:57.659531,Morning,D,Low,6,6,90.6,Low,True,4.83,9.63,14.46,55,0,3,1,1,0,0.2629,-40.54,5.44,0,0,0,0.805
ORD-04117,2025-03-25 13:22:14.426885,Evening,C,Medium,28,8,209.3,High,True,24.23,14.89,39.12,45,1,3,1,1,0,0.8693,-5.88,58.6,1,1,0,0.865
ORD-04118,2025-03-25 15:59:31.194238,Morning,B,Low,11,4,151.8,Low,True,15.63,8.49,24.12,55,0,3,1,1,0,0.4385,-30.88,16.7,0,0,0,1.421
ORD-04119,2025-03-25 18:36:47.961592,Evening,A,High,18,6,138.0,Low,False,19.07,19.51,38.58,38,1,3,1,1,0,1.0153,0.58,24.84,0,0,1,1.059
ORD-04120,2025-03-25 21:14:04.728945,Morning,D,Medium,19,8,152.1,Medium,True,14.12,10.16,24.28,45,0,3,1,1,0,0.5396,-20.72,28.9,1,0,0,0.743
ORD-04121,2025-03-25 23:51:21.496299,Morning,D,Medium,24,6,154.1,Low,True,14.77,14.31,29.08,45,0,3,1,1,0,0.6462,-15.92,36.98,0,0,0,0.615
ORD-04122,2025-03-26 02:28:38.263652,Evening,A,High,35,1,120.7,High,True,31.99,18.3,50.29,38,1,3,1,2,0,1.3234,12.29,42.24,0,1,0,0.914
ORD-04123,2025-03-26 05:05:55.031006,Night,A,Urgent,23,6,197.5,Low,True,20.48,8.63,29.11,28,1,3,1,2,0,1.0396,1.11,45.42,0,0,0,0.89
ORD-04124,2025-03-26 07:43:11.798359,Morning,D,Urgent,43,3,175.8,Low,True,27.47,23.89,51.36,28,1,3,1,2,0,1.8343,23.36,75.59,0,0,0,0.639
ORD-04125,2025-03-26 10:20:28.565713,Evening,A,Medium,25,8,181.4,High,True,19.2,15.38,34.58,45,0,3,1,2,0,0.7684,-10.42,45.35,1,1,0,0.768
ORD-04126,2025-03-26 12:57:45.333066,Evening,D,Urgent,50,3,122.8,High,True,42.34,23.79,66.13,28,1,3,1,2,0,2.3618,38.13,61.4,0,1,0,0.847
ORD-04127,2025-03-26 15:35:02.100420,Night,D,High,50,10,120.6,Medium,True,23.86,23.81,47.67,38,1,3,1,2,0,1.2545,9.67,60.3,1,0,0,0.477
ORD-04128,2025-03-26 18:12:18.867773,Morning,B,Urgent,22,2,145.5,Low,True,26.0,16.03,42.03,28,1,3,1,2,0,1.5011,14.03,32.01,0,0,0,1.182
ORD-04129,2025-03-26 20:49:35.635127,Evening,B,Low,39,9,182.0,Medium,True,24.96,23.32,48.28,55,0,3,1,2,0,0.8778,-6.72,70.98,1,0,0,0.64
ORD-04130,2025-03-26 23:26:52.402480,Night,B,Low,23,1,170.1,High,True,43.15,17.55,60.7,55,1,3,1,2,0,1.1036,5.7,39.12,0,1,0,1.876
ORD-04131,2025-03-27 02:04:09.169833,Morning,B,Low,44,7,118.9,Medium,True,32.27,21.04,53.31,55,0,3,1,3,0,0.9693,-1.69,52.32,1,0,0,0.733
ORD-04132,2025-03-27 04:41:25.937187,Evening,C,High,39,4,176.7,High,False,41.8,30.62,72.42,38,1,3,1,3,0,1.9058,34.42,68.91,0,1,1,1.072
ORD-04133,2025-03-27 07:18:42.704540,Night,D,Low,17,2,111.1,Medium,True,15.71,9.85,25.56,55,0,3,1,3,0,0.4647,-29.44,18.89,0,0,0,0.924
ORD-04134,2025-03-27 09:55:59.471894,Morning,E,Low,17,3,123.5,High,True,19.29,8.76,28.05,55,0,3,1,3,0,0.51,-26.95,21.0,0,1,0,1.135
ORD-04135,2025-03-27 12:33:16.239247,Morning,A,Medium,45,1,156.3,Low,True,34.61,25.41,60.02,45,1,3,1,3,0,1.3338,15.02,70.34,0,0,0,0.769
ORD-04136,2025-03-27 15:10:33.006601,Morning,D,Urgent,28,2,103.1,High,True,28.42,17.21,45.63,28,1,3,1,3,0,1.6296,17.63,28.87,0,1,0,1.015
ORD-04137,2025-03-27 17:47:49.773954,Night,B,Medium,35,4,111.5,High,False,40.22,26.89,67.11,45,1,3,1,3,0,1.4913,22.11,39.02,0,1,1,1.149
ORD-04138,2025-03-27 20:25:06.541308,Night,D,High,34,2,212.1,Medium,True,27.93,17.65,45.58,38,1,3,1,3,0,1.1995,7.58,72.11,0,0,0,0.821
ORD-04139,2025-03-27 23:02:23.308661,Evening,A,Low,9,10,204.7,High,False,12.04,13.66,25.7,55,0,3,1,3,0,0.4673,-29.3,18.42,1,1,1,1.338
ORD-04140,2025-03-28 01:39:40.076015,Evening,C,Urgent,12,9,241.6,Medium,True,12.57,7.41,19.98,28,1,3,1,4,0,0.7136,-8.02,28.99,1,0,0,1.048
ORD-04141,2025-03-28 04:16:56.843368,Morning,C,Low,46,5,168.0,Medium,False,34.15,31.08,65.23,55,1,3,1,4,0,1.186,10.23,77.28,0,0,1,0.742
ORD-04142,2025-03-28 06:54:13.610722,Morning,B,Medium,14,1,175.8,Medium,True,29.25,10.41,39.66,45,1,3,1,4,0,0.8813,-5.34,24.61,0,0,0,2.089
ORD-04143,2025-03-28 09:31:30.378075,Morning,E,Medium,44,10,143.8,High,True,21.94,20.24,42.18,45,0,3,1,4,0,0.9373,-2.82,63.27,1,1,0,0.499
ORD-04144,2025-03-28 12:08:47.145429,Morning,A,Medium,18,8,136.0,Medium,True,12.84,12.86,25.7,45,0,3,1,4,0,0.5711,-19.3,24.48,1,0,0,0.713
ORD-04145,2025-03-28 14:46:03.912782,Morning,A,High,43,2,184.9,Medium,True,40.71,24.81,65.52,38,1,3,1,4,0,1.7242,27.52,79.51,0,0,0,0.947
ORD-04146,2025-03-28 17:23:20.680136,Evening,C,High,29,1,204.5,Medium,False,33.77,21.44,55.21,38,1,3,1,4,0,1.4529,17.21,59.3,0,0,1,1.164
ORD-04147,2025-03-28 20:00:37.447489,Morning,C,Medium,5,7,181.5,High,True,8.72,5.67,14.39,45,0,3,1,4,0,0.3198,-30.61,9.07,1,1,0,1.744
ORD-04148,2025-03-28 22:37:54.214842,Morning,B,Low,14,1,116.4,Low,True,17.54,11.31,28.85,55,0,3,1,4,0,0.5245,-26.15,16.3,0,0,0,1.253
ORD-04149,2025-03-29 01:15:10.982196,Morning,B,Low,48,7,165.7,Medium,True,38.26,25.42,63.68,55,1,3,1,5,1,1.1578,8.68,79.54,1,0,0,0.797
ORD-04150,2025-03-29 03:52:27.749549,Morning,A,Low,11,5,119.2,Medium,False,7.58,9.03,16.61,55,0,3,1,5,1,0.302,-38.39,13.11,0,0,1,0.689
ORD-04151,2025-03-29 06:29:44.516903,Morning,E,Urgent,12,9,137.0,High,False,13.38,9.88,23.26,28,0,3,1,5,1,0.8307,-4.74,16.44,1,1,1,1.115
ORD-04152,2025-03-29 09:07:01.284256,Morning,C,High,8,4,215.4,Low,True,13.63,7.57,21.2,38,0,3,1,5,1,0.5579,-16.8,17.23,0,0,0,1.704
ORD-04153,2025-03-29 11:44:18.051610,Morning,A,Low,31,5,102.0,Medium,True,20.14,14.05,34.19,55,0,3,1,5,1,0.6216,-20.81,31.62,0,0,0,0.65
ORD-04154,2025-03-29 14:21:34.818963,Evening,B,Low,41,6,236.7,Low,True,37.99,14.87,52.86,55,1,3,1,5,1,0.9611,-2.14,97.05,0,0,0,0.927
ORD-04155,2025-03-29 16:58:51.586317,Night,E,High,47,10,172.0,Medium,True,22.58,20.31,42.89,38,0,3,1,5,1,1.1287,4.89,80.84,1,0,0,0.48
ORD-04156,2025-03-29 19:36:08.353670,Night,E,High,45,8,131.4,Medium,False,30.33,36.3,66.63,38,1,3,1,5,1,1.7534,28.63,59.13,1,0,1,0.674
ORD-04157,2025-03-29 22:13:25.121024,Night,A,Urgent,45,7,152.7,Medium,True,26.57,22.91,49.48,28,1,3,1,5,1,1.7671,21.48,68.71,1,0,0,0.59
ORD-04158,2025-03-30 00:50:41.888377,Evening,C,Low,46,4,122.6,Medium,True,32.44,20.75,53.19,55,0,3,1,6,1,0.9671,-1.81,56.4,0,0,0,0.705
ORD-04159,2025-03-30 03:27:58.655731,Night,A,Medium,29,5,128.1,Low,True,16.2,16.97,33.17,45,1,3,1,6,1,0.7371,-11.83,37.15,0,0,0,0.559
ORD-04160,2025-03-30 06:05:15.423084,Evening,A,Low,42,2,152.9,Medium,True,36.83,22.92,59.75,55,1,3,1,6,1,1.0864,4.75,64.22,0,0,0,0.877
ORD-04161,2025-03-30 08:42:32.190438,Evening,E,High,32,4,136.8,High,True,31.94,15.83,47.77,38,1,3,1,6,1,1.2571,9.77,43.78,0,1,0,0.998
ORD-04162,2025-03-30 11:19:48.957791,Evening,E,Medium,7,9,112.7,Medium,False,7.45,13.05,20.5,45,0,3,1,6,1,0.4556,-24.5,7.89,1,0,1,1.064
ORD-04163,2025-03-30 13:57:05.725145,Morning,A,High,2,1,141.1,Low,False,7.25,11.84,19.09,38,0,3,1,6,1,0.5024,-18.91,2.82,0,0,1,3.625
ORD-04164,2025-03-30 16:34:22.492498,Morning,E,Low,5,2,97.4,Medium,True,8.59,11.73,20.32,55,0,3,1,6,1,0.3695,-34.68,4.87,0,0,0,1.718
ORD-04165,2025-03-30 19:11:39.259851,Morning,D,High,18,6,99.1,Medium,True,12.65,11.7,24.35,38,0,3,1,6,1,0.6408,-13.65,17.84,0,0,0,0.703
ORD-04166,2025-03-30 21:48:56.027205,Night,D,Medium,25,8,98.7,Medium,True,16.17,10.93,27.1,45,0,3,1,6,1,0.6022,-17.9,24.68,1,0,0,0.647
ORD-04167,2025-03-31 00:26:12.794558,Morning,D,High,32,10,216.9,Medium,True,15.48,18.16,33.64,38,1,3,1,0,0,0.8853,-4.36,69.41,1,0,0,0.484
ORD-04168,2025-03-31 03:03:29.561912,Evening,C,Low,27,6,166.2,High,False,27.41,15.96,43.37,55,1,3,1,0,0,0.7885,-11.63,44.87,0,1,1,1.015
ORD-04169,2025-03-31 05:40:46.329265,Night,E,High,19,7,173.8,High,True,22.47,16.21,38.68,38,0,3,1,0,0,1.0179,0.68,33.02,1,1,0,1.183
ORD-04170,2025-03-31 08:18:03.096619,Evening,A,Low,37,3,150.5,Low,True,23.4,17.51,40.91,55,0,3,1,0,0,0.7438,-14.09,55.68,0,0,0,0.632
ORD-04171,2025-03-31 10:55:19.863972,Morning,C,High,44,5,170.3,Medium,False,34.95,27.07,62.02,38,1,3,1,0,0,1.6321,24.02,74.93,0,0,1,0.794
ORD-04172,2025-03-31 13:32:36.631326,Evening,B,High,12,4,197.0,Medium,True,24.67,10.0,34.67,38,0,3,1,0,0,0.9124,-3.33,23.64,0,0,0,2.056
ORD-04173,2025-03-31 16:09:53.398679,Morning,D,Medium,14,2,166.3,High,True,24.16,12.23,36.39,45,0,3,1,0,0,0.8087,-8.61,23.28,0,1,0,1.726
ORD-04174,2025-03-31 18:47:10.166033,Night,A,Medium,47,4,215.6,Low,True,29.71,20.4,50.11,45,1,3,1,0,0,1.1136,5.11,101.33,0,0,0,0.632
ORD-04175,2025-03-31 21:24:26.933386,Evening,B,Medium,49,3,148.5,Low,True,41.59,20.06,61.65,45,1,3,1,0,0,1.37,16.65,72.76,0,0,0,0.849
ORD-04176,2025-04-01 00:01:43.700740,Evening,D,Medium,16,6,174.0,Medium,True,14.68,7.99,22.67,45,0,4,2,1,0,0.5038,-22.33,27.84,0,0,0,0.918
ORD-04177,2025-04-01 02:39:00.468093,Evening,B,High,26,8,178.2,Medium,True,23.58,15.5,39.08,38,1,4,2,1,0,1.0284,1.08,46.33,1,0,0,0.907
ORD-04178,2025-04-01 05:16:17.235447,Evening,A,Low,29,10,112.7,Low,True,11.57,16.63,28.2,55,0,4,2,1,0,0.5127,-26.8,32.68,1,0,0,0.399
ORD-04179,2025-04-01 07:53:34.002800,Evening,B,Low,32,9,151.7,High,True,28.24,18.23,46.47,55,0,4,2,1,0,0.8449,-8.53,48.54,1,1,0,0.882
ORD-04180,2025-04-01 10:30:50.770154,Morning,D,Medium,44,4,76.3,Low,True,24.38,16.49,40.87,45,0,4,2,1,0,0.9082,-4.13,33.57,0,0,0,0.554
ORD-04181,2025-04-01 13:08:07.537507,Morning,B,Medium,6,10,144.8,Low,True,3.0,3.4,6.4,45,0,4,2,1,0,0.1422,-38.6,8.69,1,0,0,0.5
ORD-04182,2025-04-01 15:45:24.304860,Morning,B,Low,27,10,138.8,Low,True,17.26,18.48,35.74,55,0,4,2,1,0,0.6498,-19.26,37.48,1,0,0,0.639
ORD-04183,2025-04-01 18:22:41.072214,Evening,C,High,11,6,136.4,Low,True,13.86,6.77,20.63,38,0,4,2,1,0,0.5429,-17.37,15.0,0,0,0,1.26
ORD-04184,2025-04-01 20:59:57.839567,Night,E,Low,38,3,133.7,Low,True,27.45,16.19,43.64,55,1,4,2,1,0,0.7935,-11.36,50.81,0,0,0,0.722
ORD-04185,2025-04-01 23:37:14.606921,Evening,D,Urgent,30,8,170.5,Low,False,15.91,25.41,41.32,28,1,4,2,1,0,1.4757,13.32,51.15,1,0,1,0.53
ORD-04186,2025-04-02 02:14:31.374274,Evening,A,High,38,2,114.6,Low,True,31.15,18.24,49.39,38,1,4,2,2,0,1.2997,11.39,43.55,0,0,0,0.82
ORD-04187,2025-04-02 04:51:48.141628,Night,E,Medium,46,4,224.4,Medium,True,42.07,24.12,66.19,45,1,4,2,2,0,1.4709,21.19,103.22,0,0,0,0.915
ORD-04188,2025-04-02 07:29:04.908981,Morning,D,High,40,6,172.7,Low,True,23.15,18.91,42.06,38,1,4,2,2,0,1.1068,4.06,69.08,0,0,0,0.579
ORD-04189,2025-04-02 10:06:21.676335,Morning,D,High,43,9,117.9,Medium,True,24.34,26.67,51.01,38,1,4,2,2,0,1.3424,13.01,50.7,1,0,0,0.566
ORD-04190,2025-04-02 12:43:38.443688,Night,C,Medium,41,10,175.9,High,True,30.51,16.62,47.13,45,1,4,2,2,0,1.0473,2.13,72.12,1,1,0,0.744
ORD-04191,2025-04-02 15:20:55.211042,Night,A,Medium,32,9,189.8,High,True,20.46,18.1,38.56,45,0,4,2,2,0,0.8569,-6.44,60.74,1,1,0,0.639
ORD-04192,2025-04-02 17:58:11.978395,Evening,D,High,20,5,164.8,Low,True,13.93,15.28,29.21,38,0,4,2,2,0,0.7687,-8.79,32.96,0,0,0,0.696
ORD-04193,2025-04-02 20:35:28.745749,Morning,C,Low,17,1,109.8,Low,True,18.71,10.61,29.32,55,0,4,2,2,0,0.5331,-25.68,18.67,0,0,0,1.101
ORD-04194,2025-04-02 23:12:45.513102,Night,B,Medium,19,8,239.5,Medium,True,24.0,11.88,35.88,45,1,4,2,2,0,0.7973,-9.12,45.5,1,0,0,1.263
ORD-04195,2025-04-03 01:50:02.280456,Night,A,Low,31,9,175.6,Low,True,16.98,18.72,35.7,55,1,4,2,3,0,0.6491,-19.3,54.44,1,0,0,0.548
ORD-04196,2025-04-03 04:27:19.047809,Evening,A,Medium,41,5,100.1,Medium,True,20.62,22.47,43.09,45,0,4,2,3,0,0.9576,-1.91,41.04,0,0,0,0.503
ORD-04197,2025-04-03 07:04:35.815163,Morning,C,High,19,6,158.4,Medium,True,12.4,8.41,20.81,38,0,4,2,3,0,0.5476,-17.19,30.1,0,0,0,0.653
ORD-04198,2025-04-03 09:41:52.582516,Evening,A,Low,29,9,141.2,Low,True,18.05,16.52,34.57,55,0,4,2,3,0,0.6285,-20.43,40.95,1,0,0,0.622
ORD-04199,2025-04-03 12:19:09.349869,Night,C,Medium,21,2,150.3,Low,True,21.88,15.95,37.83,45,0,4,2,3,0,0.8407,-7.17,31.56,0,0,0,1.042
ORD-04200,2025-04-03 14:56:26.117223,Night,D,High,31,9,102.3,High,True,19.03,18.16,37.19,38,1,4,2,3,0,0.9787,-0.81,31.71,1,1,0,0.614
ORD-04201,2025-04-03 17:33:42.884576,Evening,B,Medium,41,6,152.2,Medium,True,33.95,24.96,58.91,45,1,4,2,3,0,1.3091,13.91,62.4,0,0,0,0.828
ORD-04202,2025-04-03 20:10:59.651930,Evening,A,Low,21,7,116.7,Medium,True,13.46,14.56,28.02,55,0,4,2,3,0,0.5095,-26.98,24.51,1,0,0,0.641
ORD-04203,2025-04-03 22:48:16.419283,Evening,A,Medium,20,2,136.0,Medium,True,22.38,14.53,36.91,45,0,4,2,3,0,0.8202,-8.09,27.2,0,0,0,1.119
ORD-04204,2025-04-04 01:25:33.186637,Evening,B,Urgent,11,7,165.5,Medium,True,12.34,5.75,18.09,28,0,4,2,4,0,0.6461,-9.91,18.21,1,0,0,1.122
ORD-04205,2025-04-04 04:02:49.953990,Evening,D,High,25,3,130.9,Low,True,16.43,14.83,31.26,38,1,4,2,4,0,0.8226,-6.74,32.72,0,0,0,0.657
ORD-04206,2025-04-04 06:40:06.721344,Morning,C,Medium,23,6,138.4,Medium,False,19.48,16.57,36.05,45,1,4,2,4,0,0.8011,-8.95,31.83,0,0,1,0.847
ORD-04207,2025-04-04 09:17:23.488697,Morning,E,High,9,6,182.8,Low,True,13.03,11.04,24.07,38,1,4,2,4,0,0.6334,-13.93,16.45,0,0,0,1.448
ORD-04208,2025-04-04 11:54:40.256051,Night,E,High,49,10,114.5,Medium,True,21.49,24.39,45.88,38,1,4,2,4,0,1.2074,7.88,56.1,1,0,0,0.439
ORD-04209,2025-04-04 14:31:57.023404,Morning,A,High,43,7,124.1,Low,True,23.79,23.79,47.58,38,1,4,2,4,0,1.2521,9.58,53.36,1,0,0,0.553
ORD-04210,2025-04-04 17:09:13.790758,Morning,D,High,15,6,99.8,High,True,16.29,11.62,27.91,38,1,4,2,4,0,0.7345,-10.09,14.97,0,1,0,1.086
ORD-04211,2025-04-04 19:46:30.558111,Night,C,High,48,5,117.1,Medium,True,28.91,26.91,55.82,38,1,4,2,4,0,1.4689,17.82,56.21,0,0,0,0.602
ORD-04212,2025-04-04 22:23:47.325465,Evening,C,High,14,4,155.2,Low,True,18.23,8.67,26.9,38,0,4,2,4,0,0.7079,-11.1,21.73,0,0,0,1.302
ORD-04213,2025-04-05 01:01:04.092818,Morning,B,Medium,21,7,175.6,Medium,True,25.62,14.45,40.07,45,0,4,2,5,1,0.8904,-4.93,36.88,1,0,0,1.22
ORD-04214,2025-04-05 03:38:20.860172,Morning,B,Low,7,9,117.8,Medium,False,9.45,7.37,16.82,55,0,4,2,5,1,0.3058,-38.18,8.25,1,0,1,1.35
ORD-04215,2025-04-05 06:15:37.627525,Night,D,Low,31,6,174.4,Medium,True,21.78,17.2,38.98,55,0,4,2,5,1,0.7087,-16.02,54.06,0,0,0,0.703
ORD-04216,2025-04-05 08:52:54.394878,Evening,C,Medium,25,7,154.2,Low,True,17.87,11.73,29.6,45,0,4,2,5,1,0.6578,-15.4,38.55,1,0,0,0.715
ORD-04217,2025-04-05 11:30:11.162232,Evening,B,Urgent,14,4,94.7,Medium,True,18.77,8.1,26.87,28,0,4,2,5,1,0.9596,-1.13,13.26,0,0,0,1.341
ORD-04218,2025-04-05 14:07:27.929585,Evening,A,High,15,6,157.0,Medium,True,13.68,10.28,23.96,38,0,4,2,5,1,0.6305,-14.04,23.55,0,0,0,0.912
ORD-04219,2025-04-05 16:44:44.696939,Morning,C,High,47,6,197.8,Low,True,32.9,24.09,56.99,38,1,4,2,5,1,1.4997,18.99,92.97,0,0,0,0.7
ORD-04220,2025-04-05 19:22:01.464292,Evening,D,High,35,7,74.3,Medium,True,13.21,15.74,28.95,38,1,4,2,5,1,0.7618,-9.05,26.0,1,0,0,0.377
ORD-04221,2025-04-05 21:59:18.231646,Morning,C,Urgent,8,4,230.2,Low,True,12.61,8.63,21.24,28,0,4,2,5,1,0.7586,-6.76,18.42,0,0,0,1.576
ORD-04222,2025-04-06 00:36:34.998999,Evening,A,High,7,4,125.6,High,True,13.78,10.27,24.05,38,0,4,2,6,1,0.6329,-13.95,8.79,0,1,0,1.969
ORD-04223,2025-04-06 03:13:51.766353,Morning,B,Medium,4,4,84.0,High,True,10.64,3.66,14.3,45,0,4,2,6,1,0.3178,-30.7,3.36,0,1,0,2.66
ORD-04224,2025-04-06 05:51:08.533706,Morning,D,Medium,13,5,155.5,Low,True,13.26,10.32,23.58,45,1,4,2,6,1,0.524,-21.42,20.22,0,0,0,1.02
ORD-04225,2025-04-06 08:28:25.301060,Morning,D,Medium,37,3,183.2,Low,True,23.0,22.26,45.26,45,1,4,2,6,1,1.0058,0.26,67.78,0,0,0,0.622
ORD-04226,2025-04-06 11:05:42.068413,Night,A,Low,4,2,138.8,Low,True,8.19,4.73,12.92,55,0,4,2,6,1,0.2349,-42.08,5.55,0,0,0,2.047
ORD-04227,2025-04-06 13:42:58.835767,Morning,C,Medium,13,6,162.5,High,True,20.39,11.24,31.63,45,1,4,2,6,1,0.7029,-13.37,21.12,0,1,0,1.568
ORD-04228,2025-04-06 16:20:15.603120,Morning,B,Medium,3,9,234.8,Low,True,6.42,8.41,14.83,45,0,4,2,6,1,0.3296,-30.17,7.04,1,0,0,2.14
ORD-04229,2025-04-06 18:57:32.370474,Morning,C,Low,33,1,158.2,Medium,True,33.73,20.5,54.23,55,0,4,2,6,1,0.986,-0.77,52.21,0,0,0,1.022
ORD-04230,2025-04-06 21:34:49.137827,Evening,A,Medium,41,7,269.3,High,True,35.47,22.76,58.23,45,1,4,2,6,1,1.294,13.23,110.41,1,1,0,0.865
ORD-04231,2025-04-07 00:12:05.905181,Evening,C,Urgent,27,9,200.6,Low,True,16.21,13.73,29.94,28,0,4,2,0,0,1.0693,1.94,54.16,1,0,0,0.6
ORD-04232,2025-04-07 02:49:22.672534,Night,E,Medium,46,9,152.1,Medium,True,26.37,25.8,52.17,45,0,4,2,0,0,1.1593,7.17,69.97,1,0,0,0.573
ORD-04233,2025-04-07 05:26:39.439887,Evening,B,High,35,9,161.7,Medium,True,25.98,19.16,45.14,38,1,4,2,0,0,1.1879,7.14,56.6,1,0,0,0.742
ORD-04234,2025-04-07 08:03:56.207241,Evening,B,Low,39,4,137.2,Low,True,33.32,16.91,50.23,55,1,4,2,0,0,0.9133,-4.77,53.51,0,0,0,0.854
ORD-04235,2025-04-07 10:41:12.974594,Evening,A,Urgent,16,2,160.0,High,True,24.26,11.88,36.14,28,1,4,2,0,0,1.2907,8.14,25.6,0,1,0,1.516
ORD-04236,2025-04-07 13:18:29.741948,Morning,A,High,44,10,172.5,Medium,False,20.25,31.55,51.8,38,1,4,2,0,0,1.3632,13.8,75.9,1,0,1,0.46
ORD-04237,2025-04-07 15:55:46.509301,Night,E,Urgent,32,7,133.8,Low,True,18.9,15.17,34.07,28,1,4,2,0,0,1.2168,6.07,42.82,1,0,0,0.591
ORD-04238,2025-04-07 18:33:03.276655,Night,E,Medium,5,4,94.8,Medium,True,12.01,9.52,21.53,45,0,4,2,0,0,0.4784,-23.47,4.74,0,0,0,2.402
ORD-04239,2025-04-07 21:10:20.044008,Morning,A,High,5,9,202.9,Medium,True,5.61,7.56,13.17,38,0,4,2,0,0,0.3466,-24.83,10.14,1,0,0,1.122
ORD-04240,2025-04-07 23:47:36.811362,Evening,E,Medium,45,4,188.9,Medium,True,40.28,20.73,61.01,45,1,4,2,0,0,1.3558,16.01,85.0,0,0,0,0.895
ORD-04241,2025-04-08 02:24:53.578715,Morning,A,Medium,14,8,93.3,Low,True,5.63,13.89,19.52,45,0,4,2,1,0,0.4338,-25.48,13.06,1,0,0,0.402
ORD-04242,2025-04-08 05:02:10.346069,Evening,C,High,24,10,156.8,Medium,True,18.67,13.0,31.67,38,1,4,2,1,0,0.8334,-6.33,37.63,1,0,0,0.778
ORD-04243,2025-04-08 07:39:27.113422,Night,D,Low,39,8,191.1,Low,False,19.35,27.25,46.6,55,0,4,2,1,0,0.8473,-8.4,74.53,1,0,1,0.496
ORD-04244,2025-04-08 10:16:43.880776,Night,B,Low,39,7,186.9,Medium,True,31.61,22.58,54.19,55,0,4,2,1,0,0.9853,-0.81,72.89,1,0,0,0.811
ORD-04245,2025-04-08 12:54:00.648129,Morning,C,High,2,2,122.2,Low,True,6.67,6.37,13.04,38,0,4,2,1,0,0.3432,-24.96,2.44,0,0,0,3.335
ORD-04246,2025-04-08 15:31:17.415483,Evening,C,Low,31,10,189.3,Medium,True,13.74,15.67,29.41,55,0,4,2,1,0,0.5347,-25.59,58.68,1,0,0,0.443
ORD-04247,2025-04-08 18:08:34.182836,Evening,A,High,46,5,150.6,High,True,38.04,19.62,57.66,38,1,4,2,1,0,1.5174,19.66,69.28,0,1,0,0.827
ORD-04248,2025-04-08 20:45:50.950190,Morning,E,Low,18,7,165.5,Low,True,15.53,13.51,29.04,55,0,4,2,1,0,0.528,-25.96,29.79,1,0,0,0.863
ORD-04249,2025-04-08 23:23:07.717543,Evening,A,Medium,28,7,113.2,Low,True,18.38,17.88,36.26,45,0,4,2,1,0,0.8058,-8.74,31.7,1,0,0,0.656
ORD-04250,2025-04-09 02:00:24.484896,Evening,A,Medium,14,3,30.0,Medium,False,13.09,14.94,28.03,45,0,4,2,2,0,0.6229,-16.97,4.2,0,0,1,0.935
ORD-04251,2025-04-09 04:37:41.252250,Night,E,Medium,37,7,118.9,Low,True,20.38,20.78,41.16,45,0,4,2,2,0,0.9147,-3.84,43.99,1,0,0,0.551
ORD-04252,2025-04-09 07:14:58.019603,Night,B,High,6,4,171.5,Low,True,15.12,16.09,31.21,38,0,4,2,2,0,0.8213,-6.79,10.29,0,0,0,2.52
ORD-04253,2025-04-09 09:52:14.786957,Morning,B,High,26,4,141.8,Medium,False,32.14,25.59,57.73,38,1,4,2,2,0,1.5192,19.73,36.87,0,0,1,1.236
ORD-04254,2025-04-09 12:29:31.554310,Morning,B,Medium,21,9,176.0,Medium,False,24.56,16.33,40.89,45,0,4,2,2,0,0.9087,-4.11,36.96,1,0,1,1.17
ORD-04255,2025-04-09 15:06:48.321664,Morning,A,Medium,33,8,194.2,Low,False,16.52,26.75,43.27,45,0,4,2,2,0,0.9616,-1.73,64.09,1,0,1,0.501
ORD-04256,2025-04-09 17:44:05.089017,Morning,B,High,25,5,136.8,Medium,True,30.83,6.16,36.99,38,0,4,2,2,0,0.9734,-1.01,34.2,0,0,0,1.233
ORD-04257,2025-04-09 20:21:21.856371,Evening,B,Low,50,1,132.8,Low,False,46.73,29.33,76.06,55,1,4,2,2,0,1.3829,21.06,66.4,0,0,1,0.935
ORD-04258,2025-04-09 22:58:38.623724,Night,C,Low,50,8,62.5,High,True,33.77,22.48,56.25,55,1,4,2,2,0,1.0227,1.25,31.25,1,1,0,0.675
ORD-04259,2025-04-10 01:35:55.391078,Evening,C,Medium,15,8,88.1,Medium,False,8.6,13.56,22.16,45,0,4,2,3,0,0.4924,-22.84,13.21,1,0,1,0.573
ORD-04260,2025-04-10 04:13:12.158431,Evening,E,High,2,2,96.4,Low,True,4.54,7.91,12.45,38,0,4,2,3,0,0.3276,-25.55,1.93,0,0,0,2.27
ORD-04261,2025-04-10 06:50:28.925785,Morning,E,Medium,25,8,172.3,Medium,True,18.02,18.3,36.32,45,0,4,2,3,0,0.8071,-8.68,43.08,1,0,0,0.721
ORD-04262,2025-04-10 09:27:45.693138,Morning,B,Low,30,4,137.2,Medium,True,31.06,21.22,52.28,55,1,4,2,3,0,0.9505,-2.72,41.16,0,0,0,1.035
ORD-04263,2025-04-10 12:05:02.460492,Night,E,Urgent,38,8,128.6,High,True,29.56,18.2,47.76,28,1,4,2,3,0,1.7057,19.76,48.87,1,1,0,0.778
ORD-04264,2025-04-10 14:42:19.227845,Evening,E,Urgent,27,9,124.1,Medium,True,19.22,16.08,35.3,28,1,4,2,3,0,1.2607,7.3,33.51,1,0,0,0.712
ORD-04265,2025-04-10 17:19:35.995199,Morning,E,High,30,8,118.8,Low,False,10.81,26.28,37.09,38,1,4,2,3,0,0.9761,-0.91,35.64,1,0,1,0.36
ORD-04266,2025-04-10 19:56:52.762552,Night,D,High,2,10,186.9,Medium,False,5.47,6.62,12.09,38,0,4,2,3,0,0.3182,-25.91,3.74,1,0,1,2.735
ORD-04267,2025-04-10 22:34:09.529905,Evening,A,Urgent,39,1,153.7,Medium,True,33.96,18.77,52.73,28,1,4,2,3,0,1.8832,24.73,59.94,0,0,0,0.871
ORD-04268,2025-04-11 01:11:26.297259,Morning,A,High,17,4,189.7,Medium,True,21.62,11.73,33.35,38,1,4,2,4,0,0.8776,-4.65,32.25,0,0,0,1.272
ORD-04269,2025-04-11 03:48:43.064612,Evening,E,High,20,1,62.3,Medium,True,23.17,19.64,42.81,38,1,4,2,4,0,1.1266,4.81,12.46,0,0,0,1.158
ORD-04270,2025-04-11 06:25:59.831966,Evening,C,Medium,22,2,171.3,High,True,30.86,12.42,43.28,45,0,4,2,4,0,0.9618,-1.72,37.69,0,1,0,1.403
ORD-04271,2025-04-11 09:03:16.599319,Morning,E,Medium,4,4,130.6,Low,True,6.43,2.6,9.03,45,0,4,2,4,0,0.2007,-35.97,5.22,0,0,0,1.608
ORD-04272,2025-04-11 11:40:33.366673,Night,D,High,25,1,138.7,High,True,26.18,13.37,39.55,38,1,4,2,4,0,1.0408,1.55,34.67,0,1,0,1.047
ORD-04273,2025-04-11 14:17:50.134026,Evening,A,High,20,4,204.1,Low,True,23.38,14.13,37.51,38,0,4,2,4,0,0.9871,-0.49,40.82,0,0,0,1.169
ORD-04274,2025-04-11 16:55:06.901380,Evening,B,Medium,12,2,134.4,Low,True,21.05,10.8,31.85,45,1,4,2,4,0,0.7078,-13.15,16.13,0,0,0,1.754
ORD-04275,2025-04-11 19:32:23.668733,Night,E,High,13,2,169.7,Low,True,11.97,8.41,20.38,38,0,4,2,4,0,0.5363,-17.62,22.06,0,0,0,0.921
ORD-04276,2025-04-11 22:09:40.436087,Evening,A,High,2,9,109.3,High,True,7.01,5.71,12.72,38,0,4,2,4,0,0.3347,-25.28,2.19,1,1,0,3.505
ORD-04277,2025-04-12 00:46:57.203440,Evening,D,Medium,45,8,151.4,Medium,True,20.9,23.56,44.46,45,0,4,2,5,1,0.988,-0.54,68.13,1,0,0,0.464
ORD-04278,2025-04-12 03:24:13.970794,Morning,E,High,15,5,86.4,Low,True,10.12,11.78,21.9,38,0,4,2,5,1,0.5763,-16.1,12.96,0,0,0,0.675
ORD-04279,2025-04-12 06:01:30.738147,Morning,A,Low,44,6,147.7,High,True,32.26,21.08,53.34,55,1,4,2,5,1,0.9698,-1.66,64.99,0,1,0,0.733
ORD-04280,2025-04-12 08:38:47.505501,Morning,B,High,42,3,165.4,Low,True,35.16,18.26,53.42,38,0,4,2,5,1,1.4058,15.42,69.47,0,0,0,0.837
ORD-04281,2025-04-12 11:16:04.272854,Morning,C,Urgent,23,5,194.3,Low,False,19.09,16.81,35.9,28,1,4,2,5,1,1.2821,7.9,44.69,0,0,1,0.83
ORD-04282,2025-04-12 13:53:21.040208,Evening,D,High,41,8,117.3,Low,True,22.43,21.73,44.16,38,1,4,2,5,1,1.1621,6.16,48.09,1,0,0,0.547
ORD-04283,2025-04-12 16:30:37.807561,Morning,C,High,11,6,128.8,Low,True,7.57,8.45,16.02,38,1,4,2,5,1,0.4216,-21.98,14.17,0,0,0,0.688
ORD-04284,2025-04-12 19:07:54.574914,Morning,A,High,10,8,124.2,Medium,True,11.03,8.08,19.11,38,0,4,2,5,1,0.5029,-18.89,12.42,1,0,0,1.103
ORD-04285,2025-04-12 21:45:11.342268,Evening,A,Medium,45,5,139.8,Low,True,29.06,21.48,50.54,45,1,4,2,5,1,1.1231,5.54,62.91,0,0,0,0.646
ORD-04286,2025-04-13 00:22:28.109621,Morning,B,High,33,4,111.4,Low,True,30.35,20.67,51.02,38,1,4,2,6,1,1.3426,13.02,36.76,0,0,0,0.92
ORD-04287,2025-04-13 02:59:44.876975,Evening,B,Medium,35,9,63.7,Low,False,23.13,27.22,50.35,45,1,4,2,6,1,1.1189,5.35,22.3,1,0,1,0.661
ORD-04288,2025-04-13 05:37:01.644328,Evening,A,Medium,47,10,108.3,Low,False,19.2,36.16,55.36,45,1,4,2,6,1,1.2302,10.36,50.9,1,0,1,0.409
ORD-04289,2025-04-13 08:14:18.411682,Morning,D,Medium,1,3,148.0,Medium,True,12.48,4.94,17.42,45,0,4,2,6,1,0.3871,-27.58,1.48,0,0,0,12.48
ORD-04290,2025-04-13 10:51:35.179035,Morning,A,Medium,9,5,144.1,Medium,True,8.7,13.12,21.82,45,0,4,2,6,1,0.4849,-23.18,12.97,0,0,0,0.967
ORD-04291,2025-04-13 13:28:51.946389,Evening,D,Medium,49,8,172.1,Low,True,23.93,23.14,47.07,45,0,4,2,6,1,1.046,2.07,84.33,1,0,0,0.488
ORD-04292,2025-04-13 16:06:08.713742,Morning,E,Medium,7,3,183.7,Low,False,16.86,12.8,29.66,45,0,4,2,6,1,0.6591,-15.34,12.86,0,0,1,2.409
ORD-04293,2025-04-13 18:43:25.481096,Evening,C,Medium,23,8,132.0,Medium,False,13.52,17.24,30.76,45,0,4,2,6,1,0.6836,-14.24,30.36,1,0,1,0.588
ORD-04294,2025-04-13 21:20:42.248449,Evening,C,Medium,2,9,86.6,Medium,False,3.0,5.34,8.34,45,0,4,2,6,1,0.1853,-36.66,1.73,1,0,1,1.5
ORD-04295,2025-04-13 23:57:59.015803,Evening,A,Medium,17,3,166.1,Medium,True,16.24,14.92,31.16,45,0,4,2,6,1,0.6924,-13.84,28.24,0,0,0,0.955
ORD-04296,2025-04-14 02:35:15.783156,Evening,C,Low,9,2,149.6,Medium,False,13.26,15.24,28.5,55,0,4,2,0,0,0.5182,-26.5,13.46,0,0,1,1.473
ORD-04297,2025-04-14 05:12:32.550510,Night,B,Urgent,13,10,139.7,High,True,15.87,8.43,24.3,28,0,4,2,0,0,0.8679,-3.7,18.16,1,1,0,1.221
ORD-04298,2025-04-14 07:49:49.317863,Morning,A,Low,41,10,198.8,Medium,True,18.96,21.03,39.99,55,0,4,2,0,0,0.7271,-15.01,81.51,1,0,0,0.462
ORD-04299,2025-04-14 10:27:06.085217,Night,C,High,14,9,168.0,Low,True,9.81,17.54,27.35,38,1,4,2,0,0,0.7197,-10.65,23.52,1,0,0,0.701
ORD-04300,2025-04-14 13:04:22.852570,Night,A,Medium,41,7,154.9,High,True,29.76,19.56,49.32,45,1,4,2,0,0,1.096,4.32,63.51,1,1,0,0.726
ORD-04301,2025-04-14 15:41:39.619923,Evening,B,High,45,1,156.6,Medium,True,55.16,21.99,77.15,38,1,4,2,0,0,2.0303,39.15,70.47,0,0,0,1.226
ORD-04302,2025-04-14 18:18:56.387277,Morning,C,High,28,10,184.0,Medium,True,15.94,17.44,33.38,38,0,4,2,0,0,0.8784,-4.62,51.52,1,0,0,0.569
ORD-04303,2025-04-14 20:56:13.154630,Morning,C,Urgent,27,2,122.4,Medium,True,24.54,12.57,37.11,28,0,4,2,0,0,1.3254,9.11,33.05,0,0,0,0.909
ORD-04304,2025-04-14 23:33:29.921984,Night,A,High,17,2,114.8,Low,True,17.11,13.48,30.59,38,1,4,2,0,0,0.805,-7.41,19.52,0,0,0,1.006
ORD-04305,2025-04-15 02:10:46.689337,Morning,A,High,34,8,140.6,High,True,27.76,19.92,47.68,38,1,4,2,1,0,1.2547,9.68,47.8,1,1,0,0.816
ORD-04306,2025-04-15 04:48:03.456691,Night,B,Low,41,4,102.9,Low,True,30.59,18.01,48.6,55,1,4,2,1,0,0.8836,-6.4,42.19,0,0,0,0.746
ORD-04307,2025-04-15 07:25:20.224044,Evening,C,Medium,44,9,148.2,Low,True,20.27,25.78,46.05,45,0,4,2,1,0,1.0233,1.05,65.21,1,0,0,0.461
ORD-04308,2025-04-15 10:02:36.991398,Evening,C,Medium,10,9,153.9,Low,True,4.41,9.66,14.07,45,0,4,2,1,0,0.3127,-30.93,15.39,1,0,0,0.441
ORD-04309,2025-04-15 12:39:53.758751,Evening,A,Urgent,35,9,147.2,Medium,True,14.21,17.48,31.69,28,0,4,2,1,0,1.1318,3.69,51.52,1,0,0,0.406
ORD-04310,2025-04-15 15:17:10.526105,Morning,C,High,7,9,135.5,Low,False,8.99,8.99,17.98,38,0,4,2,1,0,0.4732,-20.02,9.48,1,0,1,1.284
ORD-04311,2025-04-15 17:54:27.293458,Evening,E,Medium,25,6,216.1,Low,True,25.52,13.99,39.51,45,0,4,2,1,0,0.878,-5.49,54.02,0,0,0,1.021
ORD-04312,2025-04-15 20:31:44.060812,Night,C,High,5,9,187.6,High,False,9.65,4.99,14.64,38,0,4,2,1,0,0.3853,-23.36,9.38,1,1,1,1.93
ORD-04313,2025-04-15 23:09:00.828165,Morning,C,Medium,28,10,146.1,Low,False,17.24,21.84,39.08,45,0,4,2,1,0,0.8684,-5.92,40.91,1,0,1,0.616
ORD-04314,2025-04-16 01:46:17.595519,Night,C,High,43,3,153.7,Low,False,29.63,28.37,58.0,38,1,4,2,2,0,1.5263,20.0,66.09,0,0,1,0.689
ORD-04315,2025-04-16 04:23:34.362872,Night,E,High,41,5,205.1,Medium,True,34.6,19.16,53.76,38,1,4,2,2,0,1.4147,15.76,84.09,0,0,0,0.844
ORD-04316,2025-04-16 07:00:51.130226,Morning,E,Medium,36,7,126.6,Low,True,24.65,18.26,42.91,45,0,4,2,2,0,0.9536,-2.09,45.58,1,0,0,0.685
ORD-04317,2025-04-16 09:38:07.897579,Evening,A,High,29,9,111.4,Low,True,10.48,14.66,25.14,38,0,4,2,2,0,0.6616,-12.86,32.31,1,0,0,0.361
ORD-04318,2025-04-16 12:15:24.664932,Morning,A,Medium,32,4,159.1,Low,False,24.92,23.13,48.05,45,1,4,2,2,0,1.0678,3.05,50.91,0,0,1,0.779
ORD-04319,2025-04-16 14:52:41.432286,Evening,A,High,5,3,166.6,Low,True,9.2,9.43,18.63,38,0,4,2,2,0,0.4903,-19.37,8.33,0,0,0,1.84
ORD-04320,2025-04-16 17:29:58.199639,Night,D,High,37,4,169.5,Low,True,22.48,20.24,42.72,38,1,4,2,2,0,1.1242,4.72,62.72,0,0,0,0.608
ORD-04321,2025-04-16 20:07:14.966993,Night,A,Medium,35,8,183.1,Medium,True,20.47,19.1,39.57,45,1,4,2,2,0,0.8793,-5.43,64.08,1,0,0,0.585
ORD-04322,2025-04-16 22:44:31.734346,Night,E,Medium,8,6,120.7,Low,True,3.19,4.38,7.57,45,0,4,2,2,0,0.1682,-37.43,9.66,0,0,0,0.399
ORD-04323,2025-04-17 01:21:48.501700,Morning,A,Low,32,3,93.7,Medium,True,28.21,15.02,43.23,55,1,4,2,3,0,0.786,-11.77,29.98,0,0,0,0.882
ORD-04324,2025-04-17 03:59:05.269053,Evening,C,Medium,20,8,126.6,Low,True,12.33,11.09,23.42,45,0,4,2,3,0,0.5204,-21.58,25.32,1,0,0,0.616
ORD-04325,2025-04-17 06:36:22.036407,Morning,B,Urgent,26,7,173.3,High,True,31.3,10.41,41.71,28,1,4,2,3,0,1.4896,13.71,45.06,1,1,0,1.204
ORD-04326,2025-04-17 09:13:38.803760,Night,C,Low,41,6,113.1,Medium,True,25.34,22.13,47.47,55,0,4,2,3,0,0.8631,-7.53,46.37,0,0,0,0.618
ORD-04327,2025-04-17 11:50:55.571114,Morning,B,Low,17,7,72.6,Low,False,13.23,11.26,24.49,55,0,4,2,3,0,0.4453,-30.51,12.34,1,0,1,0.778
ORD-04328,2025-04-17 14:28:12.338467,Morning,D,Medium,46,3,155.8,Medium,True,37.47,22.49,59.96,45,1,4,2,3,0,1.3324,14.96,71.67,0,0,0,0.815
ORD-04329,2025-04-17 17:05:29.105821,Morning,C,Medium,21,2,127.3,Low,True,18.12,11.54,29.66,45,1,4,2,3,0,0.6591,-15.34,26.73,0,0,0,0.863
ORD-04330,2025-04-17 19:42:45.873174,Morning,B,Medium,26,9,80.9,Low,True,17.14,14.41,31.55,45,0,4,2,3,0,0.7011,-13.45,21.03,1,0,0,0.659
ORD-04331,2025-04-17 22:20:02.640528,Morning,D,High,2,7,153.0,Low,True,6.29,8.49,14.78,38,0,4,2,3,0,0.3889,-23.22,3.06,1,0,0,3.145
ORD-04332,2025-04-18 00:57:19.407881,Morning,E,Medium,7,10,134.5,Medium,True,6.86,6.89,13.75,45,0,4,2,4,0,0.3056,-31.25,9.41,1,0,0,0.98
ORD-04333,2025-04-18 03:34:36.175235,Night,D,High,15,10,217.0,Low,True,11.71,11.86,23.57,38,0,4,2,4,0,0.6203,-14.43,32.55,1,0,0,0.781
ORD-04334,2025-04-18 06:11:52.942588,Night,D,Medium,49,4,153.6,Low,True,28.09,27.86,55.95,45,1,4,2,4,0,1.2433,10.95,75.26,0,0,0,0.573
ORD-04335,2025-04-18 08:49:09.709941,Morning,C,High,13,5,173.4,Medium,False,12.74,14.57,27.31,38,0,4,2,4,0,0.7187,-10.69,22.54,0,0,1,0.98
ORD-04336,2025-04-18 11:26:26.477295,Night,E,Medium,20,9,149.3,High,True,17.12,14.07,31.19,45,0,4,2,4,0,0.6931,-13.81,29.86,1,1,0,0.856
ORD-04337,2025-04-18 14:03:43.244648,Evening,C,Medium,43,1,126.1,High,True,48.97,21.36,70.33,45,1,4,2,4,0,1.5629,25.33,54.22,0,1,0,1.139
ORD-04338,2025-04-18 16:41:00.012002,Night,E,Medium,16,9,130.5,Medium,True,11.07,10.71,21.78,45,0,4,2,4,0,0.484,-23.22,20.88,1,0,0,0.692
ORD-04339,2025-04-18 19:18:16.779355,Morning,D,High,41,2,193.2,Medium,True,39.25,18.89,58.14,38,1,4,2,4,0,1.53,20.14,79.21,0,0,0,0.957
ORD-04340,2025-04-18 21:55:33.546709,Evening,A,Urgent,6,3,179.9,Medium,True,14.46,2.17,16.63,28,1,4,2,4,0,0.5939,-11.37,10.79,0,0,0,2.41
ORD-04341,2025-04-19 00:32:50.314062,Morning,A,Low,7,5,90.5,Low,True,6.5,7.73,14.23,55,0,4,2,5,1,0.2587,-40.77,6.34,0,0,0,0.929
ORD-04342,2025-04-19 03:10:07.081416,Morning,D,Medium,1,8,100.1,Medium,True,3.83,3.52,7.35,45,0,4,2,5,1,0.1633,-37.65,1.0,1,0,0,3.83
ORD-04343,2025-04-19 05:47:23.848769,Evening,D,High,7,4,102.3,Low,True,7.58,10.45,18.03,38,1,4,2,5,1,0.4745,-19.97,7.16,0,0,0,1.083
ORD-04344,2025-04-19 08:24:40.616123,Night,C,Low,31,10,192.4,High,True,22.8,17.62,40.42,55,0,4,2,5,1,0.7349,-14.58,59.64,1,1,0,0.735
ORD-04345,2025-04-19 11:01:57.383476,Night,E,High,5,8,80.7,Low,True,4.86,5.89,10.75,38,0,4,2,5,1,0.2829,-27.25,4.04,1,0,0,0.972
ORD-04346,2025-04-19 13:39:14.150830,Morning,C,Medium,31,8,181.5,Low,True,17.37,19.87,37.24,45,0,4,2,5,1,0.8276,-7.76,56.26,1,0,0,0.56
ORD-04347,2025-04-19 16:16:30.918183,Evening,B,High,30,8,165.9,Low,True,18.36,18.57,36.93,38,1,4,2,5,1,0.9718,-1.07,49.77,1,0,0,0.612
ORD-04348,2025-04-19 18:53:47.685537,Night,C,Medium,12,1,155.9,High,True,21.06,8.78,29.84,45,1,4,2,5,1,0.6631,-15.16,18.71,0,1,0,1.755
ORD-04349,2025-04-19 21:31:04.452890,Morning,A,Low,2,9,131.1,Low,True,5.0,7.49,12.49,55,0,4,2,5,1,0.2271,-42.51,2.62,1,0,0,2.5
ORD-04350,2025-04-20 00:08:21.220244,Morning,C,High,9,7,197.5,Medium,True,13.09,6.94,20.03,38,0,4,2,6,1,0.5271,-17.97,17.78,1,0,0,1.454
ORD-04351,2025-04-20 02:45:37.987597,Morning,E,Low,8,2,154.5,Low,True,9.3,12.14,21.44,55,0,4,2,6,1,0.3898,-33.56,12.36,0,0,0,1.162
ORD-04352,2025-04-20 05:22:54.754950,Morning,A,High,27,8,92.2,Medium,True,13.6,15.24,28.84,38,0,4,2,6,1,0.7589,-9.16,24.89,1,0,0,0.504
ORD-04353,2025-04-20 08:00:11.522304,Morning,D,High,47,2,101.5,Medium,True,32.9,25.42,58.32,38,1,4,2,6,1,1.5347,20.32,47.7,0,0,0,0.7
ORD-04354,2025-04-20 10:37:28.289657,Morning,D,Medium,22,7,84.2,High,True,19.4,19.42,38.82,45,0,4,2,6,1,0.8627,-6.18,18.52,1,1,0,0.882
ORD-04355,2025-04-20 13:14:45.057011,Evening,A,Medium,32,6,198.0,Low,True,21.64,18.64,40.28,45,0,4,2,6,1,0.8951,-4.72,63.36,0,0,0,0.676
ORD-04356,2025-04-20 15:52:01.824364,Evening,D,Medium,16,1,207.0,Low,True,20.03,10.34,30.37,45,0,4,2,6,1,0.6749,-14.63,33.12,0,0,0,1.252
ORD-04357,2025-04-20 18:29:18.591718,Night,D,Medium,5,4,193.5,Low,True,9.87,7.66,17.53,45,0,4,2,6,1,0.3896,-27.47,9.68,0,0,0,1.974
ORD-04358,2025-04-20 21:06:35.359071,Evening,C,High,11,2,144.3,Medium,True,14.6,9.68,24.28,38,0,4,2,6,1,0.6389,-13.72,15.87,0,0,0,1.327
ORD-04359,2025-04-20 23:43:52.126425,Morning,A,High,24,10,92.9,High,True,12.69,15.01,27.7,38,0,4,2,6,1,0.7289,-10.3,22.3,1,1,0,0.529
ORD-04360,2025-04-21 02:21:08.893778,Night,B,Medium,43,9,107.8,Low,True,24.62,24.64,49.26,45,1,4,2,0,0,1.0947,4.26,46.35,1,0,0,0.573
ORD-04361,2025-04-21 04:58:25.661132,Evening,C,High,13,10,110.4,High,False,9.49,9.2,18.69,38,0,4,2,0,0,0.4918,-19.31,14.35,1,1,1,0.73
ORD-04362,2025-04-21 07:35:42.428485,Evening,A,High,50,5,148.2,Low,True,30.35,25.01,55.36,38,1,4,2,0,0,1.4568,17.36,74.1,0,0,0,0.607
ORD-04363,2025-04-21 10:12:59.195839,Morning,B,High,32,4,205.5,High,False,48.44,27.57,76.01,38,1,4,2,0,0,2.0003,38.01,65.76,0,1,1,1.514
ORD-04364,2025-04-21 12:50:15.963192,Evening,E,Medium,18,10,205.3,Medium,True,14.41,11.91,26.32,45,0,4,2,0,0,0.5849,-18.68,36.95,1,0,0,0.801
ORD-04365,2025-04-21 15:27:32.730546,Evening,D,Medium,32,4,130.5,High,True,30.4,18.89,49.29,45,0,4,2,0,0,1.0953,4.29,41.76,0,1,0,0.95
ORD-04366,2025-04-21 18:04:49.497899,Evening,D,Medium,35,5,60.5,Medium,True,19.63,20.25,39.88,45,0,4,2,0,0,0.8862,-5.12,21.18,0,0,0,0.561
ORD-04367,2025-04-21 20:42:06.265253,Night,E,High,35,2,103.3,Medium,True,31.3,19.67,50.97,38,1,4,2,0,0,1.3413,12.97,36.15,0,0,0,0.894
ORD-04368,2025-04-21 23:19:23.032606,Night,A,High,44,9,197.5,Low,True,22.42,21.85,44.27,38,1,4,2,0,0,1.165,6.27,86.9,1,0,0,0.51
ORD-04369,2025-04-22 01:56:39.799959,Night,A,High,34,2,159.3,Low,False,31.36,26.75,58.11,38,1,4,2,1,0,1.5292,20.11,54.16,0,0,1,0.922
ORD-04370,2025-04-22 04:33:56.567313,Evening,C,Medium,2,1,135.8,Medium,True,12.19,6.98,19.17,45,1,4,2,1,0,0.426,-25.83,2.72,0,0,0,6.095
ORD-04371,2025-04-22 07:11:13.334666,Night,B,High,19,9,133.0,Low,False,6.57,19.76,26.33,38,0,4,2,1,0,0.6929,-11.67,25.27,1,0,1,0.346
ORD-04372,2025-04-22 09:48:30.102020,Night,A,High,46,9,120.0,Medium,False,20.13,27.21,47.34,38,0,4,2,1,0,1.2458,9.34,55.2,1,0,1,0.438
ORD-04373,2025-04-22 12:25:46.869373,Morning,D,Low,11,9,101.8,Low,True,6.46,14.2,20.66,55,0,4,2,1,0,0.3756,-34.34,11.2,1,0,0,0.587
ORD-04374,2025-04-22 15:03:03.636727,Evening,A,Low,25,9,232.9,Low,False,12.06,19.88,31.94,55,0,4,2,1,0,0.5807,-23.06,58.22,1,0,1,0.482
ORD-04375,2025-04-22 17:40:20.404080,Morning,C,Low,26,2,218.7,Medium,True,28.19,16.82,45.01,55,1,4,2,1,0,0.8184,-9.99,56.86,0,0,0,1.084
ORD-04376,2025-04-22 20:17:37.171434,Morning,C,High,28,4,117.1,Low,False,18.78,25.95,44.73,38,0,4,2,1,0,1.1771,6.73,32.79,0,0,1,0.671
ORD-04377,2025-04-22 22:54:53.938787,Morning,C,Medium,44,8,79.8,Medium,True,23.87,23.63,47.5,45,0,4,2,1,0,1.0556,2.5,35.11,1,0,0,0.542
ORD-04378,2025-04-23 01:32:10.706141,Evening,B,Low,27,4,156.8,High,True,40.76,18.59,59.35,55,1,4,2,2,0,1.0791,4.35,42.34,0,1,0,1.51
ORD-04379,2025-04-23 04:09:27.473494,Morning,A,Medium,1,8,144.1,Low,True,3.85,6.01,9.86,45,0,4,2,2,0,0.2191,-35.14,1.44,1,0,0,3.85
ORD-04380,2025-04-23 06:46:44.240848,Morning,E,High,13,10,175.1,Low,False,7.99,16.56,24.55,38,0,4,2,2,0,0.6461,-13.45,22.76,1,0,1,0.615
ORD-04381,2025-04-23 09:24:01.008201,Morning,E,High,32,10,184.2,Low,False,13.52,24.44,37.96,38,0,4,2,2,0,0.9989,-0.04,58.94,1,0,1,0.422
ORD-04382,2025-04-23 12:01:17.775555,Evening,C,High,40,8,103.2,Medium,True,23.35,22.03,45.38,38,1,4,2,2,0,1.1942,7.38,41.28,1,0,0,0.584
ORD-04383,2025-04-23 14:38:34.542908,Night,A,Urgent,33,8,201.2,Medium,True,22.63,13.69,36.32,28,1,4,2,2,0,1.2971,8.32,66.4,1,0,0,0.686
ORD-04384,2025-04-23 17:15:51.310262,Night,C,High,37,6,135.9,High,True,34.15,18.63,52.78,38,1,4,2,2,0,1.3889,14.78,50.28,0,1,0,0.923
ORD-04385,2025-04-23 19:53:08.077615,Evening,B,High,13,1,174.3,Low,True,22.62,9.5,32.12,38,0,4,2,2,0,0.8453,-5.88,22.66,0,0,0,1.74
ORD-04386,2025-04-23 22:30:24.844968,Morning,A,Medium,5,5,139.5,Low,True,4.48,5.93,10.41,45,0,4,2,2,0,0.2313,-34.59,6.98,0,0,0,0.896
ORD-04387,2025-04-24 01:07:41.612322,Night,A,High,48,10,186.9,Low,True,18.2,20.46,38.66,38,1,4,2,3,0,1.0174,0.66,89.71,1,0,0,0.379
ORD-04388,2025-04-24 03:44:58.379675,Morning,A,Urgent,29,10,55.5,Low,True,12.23,18.51,30.74,28,0,4,2,3,0,1.0979,2.74,16.1,1,0,0,0.422
ORD-04389,2025-04-24 06:22:15.147029,Night,B,High,37,3,179.5,Medium,False,39.81,21.67,61.48,38,1,4,2,3,0,1.6179,23.48,66.41,0,0,1,1.076
ORD-04390,2025-04-24 08:59:31.914382,Evening,B,Medium,48,8,116.7,High,False,41.22,33.22,74.44,45,1,4,2,3,0,1.6542,29.44,56.02,1,1,1,0.859
ORD-04391,2025-04-24 11:36:48.681736,Evening,D,Medium,10,4,152.9,Low,True,11.52,7.63,19.15,45,0,4,2,3,0,0.4256,-25.85,15.29,0,0,0,1.152
ORD-04392,2025-04-24 14:14:05.449089,Morning,C,Medium,44,5,199.8,Medium,True,40.08,24.68,64.76,45,1,4,2,3,0,1.4391,19.76,87.91,0,0,0,0.911
ORD-04393,2025-04-24 16:51:22.216443,Morning,B,Low,19,7,117.9,Medium,False,16.86,14.97,31.83,55,0,4,2,3,0,0.5787,-23.17,22.4,1,0,1,0.887
ORD-04394,2025-04-24 19:28:38.983796,Evening,A,Low,32,5,111.6,High,True,27.64,15.73,43.37,55,0,4,2,3,0,0.7885,-11.63,35.71,0,1,0,0.864
ORD-04395,2025-04-24 22:05:55.751150,Evening,E,Medium,20,7,135.1,High,True,24.16,10.27,34.43,45,0,4,2,3,0,0.7651,-10.57,27.02,1,1,0,1.208
ORD-04396,2025-04-25 00:43:12.518503,Night,A,Low,10,1,132.6,High,False,16.84,10.76,27.6,55,0,4,2,4,0,0.5018,-27.4,13.26,0,1,1,1.684
ORD-04397,2025-04-25 03:20:29.285857,Evening,A,Urgent,44,3,108.0,Low,True,30.95,25.07,56.02,28,1,4,2,4,0,2.0007,28.02,47.52,0,0,0,0.703
ORD-04398,2025-04-25 05:57:46.053210,Evening,C,High,18,9,154.3,Low,False,11.78,16.07,27.85,38,0,4,2,4,0,0.7329,-10.15,27.77,1,0,1,0.654
ORD-04399,2025-04-25 08:35:02.820564,Morning,D,High,2,7,156.3,Low,True,5.16,6.82,11.98,38,0,4,2,4,0,0.3153,-26.02,3.13,1,0,0,2.58
ORD-04400,2025-04-25 11:12:19.587917,Evening,D,Medium,8,9,168.5,Low,True,8.11,3.35,11.46,45,0,4,2,4,0,0.2547,-33.54,13.48,1,0,0,1.014
ORD-04401,2025-04-25 13:49:36.355271,Morning,B,Medium,49,10,117.2,Medium,False,27.72,36.16,63.88,45,1,4,2,4,0,1.4196,18.88,57.43,1,0,1,0.566
ORD-04402,2025-04-25 16:26:53.122624,Evening,B,Medium,42,4,112.2,High,True,55.9,23.09,78.99,45,1,4,2,4,0,1.7553,33.99,47.12,0,1,0,1.331
ORD-04403,2025-04-25 19:04:09.889977,Evening,B,High,34,3,145.3,Medium,False,34.01,18.55,52.56,38,1,4,2,4,0,1.3832,14.56,49.4,0,0,1,1.0
ORD-04404,2025-04-25 21:41:26.657331,Night,C,Low,39,4,140.2,Low,False,25.9,27.51,53.41,55,0,4,2,4,0,0.9711,-1.59,54.68,0,0,1,0.664
ORD-04405,2025-04-26 00:18:43.424684,Evening,B,High,33,6,141.0,Low,True,25.55,15.63,41.18,38,1,4,2,5,1,1.0837,3.18,46.53,0,0,0,0.774
ORD-04406,2025-04-26 02:56:00.192038,Morning,B,Medium,46,3,121.7,Medium,True,47.36,23.8,71.16,45,1,4,2,5,1,1.5813,26.16,55.98,0,0,0,1.03
ORD-04407,2025-04-26 05:33:16.959391,Night,A,Medium,5,4,163.2,Low,True,12.0,6.4,18.4,45,0,4,2,5,1,0.4089,-26.6,8.16,0,0,0,2.4
ORD-04408,2025-04-26 08:10:33.726745,Evening,E,Low,4,2,112.3,Low,False,7.21,10.36,17.57,55,0,4,2,5,1,0.3195,-37.43,4.49,0,0,1,1.802
ORD-04409,2025-04-26 10:47:50.494098,Evening,A,Medium,35,4,145.1,Low,True,24.78,20.34,45.12,45,1,4,2,5,1,1.0027,0.12,50.78,0,0,0,0.708
ORD-04410,2025-04-26 13:25:07.261452,Evening,B,Low,49,10,137.7,High,True,36.09,26.77,62.86,55,1,4,2,5,1,1.1429,7.86,67.47,1,1,0,0.737
ORD-04411,2025-04-26 16:02:24.028805,Night,E,High,30,5,148.7,Low,True,23.86,19.65,43.51,38,1,4,2,5,1,1.145,5.51,44.61,0,0,0,0.795
ORD-04412,2025-04-26 18:39:40.796159,Morning,D,Low,49,8,197.4,High,True,32.71,24.28,56.99,55,0,4,2,5,1,1.0362,1.99,96.73,1,1,0,0.668
ORD-04413,2025-04-26 21:16:57.563512,Evening,C,Medium,21,5,97.4,Medium,True,17.64,13.14,30.78,45,0,4,2,5,1,0.684,-14.22,20.45,0,0,0,0.84
ORD-04414,2025-04-26 23:54:14.330866,Night,C,Low,34,5,54.3,Medium,True,21.97,24.64,46.61,55,1,4,2,5,1,0.8475,-8.39,18.46,0,0,0,0.646
ORD-04415,2025-04-27 02:31:31.098219,Morning,A,Urgent,26,7,126.2,High,False,18.71,24.01,42.72,28,1,4,2,6,1,1.5257,14.72,32.81,1,1,1,0.72
ORD-04416,2025-04-27 05:08:47.865573,Night,D,High,45,2,103.9,High,True,45.88,20.79,66.67,38,1,4,2,6,1,1.7545,28.67,46.76,0,1,0,1.02
ORD-04417,2025-04-27 07:46:04.632926,Morning,B,High,33,4,30.0,Low,True,22.06,17.96,40.02,38,1,4,2,6,1,1.0532,2.02,9.9,0,0,0,0.668
ORD-04418,2025-04-27 10:23:21.400280,Morning,E,Medium,22,2,219.9,Low,True,23.94,13.48,37.42,45,0,4,2,6,1,0.8316,-7.58,48.38,0,0,0,1.088
ORD-04419,2025-04-27 13:00:38.167633,Morning,A,High,13,2,172.4,Low,True,13.37,9.59,22.96,38,0,4,2,6,1,0.6042,-15.04,22.41,0,0,0,1.028
ORD-04420,2025-04-27 15:37:54.934986,Night,C,Low,16,8,176.7,Low,True,12.83,7.97,20.8,55,0,4,2,6,1,0.3782,-34.2,28.27,1,0,0,0.802
ORD-04421,2025-04-27 18:15:11.702340,Night,C,High,4,2,138.6,Low,False,8.06,7.03,15.09,38,0,4,2,6,1,0.3971,-22.91,5.54,0,0,1,2.015
ORD-04422,2025-04-27 20:52:28.469693,Morning,A,High,8,3,166.8,Medium,True,17.57,4.65,22.22,38,0,4,2,6,1,0.5847,-15.78,13.34,0,0,0,2.196
ORD-04423,2025-04-27 23:29:45.237047,Morning,B,Low,26,6,133.1,Low,False,23.03,19.25,42.28,55,0,4,2,6,1,0.7687,-12.72,34.61,0,0,1,0.886
ORD-04424,2025-04-28 02:07:02.004400,Morning,D,Low,2,4,182.6,High,True,11.17,5.76,16.93,55,0,4,2,0,0,0.3078,-38.07,3.65,0,1,0,5.585
ORD-04425,2025-04-28 04:44:18.771754,Morning,A,Medium,24,2,157.6,High,True,28.24,14.65,42.89,45,1,4,2,0,0,0.9531,-2.11,37.82,0,1,0,1.177
ORD-04426,2025-04-28 07:21:35.539107,Evening,E,Low,3,10,148.5,Medium,True,5.71,6.05,11.76,55,0,4,2,0,0,0.2138,-43.24,4.46,1,0,0,1.903
ORD-04427,2025-04-28 09:58:52.306461,Morning,B,Medium,9,10,151.6,Medium,True,11.64,9.65,21.29,45,0,4,2,0,0,0.4731,-23.71,13.64,1,0,0,1.293
ORD-04428,2025-04-28 12:36:09.073814,Morning,C,Medium,35,6,208.6,Low,True,23.72,14.86,38.58,45,0,4,2,0,0,0.8573,-6.42,73.01,0,0,0,0.678
ORD-04429,2025-04-28 15:13:25.841168,Morning,C,Low,2,6,156.7,Low,True,6.5,3.85,10.35,55,0,4,2,0,0,0.1882,-44.65,3.13,0,0,0,3.25
ORD-04430,2025-04-28 17:50:42.608521,Evening,C,High,17,9,108.8,Low,True,6.57,12.62,19.19,38,0,4,2,0,0,0.505,-18.81,18.5,1,0,0,0.386
ORD-04431,2025-04-28 20:27:59.375875,Evening,C,Medium,10,10,163.4,High,True,16.39,7.79,24.18,45,0,4,2,0,0,0.5373,-20.82,16.34,1,1,0,1.639
ORD-04432,2025-04-28 23:05:16.143228,Evening,D,High,3,2,169.6,Low,True,8.72,7.19,15.91,38,0,4,2,0,0,0.4187,-22.09,5.09,0,0,0,2.907
ORD-04433,2025-04-29 01:42:32.910582,Evening,C,Medium,11,1,144.2,Low,True,11.06,11.8,22.86,45,0,4,2,1,0,0.508,-22.14,15.86,0,0,0,1.005
ORD-04434,2025-04-29 04:19:49.677935,Night,C,Medium,6,4,147.9,Medium,False,8.66,11.48,20.14,45,0,4,2,1,0,0.4476,-24.86,8.87,0,0,1,1.443
ORD-04435,2025-04-29 06:57:06.445289,Evening,C,Medium,5,4,107.4,Low,True,6.46,7.78,14.24,45,0,4,2,1,0,0.3164,-30.76,5.37,0,0,0,1.292
ORD-04436,2025-04-29 09:34:23.212642,Night,B,Urgent,34,9,153.9,High,True,35.42,18.77,54.19,28,1,4,2,1,0,1.9354,26.19,52.33,1,1,0,1.042
ORD-04437,2025-04-29 12:11:39.979996,Evening,A,Medium,7,6,101.4,High,True,9.28,6.1,15.38,45,0,4,2,1,0,0.3418,-29.62,7.1,0,1,0,1.326
ORD-04438,2025-04-29 14:48:56.747349,Morning,A,High,47,9,140.0,Low,True,18.62,26.65,45.27,38,1,4,2,1,0,1.1913,7.27,65.8,1,0,0,0.396
ORD-04439,2025-04-29 17:26:13.514702,Night,C,High,25,7,123.2,Medium,True,19.59,19.6,39.19,38,1,4,2,1,0,1.0313,1.19,30.8,1,0,0,0.784
ORD-04440,2025-04-29 20:03:30.282056,Evening,E,High,21,8,189.3,Low,True,17.13,17.09,34.22,38,1,4,2,1,0,0.9005,-3.78,39.75,1,0,0,0.816
ORD-04441,2025-04-29 22:40:47.049409,Evening,A,Medium,44,10,212.0,Low,True,20.15,24.55,44.7,45,1,4,2,1,0,0.9933,-0.3,93.28,1,0,0,0.458
ORD-04442,2025-04-30 01:18:03.816763,Morning,C,Low,39,6,104.2,High,True,31.96,18.73,50.69,55,0,4,2,2,0,0.9216,-4.31,40.64,0,1,0,0.819
ORD-04443,2025-04-30 03:55:20.584116,Evening,B,Medium,22,8,149.8,Low,True,14.31,14.3,28.61,45,0,4,2,2,0,0.6358,-16.39,32.96,1,0,0,0.65
ORD-04444,2025-04-30 06:32:37.351470,Night,C,High,49,3,137.6,High,True,47.22,24.05,71.27,38,1,4,2,2,0,1.8755,33.27,67.42,0,1,0,0.964
ORD-04445,2025-04-30 09:09:54.118823,Morning,D,High,27,3,168.6,High,True,26.18,11.78,37.96,38,1,4,2,2,0,0.9989,-0.04,45.52,0,1,0,0.97
ORD-04446,2025-04-30 11:47:10.886177,Morning,D,High,36,6,153.8,Medium,True,23.15,23.02,46.17,38,0,4,2,2,0,1.215,8.17,55.37,0,0,0,0.643
ORD-04447,2025-04-30 14:24:27.653530,Morning,D,Low,49,10,134.5,Low,False,16.1,30.27,46.37,55,0,4,2,2,0,0.8431,-8.63,65.9,1,0,1,0.329
ORD-04448,2025-04-30 17:01:44.420884,Evening,D,High,37,1,153.8,Low,True,27.07,22.06,49.13,38,1,4,2,2,0,1.2929,11.13,56.91,0,0,0,0.732
ORD-04449,2025-04-30 19:39:01.188237,Night,A,High,30,6,141.4,Low,True,18.8,17.76,36.56,38,1,4,2,2,0,0.9621,-1.44,42.42,0,0,0,0.627
ORD-04450,2025-04-30 22:16:17.955591,Evening,C,Urgent,31,3,213.6,Low,True,25.69,22.77,48.46,28,1,4,2,2,0,1.7307,20.46,66.22,0,0,0,0.829
ORD-04451,2025-05-01 00:53:34.722944,Night,B,High,33,9,118.3,Low,True,18.44,20.08,38.52,38,1,5,2,3,0,1.0137,0.52,39.04,1,0,0,0.559
ORD-04452,2025-05-01 03:30:51.490298,Evening,E,Medium,49,6,160.3,Low,True,28.51,23.32,51.83,45,0,5,2,3,0,1.1518,6.83,78.55,0,0,0,0.582
ORD-04453,2025-05-01 06:08:08.257651,Morning,D,High,36,1,170.4,Medium,True,33.68,21.45,55.13,38,1,5,2,3,0,1.4508,17.13,61.34,0,0,0,0.936
ORD-04454,2025-05-01 08:45:25.025005,Morning,A,High,15,1,167.5,Low,False,18.29,15.1,33.39,38,0,5,2,3,0,0.8787,-4.61,25.12,0,0,1,1.219
ORD-04455,2025-05-01 11:22:41.792358,Morning,A,Medium,2,7,138.1,Low,False,3.0,6.2,9.2,45,0,5,2,3,0,0.2044,-35.8,2.76,1,0,1,1.5
ORD-04456,2025-05-01 13:59:58.559711,Evening,C,Medium,40,3,204.7,Medium,True,38.84,16.41,55.25,45,1,5,2,3,0,1.2278,10.25,81.88,0,0,0,0.971
ORD-04457,2025-05-01 16:37:15.327065,Morning,E,Medium,25,1,66.4,Low,True,20.81,17.42,38.23,45,0,5,2,3,0,0.8496,-6.77,16.6,0,0,0,0.832
ORD-04458,2025-05-01 19:14:32.094418,Morning,A,Low,21,2,106.2,Low,True,17.96,11.05,29.01,55,0,5,2,3,0,0.5275,-25.99,22.3,0,0,0,0.855
ORD-04459,2025-05-01 21:51:48.861772,Night,C,High,47,2,176.5,Low,True,37.05,24.66,61.71,38,1,5,2,3,0,1.6239,23.71,82.96,0,0,0,0.788
ORD-04460,2025-05-02 00:29:05.629125,Evening,B,Medium,8,4,114.8,Low,False,12.76,4.29,17.05,45,0,5,2,4,0,0.3789,-27.95,9.18,0,0,1,1.595
ORD-04461,2025-05-02 03:06:22.396479,Morning,C,High,2,8,112.5,Low,True,3.34,6.15,9.49,38,0,5,2,4,0,0.2497,-28.51,2.25,1,0,0,1.67
ORD-04462,2025-05-02 05:43:39.163832,Evening,C,Medium,37,9,131.3,Low,True,17.89,21.13,39.02,45,0,5,2,4,0,0.8671,-5.98,48.58,1,0,0,0.484
ORD-04463,2025-05-02 08:20:55.931186,Evening,A,High,47,6,118.6,Medium,True,31.95,24.79,56.74,38,1,5,2,4,0,1.4932,18.74,55.74,0,0,0,0.68
ORD-04464,2025-05-02 10:58:12.698539,Night,D,High,42,10,175.5,Low,False,14.9,27.97,42.87,38,1,5,2,4,0,1.1282,4.87,73.71,1,0,1,0.355
ORD-04465,2025-05-02 13:35:29.465893,Evening,A,High,44,8,186.2,Low,True,20.68,25.6,46.28,38,1,5,2,4,0,1.2179,8.28,81.93,1,0,0,0.47
ORD-04466,2025-05-02 16:12:46.233246,Morning,D,Medium,44,2,153.5,Medium,True,37.65,22.9,60.55,45,1,5,2,4,0,1.3456,15.55,67.54,0,0,0,0.856
ORD-04467,2025-05-02 18:50:03.000600,Morning,A,Urgent,35,8,192.2,Medium,True,20.69,16.45,37.14,28,1,5,2,4,0,1.3264,9.14,67.27,1,0,0,0.591
ORD-04468,2025-05-02 21:27:19.767953,Morning,C,Medium,47,3,94.5,Low,True,28.93,21.58,50.51,45,1,5,2,4,0,1.1224,5.51,44.42,0,0,0,0.616
ORD-04469,2025-05-03 00:04:36.535307,Evening,B,High,18,10,153.0,High,True,19.11,14.38,33.49,38,0,5,2,5,1,0.8813,-4.51,27.54,1,1,0,1.062
ORD-04470,2025-05-03 02:41:53.302660,Evening,C,Medium,38,9,203.9,Medium,False,21.64,29.92,51.56,45,1,5,2,5,1,1.1458,6.56,77.48,1,0,1,0.569
ORD-04471,2025-05-03 05:19:10.070014,Evening,B,Medium,5,1,189.1,Medium,True,22.9,11.56,34.46,45,0,5,2,5,1,0.7658,-10.54,9.46,0,0,0,4.58
ORD-04472,2025-05-03 07:56:26.837367,Evening,C,High,27,2,207.5,Low,True,25.19,13.28,38.47,38,1,5,2,5,1,1.0124,0.47,56.03,0,0,0,0.933
ORD-04473,2025-05-03 10:33:43.604720,Morning,A,Medium,15,5,126.4,Low,True,9.87,11.02,20.89,45,0,5,2,5,1,0.4642,-24.11,18.96,0,0,0,0.658
ORD-04474,2025-05-03 13:11:00.372074,Morning,B,Medium,47,8,186.7,Low,True,30.95,19.85,50.8,45,0,5,2,5,1,1.1289,5.8,87.75,1,0,0,0.659
ORD-04475,2025-05-03 15:48:17.139427,Morning,D,Medium,22,6,132.9,Medium,True,17.16,14.9,32.06,45,0,5,2,5,1,0.7124,-12.94,29.24,0,0,0,0.78
ORD-04476,2025-05-03 18:25:33.906781,Evening,C,Low,11,1,173.8,High,True,24.08,7.14,31.22,55,0,5,2,5,1,0.5676,-23.78,19.12,0,1,0,2.189
ORD-04477,2025-05-03 21:02:50.674134,Evening,C,Urgent,29,7,202.4,High,True,29.28,15.93,45.21,28,1,5,2,5,1,1.6146,17.21,58.7,1,1,0,1.01
ORD-04478,2025-05-03 23:40:07.441488,Night,C,High,4,7,118.2,Low,True,4.43,10.02,14.45,38,0,5,2,5,1,0.3803,-23.55,4.73,1,0,0,1.108
ORD-04479,2025-05-04 02:17:24.208841,Morning,B,Low,7,10,75.8,High,True,10.66,6.81,17.47,55,0,5,2,6,1,0.3176,-37.53,5.31,1,1,0,1.523
ORD-04480,2025-05-04 04:54:40.976195,Evening,E,High,22,3,223.9,Medium,True,24.01,12.85,36.86,38,0,5,2,6,1,0.97,-1.14,49.26,0,0,0,1.091
ORD-04481,2025-05-04 07:31:57.743548,Morning,B,High,32,1,169.5,Medium,False,42.13,25.64,67.77,38,1,5,2,6,1,1.7834,29.77,54.24,0,0,1,1.317
ORD-04482,2025-05-04 10:09:14.510902,Evening,E,High,30,8,145.7,High,False,24.74,26.39,51.13,38,1,5,2,6,1,1.3455,13.13,43.71,1,1,1,0.825
ORD-04483,2025-05-04 12:46:31.278255,Morning,E,Medium,3,8,143.5,Low,True,4.29,4.98,9.27,45,0,5,2,6,1,0.206,-35.73,4.3,1,0,0,1.43
ORD-04484,2025-05-04 15:23:48.045609,Evening,B,Low,34,6,66.2,Low,True,22.34,19.46,41.8,55,0,5,2,6,1,0.76,-13.2,22.51,0,0,0,0.657
ORD-04485,2025-05-04 18:01:04.812962,Morning,B,Medium,3,7,158.3,High,True,10.22,5.22,15.44,45,0,5,2,6,1,0.3431,-29.56,4.75,1,1,0,3.407
ORD-04486,2025-05-04 20:38:21.580316,Morning,D,High,41,2,128.8,Low,True,27.33,26.43,53.76,38,0,5,2,6,1,1.4147,15.76,52.81,0,0,0,0.667
ORD-04487,2025-05-04 23:15:38.347669,Evening,D,High,2,2,152.1,Medium,True,10.48,5.96,16.44,38,0,5,2,6,1,0.4326,-21.56,3.04,0,0,0,5.24
ORD-04488,2025-05-05 01:52:55.115023,Morning,A,High,2,5,151.2,High,False,8.54,10.61,19.15,38,0,5,2,0,0,0.5039,-18.85,3.02,0,1,1,4.27
ORD-04489,2025-05-05 04:30:11.882376,Evening,A,Low,26,9,30.0,High,False,11.58,18.55,30.13,55,1,5,2,0,0,0.5478,-24.87,7.8,1,1,1,0.445
ORD-04490,2025-05-05 07:07:28.649729,Morning,A,High,41,6,169.6,Low,True,22.74,18.86,41.6,38,1,5,2,0,0,1.0947,3.6,69.54,0,0,0,0.555
ORD-04491,2025-05-05 09:44:45.417083,Night,D,Medium,39,7,157.6,Medium,True,26.14,20.72,46.86,45,1,5,2,0,0,1.0413,1.86,61.46,1,0,0,0.67
ORD-04492,2025-05-05 12:22:02.184436,Morning,D,High,31,10,162.9,Low,True,15.44,19.38,34.82,38,1,5,2,0,0,0.9163,-3.18,50.5,1,0,0,0.498
ORD-04493,2025-05-05 14:59:18.951790,Evening,A,Medium,9,4,142.7,High,False,13.95,11.16,25.11,45,0,5,2,0,0,0.558,-19.89,12.84,0,1,1,1.55
ORD-04494,2025-05-05 17:36:35.719143,Night,C,High,48,5,152.0,Medium,True,36.35,22.41,58.76,38,1,5,2,0,0,1.5463,20.76,72.96,0,0,0,0.757
ORD-04495,2025-05-05 20:13:52.486497,Evening,D,Urgent,2,7,156.9,Medium,False,6.71,10.29,17.0,28,0,5,2,0,0,0.6071,-11.0,3.14,1,0,1,3.355
ORD-04496,2025-05-05 22:51:09.253850,Morning,E,Medium,18,2,161.0,High,True,31.61,13.05,44.66,45,0,5,2,0,0,0.9924,-0.34,28.98,0,1,0,1.756
ORD-04497,2025-05-06 01:28:26.021204,Evening,A,High,38,5,169.0,Medium,True,29.16,20.04,49.2,38,1,5,2,1,0,1.2947,11.2,64.22,0,0,0,0.767
ORD-04498,2025-05-06 04:05:42.788557,Morning,B,High,31,6,161.3,Medium,True,30.17,17.04,47.21,38,1,5,2,1,0,1.2424,9.21,50.0,0,0,0,0.973
ORD-04499,2025-05-06 06:42:59.555911,Evening,B,Medium,40,4,224.0,Medium,True,50.73,18.47,69.2,45,0,5,2,1,0,1.5378,24.2,89.6,0,0,0,1.268
ORD-04500,2025-05-06 09:20:16.323264,Evening,C,Medium,39,3,121.0,Medium,False,30.12,23.18,53.3,45,1,5,2,1,0,1.1844,8.3,47.19,0,0,1,0.772
ORD-04501,2025-05-06 11:57:33.090618,Night,A,High,47,5,135.0,Medium,True,32.87,22.1,54.97,38,1,5,2,1,0,1.4466,16.97,63.45,0,0,0,0.699
ORD-04502,2025-05-06 14:34:49.857971,Night,A,Medium,26,9,217.7,High,False,24.75,24.16,48.91,45,1,5,2,1,0,1.0869,3.91,56.6,1,1,1,0.952
ORD-04503,2025-05-06 17:12:06.625325,Morning,D,Low,42,5,143.8,Low,True,25.6,19.07,44.67,55,0,5,2,1,0,0.8122,-10.33,60.4,0,0,0,0.61
ORD-04504,2025-05-06 19:49:23.392678,Morning,C,High,8,9,187.3,Low,True,6.36,11.18,17.54,38,0,5,2,1,0,0.4616,-20.46,14.98,1,0,0,0.795
ORD-04505,2025-05-06 22:26:40.160032,Morning,A,Medium,9,7,155.4,Low,True,6.74,6.02,12.76,45,0,5,2,1,0,0.2836,-32.24,13.99,1,0,0,0.749
ORD-04506,2025-05-07 01:03:56.927385,Evening,B,High,3,2,140.9,Low,True,7.76,10.12,17.88,38,0,5,2,2,0,0.4705,-20.12,4.23,0,0,0,2.587
ORD-04507,2025-05-07 03:41:13.694738,Morning,A,High,11,10,189.4,Medium,True,13.19,9.51,22.7,38,0,5,2,2,0,0.5974,-15.3,20.83,1,0,0,1.199
ORD-04508,2025-05-07 06:18:30.462092,Evening,B,Medium,6,6,170.7,Medium,False,11.13,7.85,18.98,45,0,5,2,2,0,0.4218,-26.02,10.24,0,0,1,1.855
ORD-04509,2025-05-07 08:55:47.229445,Evening,B,High,42,6,88.6,Low,True,30.67,25.56,56.23,38,1,5,2,2,0,1.4797,18.23,37.21,0,0,0,0.73
ORD-04510,2025-05-07 11:33:03.996799,Night,A,Low,25,7,156.9,Medium,True,14.41,15.92,30.33,55,1,5,2,2,0,0.5515,-24.67,39.22,1,0,0,0.576
ORD-04511,2025-05-07 14:10:20.764152,Evening,A,Medium,23,1,110.2,Low,True,25.7,12.62,38.32,45,0,5,2,2,0,0.8516,-6.68,25.35,0,0,0,1.117
ORD-04512,2025-05-07 16:47:37.531506,Morning,E,High,32,3,200.8,Medium,True,30.35,17.62,47.97,38,1,5,2,2,0,1.2624,9.97,64.26,0,0,0,0.948
ORD-04513,2025-05-07 19:24:54.298859,Morning,E,Urgent,18,8,220.1,Low,False,14.76,18.23,32.99,28,1,5,2,2,0,1.1782,4.99,39.62,1,0,1,0.82
ORD-04514,2025-05-07 22:02:11.066213,Evening,A,Medium,29,7,225.0,Low,True,22.13,16.88,39.01,45,0,5,2,2,0,0.8669,-5.99,65.25,1,0,0,0.763
ORD-04515,2025-05-08 00:39:27.833566,Morning,C,Urgent,1,4,164.3,Low,True,5.96,6.0,11.96,28,0,5,2,3,0,0.4271,-16.04,1.64,0,0,0,5.96
ORD-04516,2025-05-08 03:16:44.600920,Morning,A,High,36,5,131.5,Low,True,23.32,19.96,43.28,38,0,5,2,3,0,1.1389,5.28,47.34,0,0,0,0.648
ORD-04517,2025-05-08 05:54:01.368273,Morning,D,Medium,44,7,162.9,Medium,False,25.11,30.13,55.24,45,1,5,2,3,0,1.2276,10.24,71.68,1,0,1,0.571
ORD-04518,2025-05-08 08:31:18.135627,Evening,E,Medium,2,5,112.4,Medium,False,7.86,10.19,18.05,45,0,5,2,3,0,0.4011,-26.95,2.25,0,0,1,3.93
ORD-04519,2025-05-08 11:08:34.902980,Night,C,Low,5,5,243.8,Low,True,15.11,2.66,17.77,55,0,5,2,3,0,0.3231,-37.23,12.19,0,0,0,3.022
ORD-04520,2025-05-08 13:45:51.670334,Morning,C,High,7,6,197.8,Medium,True,11.54,3.72,15.26,38,0,5,2,3,0,0.4016,-22.74,13.85,0,0,0,1.649
ORD-04521,2025-05-08 16:23:08.437687,Morning,B,Low,31,3,162.2,Medium,False,41.56,25.03,66.59,55,1,5,2,3,0,1.2107,11.59,50.28,0,0,1,1.341
ORD-04522,2025-05-08 19:00:25.205041,Evening,A,Medium,39,6,189.9,Medium,True,28.91,21.01,49.92,45,0,5,2,3,0,1.1093,4.92,74.06,0,0,0,0.741
ORD-04523,2025-05-08 21:37:41.972394,Morning,C,Medium,42,7,130.3,Low,True,27.07,23.59,50.66,45,1,5,2,3,0,1.1258,5.66,54.73,1,0,0,0.645
ORD-04524,2025-05-09 00:14:58.739747,Night,A,Urgent,40,8,105.7,Medium,True,19.04,20.0,39.04,28,1,5,2,4,0,1.3943,11.04,42.28,1,0,0,0.476
ORD-04525,2025-05-09 02:52:15.507101,Evening,D,Medium,29,7,61.5,Medium,True,13.7,15.23,28.93,45,0,5,2,4,0,0.6429,-16.07,17.84,1,0,0,0.472
ORD-04526,2025-05-09 05:29:32.274454,Evening,C,Medium,36,5,153.3,Medium,True,27.62,20.44,48.06,45,0,5,2,4,0,1.068,3.06,55.19,0,0,0,0.767
ORD-04527,2025-05-09 08:06:49.041808,Night,A,Medium,14,7,141.7,Low,True,7.29,8.87,16.16,45,0,5,2,4,0,0.3591,-28.84,19.84,1,0,0,0.521
ORD-04528,2025-05-09 10:44:05.809161,Evening,C,Low,38,8,170.8,Low,True,22.42,24.35,46.77,55,1,5,2,4,0,0.8504,-8.23,64.9,1,0,0,0.59
ORD-04529,2025-05-09 13:21:22.576515,Morning,D,Medium,10,4,150.5,Low,True,10.52,11.39,21.91,45,0,5,2,4,0,0.4869,-23.09,15.05,0,0,0,1.052
ORD-04530,2025-05-09 15:58:39.343868,Evening,C,High,49,5,169.0,High,True,41.96,22.88,64.84,38,1,5,2,4,0,1.7063,26.84,82.81,0,1,0,0.856
ORD-04531,2025-05-09 18:35:56.111222,Evening,C,High,3,7,182.4,Medium,True,6.96,8.24,15.2,38,0,5,2,4,0,0.4,-22.8,5.47,1,0,0,2.32
ORD-04532,2025-05-09 21:13:12.878575,Evening,D,Medium,48,7,91.6,Medium,True,22.77,27.06,49.83,45,1,5,2,4,0,1.1073,4.83,43.97,1,0,0,0.474
ORD-04533,2025-05-09 23:50:29.645929,Night,A,High,24,5,184.8,Medium,True,24.01,14.87,38.88,38,1,5,2,4,0,1.0232,0.88,44.35,0,0,0,1.0
ORD-04534,2025-05-10 02:27:46.413282,Morning,C,Low,33,3,133.7,Low,True,25.86,17.2,43.06,55,0,5,2,5,1,0.7829,-11.94,44.12,0,0,0,0.784
ORD-04535,2025-05-10 05:05:03.180636,Evening,B,High,8,10,170.7,Low,False,8.67,12.34,21.01,38,0,5,2,5,1,0.5529,-16.99,13.66,1,0,1,1.084
ORD-04536,2025-05-10 07:42:19.947989,Morning,A,Low,16,6,190.9,Medium,True,15.4,8.56,23.96,55,0,5,2,5,1,0.4356,-31.04,30.54,0,0,0,0.962
ORD-04537,2025-05-10 10:19:36.715343,Morning,E,High,44,6,191.2,Low,True,27.97,25.96,53.93,38,1,5,2,5,1,1.4192,15.93,84.13,0,0,0,0.636
ORD-04538,2025-05-10 12:56:53.482696,Evening,B,Urgent,1,5,155.2,High,True,17.18,7.54,24.72,28,0,5,2,5,1,0.8829,-3.28,1.55,0,1,0,17.18
ORD-04539,2025-05-10 15:34:10.250050,Night,B,High,10,8,157.1,Low,True,10.85,8.92,19.77,38,0,5,2,5,1,0.5203,-18.23,15.71,1,0,0,1.085
ORD-04540,2025-05-10 18:11:27.017403,Evening,A,Low,32,4,185.7,Medium,True,30.15,21.8,51.95,55,1,5,2,5,1,0.9445,-3.05,59.42,0,0,0,0.942
ORD-04541,2025-05-10 20:48:43.784756,Morning,E,Medium,41,10,90.0,Low,True,15.18,19.98,35.16,45,0,5,2,5,1,0.7813,-9.84,36.9,1,0,0,0.37
ORD-04542,2025-05-10 23:26:00.552110,Morning,E,High,22,1,111.9,High,True,34.18,11.23,45.41,38,0,5,2,5,1,1.195,7.41,24.62,0,1,0,1.554
ORD-04543,2025-05-11 02:03:17.319463,Evening,A,Medium,5,1,138.8,High,True,11.37,8.71,20.08,45,0,5,2,6,1,0.4462,-24.92,6.94,0,1,0,2.274
ORD-04544,2025-05-11 04:40:34.086817,Evening,C,Medium,8,6,96.7,Low,True,9.32,9.8,19.12,45,0,5,2,6,1,0.4249,-25.88,7.74,0,0,0,1.165
ORD-04545,2025-05-11 07:17:50.854170,Night,A,Medium,45,9,139.1,Medium,True,20.36,21.61,41.97,45,1,5,2,6,1,0.9327,-3.03,62.6,1,0,0,0.452
ORD-04546,2025-05-11 09:55:07.621524,Evening,D,Low,11,1,136.9,High,True,24.05,11.04,35.09,55,1,5,2,6,1,0.638,-19.91,15.06,0,1,0,2.186
ORD-04547,2025-05-11 12:32:24.388877,Night,C,Medium,29,7,153.5,Medium,True,22.46,14.5,36.96,45,0,5,2,6,1,0.8213,-8.04,44.52,1,0,0,0.774
ORD-04548,2025-05-11 15:09:41.156231,Night,A,Low,47,4,147.7,Low,True,25.39,25.83,51.22,55,0,5,2,6,1,0.9313,-3.78,69.42,0,0,0,0.54
ORD-04549,2025-05-11 17:46:57.923584,Morning,C,High,19,1,192.8,Medium,True,23.74,12.79,36.53,38,0,5,2,6,1,0.9613,-1.47,36.63,0,0,0,1.249
ORD-04550,2025-05-11 20:24:14.690938,Evening,E,Medium,4,4,172.9,Low,True,11.84,11.54,23.38,45,0,5,2,6,1,0.5196,-21.62,6.92,0,0,0,2.96
ORD-04551,2025-05-11 23:01:31.458291,Evening,B,Low,41,7,147.2,Low,True,30.41,25.3,55.71,55,0,5,2,6,1,1.0129,0.71,60.35,1,0,0,0.742
ORD-04552,2025-05-12 01:38:48.225645,Night,A,Low,40,7,136.7,High,True,31.26,22.28,53.54,55,0,5,2,0,0,0.9735,-1.46,54.68,1,1,0,0.782
ORD-04553,2025-05-12 04:16:04.992998,Evening,E,Urgent,33,9,148.1,High,False,24.5,23.57,48.07,28,1,5,2,0,0,1.7168,20.07,48.87,1,1,1,0.742
ORD-04554,2025-05-12 06:53:21.760352,Evening,A,Medium,46,10,148.8,Low,True,16.72,24.15,40.87,45,0,5,2,0,0,0.9082,-4.13,68.45,1,0,0,0.363
ORD-04555,2025-05-12 09:30:38.527705,Morning,C,High,39,1,250.8,Low,True,40.45,20.21,60.66,38,1,5,2,0,0,1.5963,22.66,97.81,0,0,0,1.037
ORD-04556,2025-05-12 12:07:55.295059,Evening,C,High,35,9,91.7,Low,False,12.76,22.78,35.54,38,1,5,2,0,0,0.9353,-2.46,32.1,1,0,1,0.365
ORD-04557,2025-05-12 14:45:12.062412,Night,A,High,17,1,112.9,High,True,23.11,10.11,33.22,38,0,5,2,0,0,0.8742,-4.78,19.19,0,1,0,1.359
ORD-04558,2025-05-12 17:22:28.829765,Night,A,Medium,4,10,107.1,High,True,4.07,2.0,6.07,45,0,5,2,0,0,0.1349,-38.93,4.28,1,1,0,1.018
ORD-04559,2025-05-12 19:59:45.597119,Morning,A,High,37,8,160.8,High,True,25.05,17.99,43.04,38,1,5,2,0,0,1.1326,5.04,59.5,1,1,0,0.677
ORD-04560,2025-05-12 22:37:02.364472,Morning,A,Medium,43,10,159.2,Low,True,15.73,20.29,36.02,45,1,5,2,0,0,0.8004,-8.98,68.46,1,0,0,0.366
ORD-04561,2025-05-13 01:14:19.131826,Night,C,Medium,35,1,127.1,Low,True,26.88,17.44,44.32,45,1,5,2,1,0,0.9849,-0.68,44.48,0,0,0,0.768
ORD-04562,2025-05-13 03:51:35.899179,Evening,D,Medium,33,1,185.8,Medium,True,33.98,18.13,52.11,45,1,5,2,1,0,1.158,7.11,61.31,0,0,0,1.03
ORD-04563,2025-05-13 06:28:52.666533,Night,A,Urgent,36,10,164.8,Low,True,11.23,18.91,30.14,28,1,5,2,1,0,1.0764,2.14,59.33,1,0,0,0.312
ORD-04564,2025-05-13 09:06:09.433886,Morning,D,Medium,14,3,187.5,Low,True,16.09,13.37,29.46,45,0,5,2,1,0,0.6547,-15.54,26.25,0,0,0,1.149
ORD-04565,2025-05-13 11:43:26.201240,Night,B,Medium,6,4,198.1,Low,True,13.61,7.3,20.91,45,0,5,2,1,0,0.4647,-24.09,11.89,0,0,0,2.268
ORD-04566,2025-05-13 14:20:42.968593,Evening,A,High,32,3,64.8,Medium,True,23.61,13.28,36.89,38,1,5,2,1,0,0.9708,-1.11,20.74,0,0,0,0.738
ORD-04567,2025-05-13 16:57:59.735947,Morning,C,Low,48,2,177.4,Medium,True,43.66,20.64,64.3,55,1,5,2,1,0,1.1691,9.3,85.15,0,0,0,0.91
ORD-04568,2025-05-13 19:35:16.503300,Morning,B,Medium,7,1,98.4,Medium,True,13.28,9.99,23.27,45,0,5,2,1,0,0.5171,-21.73,6.89,0,0,0,1.897
ORD-04569,2025-05-13 22:12:33.270654,Evening,C,High,4,2,160.0,Low,True,13.35,4.57,17.92,38,0,5,2,1,0,0.4716,-20.08,6.4,0,0,0,3.338
ORD-04570,2025-05-14 00:49:50.038007,Morning,B,High,36,9,147.1,Medium,True,24.7,23.32,48.02,38,1,5,2,2,0,1.2637,10.02,52.96,1,0,0,0.686
ORD-04571,2025-05-14 03:27:06.805361,Night,C,High,22,1,148.8,Medium,True,27.33,11.7,39.03,38,0,5,2,2,0,1.0271,1.03,32.74,0,0,0,1.242
ORD-04572,2025-05-14 06:04:23.572714,Evening,E,Medium,46,9,101.8,Low,True,21.77,22.73,44.5,45,0,5,2,2,0,0.9889,-0.5,46.83,1,0,0,0.473
ORD-04573,2025-05-14 08:41:40.340068,Evening,A,Medium,24,3,191.2,Medium,True,24.45,12.85,37.3,45,0,5,2,2,0,0.8289,-7.7,45.89,0,0,0,1.019
ORD-04574,2025-05-14 11:18:57.107421,Morning,E,Low,27,7,98.4,Medium,True,15.13,13.03,28.16,55,0,5,2,2,0,0.512,-26.84,26.57,1,0,0,0.56
ORD-04575,2025-05-14 13:56:13.874774,Night,A,High,4,3,180.0,Low,False,7.93,7.08,15.01,38,0,5,2,2,0,0.395,-22.99,7.2,0,0,1,1.982
ORD-04576,2025-05-14 16:33:30.642128,Evening,A,Medium,48,9,92.7,High,True,30.13,24.37,54.5,45,1,5,2,2,0,1.2111,9.5,44.5,1,1,0,0.628
ORD-04577,2025-05-14 19:10:47.409481,Night,A,Low,17,1,149.3,Medium,True,22.08,14.05,36.13,55,0,5,2,2,0,0.6569,-18.87,25.38,0,0,0,1.299
ORD-04578,2025-05-14 21:48:04.176835,Night,D,Low,22,8,222.2,Medium,True,17.0,20.08,37.08,55,0,5,2,2,0,0.6742,-17.92,48.88,1,0,0,0.773
ORD-04579,2025-05-15 00:25:20.944188,Evening,D,Low,32,10,244.5,High,True,20.23,20.91,41.14,55,0,5,2,3,0,0.748,-13.86,78.24,1,1,0,0.632
ORD-04580,2025-05-15 03:02:37.711542,Night,E,Medium,43,5,85.3,Medium,True,34.68,24.86,59.54,45,1,5,2,3,0,1.3231,14.54,36.68,0,0,0,0.807
ORD-04581,2025-05-15 05:39:54.478895,Evening,D,Low,40,5,121.8,Medium,True,24.06,18.74,42.8,55,0,5,2,3,0,0.7782,-12.2,48.72,0,0,0,0.601
ORD-04582,2025-05-15 08:17:11.246249,Evening,B,Medium,39,2,129.1,Low,False,38.41,23.85,62.26,45,1,5,2,3,0,1.3836,17.26,50.35,0,0,1,0.985
ORD-04583,2025-05-15 10:54:28.013602,Morning,E,Medium,6,9,240.2,Medium,True,12.51,10.51,23.02,45,0,5,2,3,0,0.5116,-21.98,14.41,1,0,0,2.085
ORD-04584,2025-05-15 13:31:44.780956,Morning,E,Medium,5,10,147.3,High,False,5.0,11.31,16.31,45,0,5,2,3,0,0.3624,-28.69,7.36,1,1,1,1.0
ORD-04585,2025-05-15 16:09:01.548309,Evening,D,Low,42,5,193.0,High,True,35.44,25.73,61.17,55,1,5,2,3,0,1.1122,6.17,81.06,0,1,0,0.844
ORD-04586,2025-05-15 18:46:18.315663,Morning,C,Medium,46,7,162.0,Medium,True,28.34,23.67,52.01,45,0,5,2,3,0,1.1558,7.01,74.52,1,0,0,0.616
ORD-04587,2025-05-15 21:23:35.083016,Evening,D,High,32,8,102.0,Medium,True,18.8,16.52,35.32,38,0,5,2,3,0,0.9295,-2.68,32.64,1,0,0,0.588
ORD-04588,2025-05-16 00:00:51.850370,Night,A,Medium,46,4,75.6,Medium,True,29.76,24.62,54.38,45,1,5,2,4,0,1.2084,9.38,34.78,0,0,0,0.647
ORD-04589,2025-05-16 02:38:08.617723,Evening,E,Medium,16,1,125.5,Medium,True,17.02,10.59,27.61,45,0,5,2,4,0,0.6136,-17.39,20.08,0,0,0,1.064
ORD-04590,2025-05-16 05:15:25.385077,Morning,E,Medium,18,2,242.7,Low,True,20.0,7.31,27.31,45,0,5,2,4,0,0.6069,-17.69,43.69,0,0,0,1.111
ORD-04591,2025-05-16 07:52:42.152430,Evening,C,Medium,9,9,160.3,Low,True,5.91,10.03,15.94,45,0,5,2,4,0,0.3542,-29.06,14.43,1,0,0,0.657
ORD-04592,2025-05-16 10:29:58.919783,Morning,A,Medium,40,8,192.2,Medium,False,20.51,23.97,44.48,45,0,5,2,4,0,0.9884,-0.52,76.88,1,0,1,0.513
ORD-04593,2025-05-16 13:07:15.687137,Night,A,Medium,34,1,93.3,Medium,False,31.5,19.92,51.42,45,1,5,2,4,0,1.1427,6.42,31.72,0,0,1,0.926
ORD-04594,2025-05-16 15:44:32.454490,Evening,E,Medium,12,9,137.0,Medium,True,12.15,10.23,22.38,45,0,5,2,4,0,0.4973,-22.62,16.44,1,0,0,1.012
ORD-04595,2025-05-16 18:21:49.221844,Evening,E,High,50,9,181.2,High,True,34.63,22.8,57.43,38,1,5,2,4,0,1.5113,19.43,90.6,1,1,0,0.693
ORD-04596,2025-05-16 20:59:05.989197,Evening,D,High,2,6,106.4,High,False,5.83,8.17,14.0,38,0,5,2,4,0,0.3684,-24.0,2.13,0,1,1,2.915
ORD-04597,2025-05-16 23:36:22.756551,Evening,E,Medium,39,5,147.4,High,True,40.03,19.61,59.64,45,1,5,2,4,0,1.3253,14.64,57.49,0,1,0,1.026
ORD-04598,2025-05-17 02:13:39.523904,Morning,C,Medium,11,10,114.8,High,True,11.14,13.13,24.27,45,0,5,2,5,1,0.5393,-20.73,12.63,1,1,0,1.013
ORD-04599,2025-05-17 04:50:56.291258,Morning,E,Urgent,40,9,183.1,Medium,True,21.44,20.83,42.27,28,1,5,2,5,1,1.5096,14.27,73.24,1,0,0,0.536
ORD-04600,2025-05-17 07:28:13.058611,Evening,A,Medium,25,4,165.9,Medium,True,20.79,13.98,34.77,45,1,5,2,5,1,0.7727,-10.23,41.48,0,0,0,0.832
ORD-04601,2025-05-17 10:05:29.825965,Night,A,Urgent,12,5,177.3,Low,True,14.26,6.2,20.46,28,0,5,2,5,1,0.7307,-7.54,21.28,0,0,0,1.188
ORD-04602,2025-05-17 12:42:46.593318,Morning,C,High,3,10,184.8,High,False,9.08,4.45,13.53,38,0,5,2,5,1,0.3561,-24.47,5.54,1,1,1,3.027
ORD-04603,2025-05-17 15:20:03.360672,Morning,B,Medium,32,10,140.9,Low,True,19.24,17.07,36.31,45,0,5,2,5,1,0.8069,-8.69,45.09,1,0,0,0.601
ORD-04604,2025-05-17 17:57:20.128025,Morning,B,Medium,9,7,190.1,Medium,True,13.59,10.54,24.13,45,0,5,2,5,1,0.5362,-20.87,17.11,1,0,0,1.51
ORD-04605,2025-05-17 20:34:36.895379,Evening,D,Low,23,7,126.4,Low,False,10.86,18.31,29.17,55,0,5,2,5,1,0.5304,-25.83,29.07,1,0,1,0.472
ORD-04606,2025-05-17 23:11:53.662732,Morning,A,High,48,8,175.0,Medium,True,28.24,27.8,56.04,38,1,5,2,5,1,1.4747,18.04,84.0,1,0,0,0.588
ORD-04607,2025-05-18 01:49:10.430086,Night,D,Medium,45,3,71.2,Low,False,24.1,31.59,55.69,45,1,5,2,6,1,1.2376,10.69,32.04,0,0,1,0.536
ORD-04608,2025-05-18 04:26:27.197439,Morning,A,High,25,10,120.1,Medium,True,8.59,11.0,19.59,38,0,5,2,6,1,0.5155,-18.41,30.02,1,0,0,0.344
ORD-04609,2025-05-18 07:03:43.964792,Evening,D,Medium,37,3,242.6,High,False,40.37,21.61,61.98,45,1,5,2,6,1,1.3773,16.98,89.76,0,1,1,1.091
ORD-04610,2025-05-18 09:41:00.732146,Morning,A,High,42,9,174.4,Low,True,18.33,20.6,38.93,38,1,5,2,6,1,1.0245,0.93,73.25,1,0,0,0.436
ORD-04611,2025-05-18 12:18:17.499499,Evening,D,High,31,9,174.5,Low,True,18.67,19.89,38.56,38,1,5,2,6,1,1.0147,0.56,54.1,1,0,0,0.602
ORD-04612,2025-05-18 14:55:34.266853,Morning,C,Low,11,3,117.0,High,True,14.75,8.29,23.04,55,0,5,2,6,1,0.4189,-31.96,12.87,0,1,0,1.341
ORD-04613,2025-05-18 17:32:51.034206,Evening,B,Medium,41,9,106.2,Low,False,22.28,26.42,48.7,45,0,5,2,6,1,1.0822,3.7,43.54,1,0,1,0.543
ORD-04614,2025-05-18 20:10:07.801560,Night,B,Medium,5,9,139.4,Medium,True,13.93,7.89,21.82,45,0,5,2,6,1,0.4849,-23.18,6.97,1,0,0,2.786
ORD-04615,2025-05-18 22:47:24.568913,Morning,A,High,27,5,147.3,High,True,23.84,20.33,44.17,38,1,5,2,6,1,1.1624,6.17,39.77,0,1,0,0.883
ORD-04616,2025-05-19 01:24:41.336267,Night,B,High,40,6,226.6,Medium,False,42.3,26.97,69.27,38,1,5,2,0,0,1.8229,31.27,90.64,0,0,1,1.057
ORD-04617,2025-05-19 04:01:58.103620,Morning,A,Medium,29,6,190.8,Low,True,17.68,18.2,35.88,45,0,5,2,0,0,0.7973,-9.12,55.33,0,0,0,0.61
ORD-04618,2025-05-19 06:39:14.870974,Evening,A,High,18,1,154.4,Medium,False,22.86,19.04,41.9,38,0,5,2,0,0,1.1026,3.9,27.79,0,0,1,1.27
ORD-04619,2025-05-19 09:16:31.638327,Evening,D,Medium,21,6,152.6,High,True,25.96,10.61,36.57,45,1,5,2,0,0,0.8127,-8.43,32.05,0,1,0,1.236
ORD-04620,2025-05-19 11:53:48.405681,Morning,A,Low,23,7,180.3,Low,True,17.19,18.84,36.03,55,0,5,2,0,0,0.6551,-18.97,41.47,1,0,0,0.747
ORD-04621,2025-05-19 14:31:05.173034,Evening,A,High,38,6,97.2,Medium,True,23.95,16.56,40.51,38,1,5,2,0,0,1.0661,2.51,36.94,0,0,0,0.63
ORD-04622,2025-05-19 17:08:21.940388,Morning,B,Medium,50,5,73.1,Low,False,32.96,30.09,63.05,45,1,5,2,0,0,1.4011,18.05,36.55,0,0,1,0.659
ORD-04623,2025-05-19 19:45:38.707741,Evening,C,High,39,6,179.7,High,True,35.17,18.86,54.03,38,1,5,2,0,0,1.4218,16.03,70.08,0,1,0,0.902
ORD-04624,2025-05-19 22:22:55.475095,Evening,C,Medium,16,6,152.9,Low,True,11.66,8.4,20.06,45,0,5,2,0,0,0.4458,-24.94,24.46,0,0,0,0.729
ORD-04625,2025-05-20 01:00:12.242448,Night,C,Medium,6,10,97.5,Low,True,3.0,5.91,8.91,45,0,5,2,1,0,0.198,-36.09,5.85,1,0,0,0.5
ORD-04626,2025-05-20 03:37:29.009801,Morning,C,Medium,24,5,66.2,Low,True,9.14,14.09,23.23,45,0,5,2,1,0,0.5162,-21.77,15.89,0,0,0,0.381
ORD-04627,2025-05-20 06:14:45.777155,Night,C,Medium,43,3,185.8,High,True,45.41,23.42,68.83,45,1,5,2,1,0,1.5296,23.83,79.89,0,1,0,1.056
ORD-04628,2025-05-20 08:52:02.544508,Morning,B,Low,32,1,129.1,Medium,True,40.79,19.38,60.17,55,1,5,2,1,0,1.094,5.17,41.31,0,0,0,1.275
ORD-04629,2025-05-20 11:29:19.311862,Evening,B,High,17,9,166.0,Low,False,16.67,13.91,30.58,38,1,5,2,1,0,0.8047,-7.42,28.22,1,0,1,0.981
ORD-04630,2025-05-20 14:06:36.079215,Morning,D,Medium,5,2,139.4,Low,False,7.1,10.52,17.62,45,0,5,2,1,0,0.3916,-27.38,6.97,0,0,1,1.42
ORD-04631,2025-05-20 16:43:52.846569,Morning,B,Medium,13,5,148.6,High,True,23.67,10.5,34.17,45,0,5,2,1,0,0.7593,-10.83,19.32,0,1,0,1.821
ORD-04632,2025-05-20 19:21:09.613922,Morning,D,Medium,36,8,126.3,Low,True,11.95,17.54,29.49,45,0,5,2,1,0,0.6553,-15.51,45.47,1,0,0,0.332
ORD-04633,2025-05-20 21:58:26.381276,Evening,C,Medium,34,2,146.9,Medium,False,30.47,23.37,53.84,45,1,5,2,1,0,1.1964,8.84,49.95,0,0,1,0.896
ORD-04634,2025-05-21 00:35:43.148629,Morning,C,Medium,23,3,173.1,Medium,True,18.61,14.87,33.48,45,0,5,2,2,0,0.744,-11.52,39.81,0,0,0,0.809
ORD-04635,2025-05-21 03:12:59.915983,Evening,C,High,17,7,139.0,Medium,True,19.75,12.42,32.17,38,1,5,2,2,0,0.8466,-5.83,23.63,1,0,0,1.162
ORD-04636,2025-05-21 05:50:16.683336,Night,E,High,9,7,136.7,Medium,True,11.08,8.68,19.76,38,0,5,2,2,0,0.52,-18.24,12.3,1,0,0,1.231
ORD-04637,2025-05-21 08:27:33.450690,Morning,B,Medium,49,3,174.3,High,True,66.74,21.07,87.81,45,1,5,2,2,0,1.9513,42.81,85.41,0,1,0,1.362
ORD-04638,2025-05-21 11:04:50.218043,Morning,B,Medium,22,6,177.0,Low,True,22.84,13.37,36.21,45,1,5,2,2,0,0.8047,-8.79,38.94,0,0,0,1.038
ORD-04639,2025-05-21 13:42:06.985397,Morning,E,Low,39,8,104.5,Low,True,25.57,17.3,42.87,55,0,5,2,2,0,0.7795,-12.13,40.75,1,0,0,0.656
ORD-04640,2025-05-21 16:19:23.752750,Morning,C,Medium,24,3,148.8,Low,True,19.3,15.95,35.25,45,1,5,2,2,0,0.7833,-9.75,35.71,0,0,0,0.804
ORD-04641,2025-05-21 18:56:40.520104,Evening,B,High,29,5,129.0,Low,True,22.59,14.8,37.39,38,1,5,2,2,0,0.9839,-0.61,37.41,0,0,0,0.779
ORD-04642,2025-05-21 21:33:57.287457,Evening,B,Medium,33,3,150.5,Medium,True,43.69,18.08,61.77,45,1,5,2,2,0,1.3727,16.77,49.66,0,0,0,1.324
ORD-04643,2025-05-22 00:11:14.054810,Morning,A,Urgent,18,10,207.4,Medium,True,9.41,16.28,25.69,28,1,5,2,3,0,0.9175,-2.31,37.33,1,0,0,0.523
ORD-04644,2025-05-22 02:48:30.822164,Morning,D,Low,47,4,164.4,High,True,45.05,21.28,66.33,55,1,5,2,3,0,1.206,11.33,77.27,0,1,0,0.959
ORD-04645,2025-05-22 05:25:47.589517,Evening,B,High,23,9,236.6,High,True,27.69,15.9,43.59,38,0,5,2,3,0,1.1471,5.59,54.42,1,1,0,1.204
ORD-04646,2025-05-22 08:03:04.356871,Morning,A,High,39,9,158.8,Low,True,18.49,22.36,40.85,38,0,5,2,3,0,1.075,2.85,61.93,1,0,0,0.474
ORD-04647,2025-05-22 10:40:21.124224,Evening,A,High,46,2,143.3,Medium,True,35.15,22.09,57.24,38,1,5,2,3,0,1.5063,19.24,65.92,0,0,0,0.764
ORD-04648,2025-05-22 13:17:37.891578,Night,E,High,20,10,149.2,Medium,True,19.11,12.94,32.05,38,0,5,2,3,0,0.8434,-5.95,29.84,1,0,0,0.956
ORD-04649,2025-05-22 15:54:54.658931,Morning,C,Low,12,1,155.7,High,True,21.86,6.59,28.45,55,0,5,2,3,0,0.5173,-26.55,18.68,0,1,0,1.822
ORD-04650,2025-05-22 18:32:11.426285,Evening,C,High,49,4,162.9,Low,True,31.1,23.81,54.91,38,1,5,2,3,0,1.445,16.91,79.82,0,0,0,0.635
ORD-04651,2025-05-22 21:09:28.193638,Night,E,Medium,40,2,110.3,Medium,True,37.55,23.76,61.31,45,1,5,2,3,0,1.3624,16.31,44.12,0,0,0,0.939
ORD-04652,2025-05-22 23:46:44.960992,Evening,B,Medium,40,1,140.7,Low,True,40.28,18.56,58.84,45,1,5,2,3,0,1.3076,13.84,56.28,0,0,0,1.007
ORD-04653,2025-05-23 02:24:01.728345,Night,D,Low,48,6,121.0,Low,True,24.97,22.02,46.99,55,1,5,2,4,0,0.8544,-8.01,58.08,0,0,0,0.52
ORD-04654,2025-05-23 05:01:18.495699,Night,D,Low,2,7,191.2,Medium,True,4.89,11.75,16.64,55,0,5,2,4,0,0.3025,-38.36,3.82,1,0,0,2.445
ORD-04655,2025-05-23 07:38:35.263052,Evening,C,Urgent,48,6,73.0,Low,True,24.97,25.02,49.99,28,1,5,2,4,0,1.7854,21.99,35.04,0,0,0,0.52
ORD-04656,2025-05-23 10:15:52.030406,Evening,D,Medium,6,5,156.3,Low,False,6.93,8.92,15.85,45,0,5,2,4,0,0.3522,-29.15,9.38,0,0,1,1.155
ORD-04657,2025-05-23 12:53:08.797759,Evening,E,Medium,8,8,89.3,Medium,True,5.39,6.7,12.09,45,0,5,2,4,0,0.2687,-32.91,7.14,1,0,0,0.674
ORD-04658,2025-05-23 15:30:25.565113,Evening,A,Low,11,5,167.3,Low,False,9.29,9.32,18.61,55,0,5,2,4,0,0.3384,-36.39,18.4,0,0,1,0.845
ORD-04659,2025-05-23 18:07:42.332466,Evening,A,High,6,6,134.0,Low,True,9.65,9.03,18.68,38,0,5,2,4,0,0.4916,-19.32,8.04,0,0,0,1.608
ORD-04660,2025-05-23 20:44:59.099819,Morning,D,High,5,5,77.3,Medium,True,5.11,5.89,11.0,38,0,5,2,4,0,0.2895,-27.0,3.86,0,0,0,1.022
ORD-04661,2025-05-23 23:22:15.867173,Night,B,Urgent,7,3,187.7,Medium,True,18.78,8.4,27.18,28,1,5,2,4,0,0.9707,-0.82,13.14,0,0,0,2.683
ORD-04662,2025-05-24 01:59:32.634526,Morning,C,Medium,25,7,49.3,Medium,False,15.49,19.07,34.56,45,0,5,2,5,1,0.768,-10.44,12.32,1,0,1,0.62
ORD-04663,2025-05-24 04:36:49.401880,Morning,A,Medium,19,9,148.7,High,True,18.02,13.15,31.17,45,0,5,2,5,1,0.6927,-13.83,28.25,1,1,0,0.948
ORD-04664,2025-05-24 07:14:06.169233,Morning,D,Low,18,4,177.6,Low,True,13.27,12.32,25.59,55,0,5,2,5,1,0.4653,-29.41,31.97,0,0,0,0.737
ORD-04665,2025-05-24 09:51:22.936587,Morning,D,Medium,9,5,205.1,Low,True,12.12,5.23,17.35,45,0,5,2,5,1,0.3856,-27.65,18.46,0,0,0,1.347
ORD-04666,2025-05-24 12:28:39.703940,Evening,E,High,49,9,85.6,Low,True,18.31,20.51,38.82,38,1,5,2,5,1,1.0216,0.82,41.94,1,0,0,0.374
ORD-04667,2025-05-24 15:05:56.471294,Morning,C,Urgent,17,3,129.4,Medium,True,17.84,9.81,27.65,28,0,5,2,5,1,0.9875,-0.35,22.0,0,0,0,1.049
ORD-04668,2025-05-24 17:43:13.238647,Evening,E,Low,24,5,193.3,Low,True,23.25,14.84,38.09,55,0,5,2,5,1,0.6925,-16.91,46.39,0,0,0,0.969
ORD-04669,2025-05-24 20:20:30.006001,Evening,C,Medium,8,3,196.0,High,True,13.89,7.85,21.74,45,0,5,2,5,1,0.4831,-23.26,15.68,0,1,0,1.736
ORD-04670,2025-05-24 22:57:46.773354,Morning,C,High,11,4,201.2,Medium,True,14.89,11.42,26.31,38,0,5,2,5,1,0.6924,-11.69,22.13,0,0,0,1.354
ORD-04671,2025-05-25 01:35:03.540708,Morning,D,Medium,12,5,252.5,Medium,True,16.71,8.54,25.25,45,0,5,2,6,1,0.5611,-19.75,30.3,0,0,0,1.392
ORD-04672,2025-05-25 04:12:20.308061,Evening,C,High,49,10,129.7,High,True,28.27,25.55,53.82,38,1,5,2,6,1,1.4163,15.82,63.55,1,1,0,0.577
ORD-04673,2025-05-25 06:49:37.075415,Evening,C,Medium,9,1,164.9,Medium,True,19.96,8.99,28.95,45,1,5,2,6,1,0.6433,-16.05,14.84,0,0,0,2.218
ORD-04674,2025-05-25 09:26:53.842768,Morning,A,Medium,26,4,136.2,Medium,True,17.79,17.06,34.85,45,0,5,2,6,1,0.7744,-10.15,35.41,0,0,0,0.684
ORD-04675,2025-05-25 12:04:10.610122,Morning,B,Medium,28,9,71.0,Medium,True,21.55,16.94,38.49,45,0,5,2,6,1,0.8553,-6.51,19.88,1,0,0,0.77
ORD-04676,2025-05-25 14:41:27.377475,Morning,D,Medium,4,1,146.4,Low,True,10.54,7.28,17.82,45,0,5,2,6,1,0.396,-27.18,5.86,0,0,0,2.635
ORD-04677,2025-05-25 17:18:44.144828,Morning,A,High,18,6,70.2,Medium,True,11.59,10.68,22.27,38,0,5,2,6,1,0.5861,-15.73,12.64,0,0,0,0.644
ORD-04678,2025-05-25 19:56:00.912182,Morning,D,Low,5,2,129.2,Low,True,4.82,6.28,11.1,55,0,5,2,6,1,0.2018,-43.9,6.46,0,0,0,0.964
ORD-04679,2025-05-25 22:33:17.679535,Night,B,Medium,9,6,91.3,Medium,True,10.03,4.13,14.16,45,0,5,2,6,1,0.3147,-30.84,8.22,0,0,0,1.114
ORD-04680,2025-05-26 01:10:34.446889,Morning,B,Urgent,34,8,167.6,High,True,36.99,17.2,54.19,28,1,5,2,0,0,1.9354,26.19,56.98,1,1,0,1.088
ORD-04681,2025-05-26 03:47:51.214242,Morning,D,Medium,29,7,118.9,Medium,False,17.51,22.95,40.46,45,1,5,2,0,0,0.8991,-4.54,34.48,1,0,1,0.604
ORD-04682,2025-05-26 06:25:07.981596,Night,A,Medium,25,6,78.6,Low,True,13.22,15.13,28.35,45,0,5,2,0,0,0.63,-16.65,19.65,0,0,0,0.529
ORD-04683,2025-05-26 09:02:24.748949,Evening,E,Urgent,11,8,184.6,Low,True,8.21,11.48,19.69,28,0,5,2,0,0,0.7032,-8.31,20.31,1,0,0,0.746
ORD-04684,2025-05-26 11:39:41.516303,Evening,E,Medium,32,6,125.8,High,True,31.2,16.34,47.54,45,1,5,2,0,0,1.0564,2.54,40.26,0,1,0,0.975
ORD-04685,2025-05-26 14:16:58.283656,Evening,C,High,46,7,132.7,Low,True,23.59,22.83,46.42,38,1,5,2,0,0,1.2216,8.42,61.04,1,0,0,0.513
ORD-04686,2025-05-26 16:54:15.051010,Night,B,Low,43,1,110.9,Medium,True,49.34,27.69,77.03,55,1,5,2,0,0,1.4005,22.03,47.69,0,0,0,1.147
ORD-04687,2025-05-26 19:31:31.818363,Morning,A,High,9,1,196.0,Medium,True,17.7,7.2,24.9,38,0,5,2,0,0,0.6553,-13.1,17.64,0,0,0,1.967
ORD-04688,2025-05-26 22:08:48.585717,Morning,D,Low,35,2,160.8,Low,True,24.44,12.12,36.56,55,0,5,2,0,0,0.6647,-18.44,56.28,0,0,0,0.698
ORD-04689,2025-05-27 00:46:05.353070,Night,A,Medium,13,6,125.5,Medium,False,9.96,8.17,18.13,45,0,5,2,1,0,0.4029,-26.87,16.31,0,0,1,0.766
ORD-04690,2025-05-27 03:23:22.120424,Night,E,Urgent,44,4,73.4,Low,True,23.77,23.4,47.17,28,1,5,2,1,0,1.6846,19.17,32.3,0,0,0,0.54
ORD-04691,2025-05-27 06:00:38.887777,Night,E,Medium,24,4,250.4,Medium,True,27.57,11.14,38.71,45,1,5,2,1,0,0.8602,-6.29,60.1,0,0,0,1.149
ORD-04692,2025-05-27 08:37:55.655131,Morning,A,Medium,38,5,229.2,Low,True,22.15,19.3,41.45,45,0,5,2,1,0,0.9211,-3.55,87.1,0,0,0,0.583
ORD-04693,2025-05-27 11:15:12.422484,Night,D,Low,27,10,207.7,Low,True,13.84,12.45,26.29,55,0,5,2,1,0,0.478,-28.71,56.08,1,0,0,0.513
ORD-04694,2025-05-27 13:52:29.189837,Morning,C,Low,34,4,121.9,Low,True,21.51,20.94,42.45,55,1,5,2,1,0,0.7718,-12.55,41.45,0,0,0,0.633
ORD-04695,2025-05-27 16:29:45.957191,Evening,C,Medium,47,5,130.0,High,False,40.11,29.64,69.75,45,1,5,2,1,0,1.55,24.75,61.1,0,1,1,0.853
ORD-04696,2025-05-27 19:07:02.724544,Night,A,Medium,7,6,166.0,Medium,True,10.56,7.06,17.62,45,0,5,2,1,0,0.3916,-27.38,11.62,0,0,0,1.509
ORD-04697,2025-05-27 21:44:19.491898,Morning,D,Medium,46,8,114.2,High,True,26.04,18.45,44.49,45,1,5,2,1,0,0.9887,-0.51,52.53,1,1,0,0.566
ORD-04698,2025-05-28 00:21:36.259251,Morning,A,Urgent,25,8,110.4,Medium,True,11.86,14.26,26.12,28,0,5,2,2,0,0.9329,-1.88,27.6,1,0,0,0.474
ORD-04699,2025-05-28 02:58:53.026605,Evening,E,High,8,10,208.3,High,True,12.69,9.06,21.75,38,0,5,2,2,0,0.5724,-16.25,16.66,1,1,0,1.586
ORD-04700,2025-05-28 05:36:09.793958,Night,C,Urgent,22,7,147.8,Medium,True,21.73,18.62,40.35,28,1,5,2,2,0,1.4411,12.35,32.52,1,0,0,0.988
ORD-04701,2025-05-28 08:13:26.561312,Morning,C,Medium,3,10,105.2,Low,True,5.98,7.95,13.93,45,0,5,2,2,0,0.3096,-31.07,3.16,1,0,0,1.993
ORD-04702,2025-05-28 10:50:43.328665,Night,E,Medium,28,7,188.1,Medium,True,25.88,18.49,44.37,45,0,5,2,2,0,0.986,-0.63,52.67,1,0,0,0.924
ORD-04703,2025-05-28 13:28:00.096019,Morning,D,Medium,24,6,127.0,Low,False,10.99,21.16,32.15,45,0,5,2,2,0,0.7144,-12.85,30.48,0,0,1,0.458
ORD-04704,2025-05-28 16:05:16.863372,Evening,C,Medium,20,6,70.8,High,True,16.61,13.35,29.96,45,0,5,2,2,0,0.6658,-15.04,14.16,0,1,0,0.83
ORD-04705,2025-05-28 18:42:33.630726,Morning,B,Medium,23,5,104.6,High,True,28.48,14.99,43.47,45,1,5,2,2,0,0.966,-1.53,24.06,0,1,0,1.238
ORD-04706,2025-05-28 21:19:50.398079,Night,C,High,32,3,129.3,Low,True,27.53,15.84,43.37,38,1,5,2,2,0,1.1413,5.37,41.38,0,0,0,0.86
ORD-04707,2025-05-28 23:57:07.165433,Morning,B,High,42,4,158.8,High,True,56.35,21.53,77.88,38,1,5,2,2,0,2.0495,39.88,66.7,0,1,0,1.342
ORD-04708,2025-05-29 02:34:23.932786,Evening,E,Medium,20,7,156.9,Low,True,14.14,14.44,28.58,45,0,5,2,3,0,0.6351,-16.42,31.38,1,0,0,0.707
ORD-04709,2025-05-29 05:11:40.700140,Morning,B,Medium,1,7,199.1,Medium,True,5.49,8.03,13.52,45,0,5,2,3,0,0.3004,-31.48,1.99,1,0,0,5.49
ORD-04710,2025-05-29 07:48:57.467493,Night,B,Medium,28,2,140.5,High,True,41.15,14.44,55.59,45,1,5,2,3,0,1.2353,10.59,39.34,0,1,0,1.47
ORD-04711,2025-05-29 10:26:14.234846,Night,D,Medium,48,9,131.4,Low,True,20.25,24.89,45.14,45,1,5,2,3,0,1.0031,0.14,63.07,1,0,0,0.422
ORD-04712,2025-05-29 13:03:31.002200,Morning,B,Medium,20,8,199.8,Low,True,17.34,11.07,28.41,45,0,5,2,3,0,0.6313,-16.59,39.96,1,0,0,0.867
ORD-04713,2025-05-29 15:40:47.769553,Morning,E,High,7,6,189.1,Medium,True,12.53,7.22,19.75,38,0,5,2,3,0,0.5197,-18.25,13.24,0,0,0,1.79
ORD-04714,2025-05-29 18:18:04.536907,Morning,A,Medium,46,5,141.5,Low,False,28.5,29.07,57.57,45,0,5,2,3,0,1.2793,12.57,65.09,0,0,1,0.62
ORD-04715,2025-05-29 20:55:21.304260,Evening,A,Medium,21,6,161.7,Medium,False,20.46,19.83,40.29,45,0,5,2,3,0,0.8953,-4.71,33.96,0,0,1,0.974
ORD-04716,2025-05-29 23:32:38.071614,Night,C,High,19,6,131.0,Medium,True,14.12,12.06,26.18,38,0,5,2,3,0,0.6889,-11.82,24.89,0,0,0,0.743
ORD-04717,2025-05-30 02:09:54.838967,Evening,C,Urgent,15,5,103.5,Low,True,13.06,12.95,26.01,28,1,5,2,4,0,0.9289,-1.99,15.52,0,0,0,0.871
ORD-04718,2025-05-30 04:47:11.606321,Evening,E,High,37,9,237.9,Low,True,24.86,19.59,44.45,38,1,5,2,4,0,1.1697,6.45,88.02,1,0,0,0.672
ORD-04719,2025-05-30 07:24:28.373674,Evening,B,Medium,8,2,128.3,High,True,24.3,11.86,36.16,45,0,5,2,4,0,0.8036,-8.84,10.26,0,1,0,3.038
ORD-04720,2025-05-30 10:01:45.141028,Evening,A,Medium,31,4,161.8,Medium,True,24.92,14.93,39.85,45,0,5,2,4,0,0.8856,-5.15,50.16,0,0,0,0.804
ORD-04721,2025-05-30 12:39:01.908381,Morning,B,High,18,4,89.4,Medium,True,21.01,13.01,34.02,38,0,5,2,4,0,0.8953,-3.98,16.09,0,0,0,1.167
ORD-04722,2025-05-30 15:16:18.675735,Morning,B,High,20,1,179.5,Low,True,30.19,15.19,45.38,38,1,5,2,4,0,1.1942,7.38,35.9,0,0,0,1.51
ORD-04723,2025-05-30 17:53:35.443088,Morning,C,Urgent,11,1,101.8,High,True,17.85,5.97,23.82,28,0,5,2,4,0,0.8507,-4.18,11.2,0,1,0,1.623
ORD-04724,2025-05-30 20:30:52.210442,Evening,B,Medium,41,9,217.1,Low,False,25.97,26.58,52.55,45,1,5,2,4,0,1.1678,7.55,89.01,1,0,1,0.633
ORD-04725,2025-05-30 23:08:08.977795,Morning,C,High,23,8,221.9,Low,True,11.65,14.17,25.82,38,0,5,2,4,0,0.6795,-12.18,51.04,1,0,0,0.507
ORD-04726,2025-05-31 01:45:25.745149,Evening,E,Medium,47,4,172.6,Low,True,31.6,21.24,52.84,45,1,5,2,5,1,1.1742,7.84,81.12,0,0,0,0.672
ORD-04727,2025-05-31 04:22:42.512502,Morning,B,Low,42,3,154.6,Medium,True,44.89,21.63,66.52,55,1,5,2,5,1,1.2095,11.52,64.93,0,0,0,1.069
ORD-04728,2025-05-31 06:59:59.279855,Evening,C,Medium,39,5,142.5,Low,True,21.78,21.11,42.89,45,0,5,2,5,1,0.9531,-2.11,55.58,0,0,0,0.558
ORD-04729,2025-05-31 09:37:16.047209,Morning,A,Low,23,8,148.1,Low,True,13.23,14.85,28.08,55,0,5,2,5,1,0.5105,-26.92,34.06,1,0,0,0.575
ORD-04730,2025-05-31 12:14:32.814562,Evening,D,Medium,48,3,166.4,Medium,True,39.15,25.41,64.56,45,1,5,2,5,1,1.4347,19.56,79.87,0,0,0,0.816
ORD-04731,2025-05-31 14:51:49.581916,Morning,B,Medium,30,1,153.6,Medium,True,39.86,15.97,55.83,45,0,5,2,5,1,1.2407,10.83,46.08,0,0,0,1.329
ORD-04732,2025-05-31 17:29:06.349269,Morning,C,High,22,5,189.3,Low,True,13.0,17.67,30.67,38,1,5,2,5,1,0.8071,-7.33,41.65,0,0,0,0.591
ORD-04733,2025-05-31 20:06:23.116623,Morning,B,High,18,6,113.3,Medium,False,18.65,12.51,31.16,38,0,5,2,5,1,0.82,-6.84,20.39,0,0,1,1.036
ORD-04734,2025-05-31 22:43:39.883976,Evening,A,Low,46,6,211.1,Low,True,28.24,23.53,51.77,55,1,5,2,5,1,0.9413,-3.23,97.11,0,0,0,0.614
ORD-04735,2025-06-01 01:20:56.651330,Night,B,High,13,2,133.1,Low,False,18.95,13.32,32.27,38,0,6,2,6,1,0.8492,-5.73,17.3,0,0,1,1.458
ORD-04736,2025-06-01 03:58:13.418683,Morning,A,Low,44,9,120.2,Low,True,16.2,22.93,39.13,55,0,6,2,6,1,0.7115,-15.87,52.89,1,0,0,0.368
ORD-04737,2025-06-01 06:35:30.186037,Evening,E,Low,12,7,164.5,High,False,13.39,13.79,27.18,55,0,6,2,6,1,0.4942,-27.82,19.74,1,1,1,1.116
ORD-04738,2025-06-01 09:12:46.953390,Evening,B,Urgent,39,8,167.1,Medium,True,33.13,22.48,55.61,28,1,6,2,6,1,1.9861,27.61,65.17,1,0,0,0.849
ORD-04739,2025-06-01 11:50:03.720744,Evening,E,Low,15,10,80.5,Low,True,8.04,9.26,17.3,55,0,6,2,6,1,0.3145,-37.7,12.08,1,0,0,0.536
ORD-04740,2025-06-01 14:27:20.488097,Evening,C,Medium,42,6,130.8,Low,False,22.37,28.6,50.97,45,0,6,2,6,1,1.1327,5.97,54.94,0,0,1,0.533
ORD-04741,2025-06-01 17:04:37.255451,Morning,A,High,42,6,63.1,Low,True,16.73,23.34,40.07,38,0,6,2,6,1,1.0545,2.07,26.5,0,0,0,0.398
ORD-04742,2025-06-01 19:41:54.022804,Evening,B,Medium,37,8,123.0,Medium,False,28.16,27.37,55.53,45,1,6,2,6,1,1.234,10.53,45.51,1,0,1,0.761
ORD-04743,2025-06-01 22:19:10.790158,Night,A,Medium,50,8,124.7,Medium,True,23.89,27.1,50.99,45,1,6,2,6,1,1.1331,5.99,62.35,1,0,0,0.478
ORD-04744,2025-06-02 00:56:27.557511,Night,D,High,26,9,161.9,Low,True,13.46,16.97,30.43,38,0,6,2,0,0,0.8008,-7.57,42.09,1,0,0,0.518
ORD-04745,2025-06-02 03:33:44.324864,Morning,A,High,42,8,118.5,High,True,27.97,22.09,50.06,38,1,6,2,0,0,1.3174,12.06,49.77,1,1,0,0.666
ORD-04746,2025-06-02 06:11:01.092218,Evening,E,Medium,28,1,128.0,Low,True,30.71,19.84,50.55,45,1,6,2,0,0,1.1233,5.55,35.84,0,0,0,1.097
ORD-04747,2025-06-02 08:48:17.859571,Morning,A,Urgent,2,4,202.2,Low,True,9.23,3.82,13.05,28,0,6,2,0,0,0.4661,-14.95,4.04,0,0,0,4.615
ORD-04748,2025-06-02 11:25:34.626925,Evening,B,Low,21,6,232.6,Low,True,28.63,15.86,44.49,55,0,6,2,0,0,0.8089,-10.51,48.85,0,0,0,1.363
ORD-04749,2025-06-02 14:02:51.394278,Morning,A,Medium,2,5,113.2,Low,True,5.54,5.8,11.34,45,0,6,2,0,0,0.252,-33.66,2.26,0,0,0,2.77
ORD-04750,2025-06-02 16:40:08.161632,Morning,D,Medium,34,1,190.8,High,True,39.58,17.29,56.87,45,0,6,2,0,0,1.2638,11.87,64.87,0,1,0,1.164
ORD-04751,2025-06-02 19:17:24.928985,Evening,C,Low,8,3,165.5,Medium,True,11.76,7.65,19.41,55,0,6,2,0,0,0.3529,-35.59,13.24,0,0,0,1.47
ORD-04752,2025-06-02 21:54:41.696339,Night,E,Urgent,17,4,80.4,Medium,True,13.19,10.45,23.64,28,1,6,2,0,0,0.8443,-4.36,13.67,0,0,0,0.776
ORD-04753,2025-06-03 00:31:58.463692,Morning,B,High,44,1,118.4,Low,True,44.7,22.28,66.98,38,1,6,2,1,0,1.7626,28.98,52.1,0,0,0,1.016
ORD-04754,2025-06-03 03:09:15.231046,Evening,A,Medium,37,8,30.0,Low,True,14.81,21.27,36.08,45,0,6,2,1,0,0.8018,-8.92,11.1,1,0,0,0.4
ORD-04755,2025-06-03 05:46:31.998399,Evening,D,Medium,17,4,162.9,Low,True,9.93,14.8,24.73,45,0,6,2,1,0,0.5496,-20.27,27.69,0,0,0,0.584
ORD-04756,2025-06-03 08:23:48.765753,Night,C,Medium,26,8,106.9,Medium,False,18.41,25.83,44.24,45,0,6,2,1,0,0.9831,-0.76,27.79,1,0,1,0.708
ORD-04757,2025-06-03 11:01:05.533106,Evening,D,High,30,9,155.4,Low,True,17.29,17.88,35.17,38,1,6,2,1,0,0.9255,-2.83,46.62,1,0,0,0.576
ORD-04758,2025-06-03 13:38:22.300460,Morning,B,Medium,18,9,252.8,Low,True,12.96,11.63,24.59,45,0,6,2,1,0,0.5464,-20.41,45.5,1,0,0,0.72
ORD-04759,2025-06-03 16:15:39.067813,Morning,D,Urgent,38,10,213.7,High,False,25.59,25.67,51.26,28,1,6,2,1,0,1.8307,23.26,81.21,1,1,1,0.673
ORD-04760,2025-06-03 18:52:55.835167,Evening,A,Medium,8,5,119.3,Medium,False,14.09,9.41,23.5,45,0,6,2,1,0,0.5222,-21.5,9.54,0,0,1,1.761
ORD-04761,2025-06-03 21:30:12.602520,Morning,E,Medium,22,3,109.6,Low,True,13.77,13.31,27.08,45,1,6,2,1,0,0.6018,-17.92,24.11,0,0,0,0.626
ORD-04762,2025-06-04 00:07:29.369873,Night,A,Urgent,13,1,201.7,Medium,True,19.94,9.36,29.3,28,1,6,2,2,0,1.0464,1.3,26.22,0,0,0,1.534
ORD-04763,2025-06-04 02:44:46.137227,Night,D,Urgent,34,7,109.8,Low,True,14.27,21.15,35.42,28,1,6,2,2,0,1.265,7.42,37.33,1,0,0,0.42
ORD-04764,2025-06-04 05:22:02.904580,Night,A,Medium,33,2,189.6,Medium,True,35.07,20.31,55.38,45,1,6,2,2,0,1.2307,10.38,62.57,0,0,0,1.063
ORD-04765,2025-06-04 07:59:19.671934,Morning,D,Medium,41,3,259.4,High,True,44.97,25.23,70.2,45,1,6,2,2,0,1.56,25.2,106.35,0,1,0,1.097
ORD-04766,2025-06-04 10:36:36.439287,Evening,E,Urgent,19,3,177.0,Low,True,18.66,11.69,30.35,28,0,6,2,2,0,1.0839,2.35,33.63,0,0,0,0.982
ORD-04767,2025-06-04 13:13:53.206641,Evening,E,High,12,3,197.4,High,True,25.25,9.81,35.06,38,0,6,2,2,0,0.9226,-2.94,23.69,0,1,0,2.104
ORD-04768,2025-06-04 15:51:09.973994,Morning,C,High,2,4,192.7,Low,True,13.38,9.1,22.48,38,0,6,2,2,0,0.5916,-15.52,3.85,0,0,0,6.69
ORD-04769,2025-06-04 18:28:26.741348,Morning,B,High,44,4,127.7,Low,True,36.73,20.25,56.98,38,0,6,2,2,0,1.4995,18.98,56.19,0,0,0,0.835
ORD-04770,2025-06-04 21:05:43.508701,Morning,D,Urgent,17,6,161.6,Medium,True,13.62,11.17,24.79,28,1,6,2,2,0,0.8854,-3.21,27.47,0,0,0,0.801
ORD-04771,2025-06-04 23:43:00.276055,Morning,C,Medium,38,10,111.7,Medium,False,16.87,25.01,41.88,45,1,6,2,2,0,0.9307,-3.12,42.45,1,0,1,0.444
ORD-04772,2025-06-05 02:20:17.043408,Night,C,Low,19,7,201.6,Low,True,16.68,18.03,34.71,55,0,6,2,3,0,0.6311,-20.29,38.3,1,0,0,0.878
ORD-04773,2025-06-05 04:57:33.810762,Night,A,Medium,17,7,106.6,Low,True,7.02,15.67,22.69,45,0,6,2,3,0,0.5042,-22.31,18.12,1,0,0,0.413
ORD-04774,2025-06-05 07:34:50.578115,Morning,B,High,12,2,178.0,Low,True,20.49,9.01,29.5,38,0,6,2,3,0,0.7763,-8.5,21.36,0,0,0,1.707
ORD-04775,2025-06-05 10:12:07.345469,Evening,B,Medium,40,2,195.3,Low,False,40.71,25.71,66.42,45,1,6,2,3,0,1.476,21.42,78.12,0,0,1,1.018
ORD-04776,2025-06-05 12:49:24.112822,Morning,C,Medium,15,2,130.3,Low,True,12.38,8.5,20.88,45,0,6,2,3,0,0.464,-24.12,19.55,0,0,0,0.825
ORD-04777,2025-06-05 15:26:40.880176,Morning,A,High,15,9,121.2,Low,True,3.5,18.14,21.64,38,0,6,2,3,0,0.5695,-16.36,18.18,1,0,0,0.233
ORD-04778,2025-06-05 18:03:57.647529,Morning,B,Medium,36,2,143.2,High,True,51.88,12.45,64.33,45,1,6,2,3,0,1.4296,19.33,51.55,0,1,0,1.441
ORD-04779,2025-06-05 20:41:14.414882,Evening,D,Urgent,26,10,114.3,Medium,True,14.64,14.2,28.84,28,0,6,2,3,0,1.03,0.84,29.72,1,0,0,0.563
ORD-04780,2025-06-05 23:18:31.182236,Evening,C,Medium,38,8,156.3,High,True,23.53,20.11,43.64,45,0,6,2,3,0,0.9698,-1.36,59.39,1,1,0,0.619
ORD-04781,2025-06-06 01:55:47.949589,Night,E,High,6,9,113.3,Low,True,7.02,4.63,11.65,38,0,6,2,4,0,0.3066,-26.35,6.8,1,0,0,1.17
ORD-04782,2025-06-06 04:33:04.716943,Night,A,Medium,48,4,116.2,Low,True,27.22,24.98,52.2,45,1,6,2,4,0,1.16,7.2,55.78,0,0,0,0.567
ORD-04783,2025-06-06 07:10:21.484296,Morning,B,Low,12,2,171.9,Medium,True,21.11,7.98,29.09,55,0,6,2,4,0,0.5289,-25.91,20.63,0,0,0,1.759
ORD-04784,2025-06-06 09:47:38.251650,Evening,C,Medium,6,2,174.7,Medium,True,15.29,9.42,24.71,45,0,6,2,4,0,0.5491,-20.29,10.48,0,0,0,2.548
ORD-04785,2025-06-06 12:24:55.019003,Morning,B,Low,6,9,138.3,Medium,True,12.58,9.7,22.28,55,0,6,2,4,0,0.4051,-32.72,8.3,1,0,0,2.097
ORD-04786,2025-06-06 15:02:11.786357,Morning,D,High,16,5,84.1,Low,True,13.95,11.39,25.34,38,0,6,2,4,0,0.6668,-12.66,13.46,0,0,0,0.872
ORD-04787,2025-06-06 17:39:28.553710,Evening,A,High,22,5,196.8,High,True,26.69,11.82,38.51,38,0,6,2,4,0,1.0134,0.51,43.3,0,1,0,1.213
ORD-04788,2025-06-06 20:16:45.321064,Morning,C,Low,4,3,132.1,Medium,True,9.74,11.38,21.12,55,0,6,2,4,0,0.384,-33.88,5.28,0,0,0,2.435
ORD-04789,2025-06-06 22:54:02.088417,Morning,A,Medium,32,4,232.5,Low,True,26.67,15.9,42.57,45,0,6,2,4,0,0.946,-2.43,74.4,0,0,0,0.833
ORD-04790,2025-06-07 01:31:18.855771,Morning,C,Urgent,31,4,144.7,Medium,True,32.87,19.85,52.72,28,1,6,2,5,1,1.8829,24.72,44.86,0,0,0,1.06
ORD-04791,2025-06-07 04:08:35.623124,Morning,D,Medium,39,8,155.4,Low,True,17.36,23.97,41.33,45,0,6,2,5,1,0.9184,-3.67,60.61,1,0,0,0.445
ORD-04792,2025-06-07 06:45:52.390478,Night,A,Urgent,1,9,132.7,Low,False,6.86,2.0,8.86,28,0,6,2,5,1,0.3164,-19.14,1.33,1,0,1,6.86
ORD-04793,2025-06-07 09:23:09.157831,Morning,C,Low,5,5,159.7,High,True,11.53,8.29,19.82,55,0,6,2,5,1,0.3604,-35.18,7.98,0,1,0,2.306
ORD-04794,2025-06-07 12:00:25.925185,Evening,C,Low,11,4,289.1,Medium,True,19.66,18.36,38.02,55,1,6,2,5,1,0.6913,-16.98,31.8,0,0,0,1.787
ORD-04795,2025-06-07 14:37:42.692538,Night,D,Medium,22,5,136.0,Low,True,19.2,11.36,30.56,45,1,6,2,5,1,0.6791,-14.44,29.92,0,0,0,0.873
ORD-04796,2025-06-07 17:14:59.459891,Evening,A,Medium,30,2,201.1,Low,True,26.5,16.87,43.37,45,0,6,2,5,1,0.9638,-1.63,60.33,0,0,0,0.883
ORD-04797,2025-06-07 19:52:16.227245,Evening,B,High,11,1,153.6,Low,True,19.84,7.35,27.19,38,0,6,2,5,1,0.7155,-10.81,16.9,0,0,0,1.804
ORD-04798,2025-06-07 22:29:32.994598,Night,D,High,18,3,197.0,High,False,26.65,17.22,43.87,38,1,6,2,5,1,1.1545,5.87,35.46,0,1,1,1.481
ORD-04799,2025-06-08 01:06:49.761952,Morning,C,High,26,1,72.7,High,True,27.05,14.6,41.65,38,0,6,2,6,1,1.0961,3.65,18.9,0,1,0,1.04
ORD-04800,2025-06-08 03:44:06.529305,Morning,D,High,28,1,227.8,Medium,True,30.51,20.85,51.36,38,1,6,2,6,1,1.3516,13.36,63.78,0,0,0,1.09
ORD-04801,2025-06-08 06:21:23.296659,Evening,B,High,27,3,163.6,High,True,40.82,15.72,56.54,38,1,6,2,6,1,1.4879,18.54,44.17,0,1,0,1.512
ORD-04802,2025-06-08 08:58:40.064012,Evening,E,High,33,10,139.3,Low,True,15.55,18.19,33.74,38,0,6,2,6,1,0.8879,-4.26,45.97,1,0,0,0.471
ORD-04803,2025-06-08 11:35:56.831366,Night,A,High,38,2,186.1,High,True,44.88,15.76,60.64,38,1,6,2,6,1,1.5958,22.64,70.72,0,1,0,1.181
ORD-04804,2025-06-08 14:13:13.598719,Morning,A,High,42,7,155.8,Medium,False,24.45,25.86,50.31,38,1,6,2,6,1,1.3239,12.31,65.44,1,0,1,0.582
ORD-04805,2025-06-08 16:50:30.366073,Evening,C,Medium,49,2,104.1,High,True,54.83,23.36,78.19,45,1,6,2,6,1,1.7376,33.19,51.01,0,1,0,1.119
ORD-04806,2025-06-08 19:27:47.133426,Evening,C,Medium,20,5,53.1,High,True,17.29,14.8,32.09,45,0,6,2,6,1,0.7131,-12.91,10.62,0,1,0,0.864
ORD-04807,2025-06-08 22:05:03.900780,Night,C,Medium,17,7,223.0,Medium,True,17.89,14.19,32.08,45,0,6,2,6,1,0.7129,-12.92,37.91,1,0,0,1.052
ORD-04808,2025-06-09 00:42:20.668133,Morning,A,Medium,14,6,141.1,Low,True,14.52,10.34,24.86,45,0,6,2,0,0,0.5524,-20.14,19.75,0,0,0,1.037
ORD-04809,2025-06-09 03:19:37.435487,Morning,A,Medium,18,8,125.5,Low,False,8.25,17.09,25.34,45,0,6,2,0,0,0.5631,-19.66,22.59,1,0,1,0.458
ORD-04810,2025-06-09 05:56:54.202840,Night,D,Medium,27,3,128.6,Low,True,17.81,16.3,34.11,45,0,6,2,0,0,0.758,-10.89,34.72,0,0,0,0.66
ORD-04811,2025-06-09 08:34:10.970194,Evening,B,Medium,31,8,208.6,Low,True,24.66,17.29,41.95,45,1,6,2,0,0,0.9322,-3.05,64.67,1,0,0,0.795
ORD-04812,2025-06-09 11:11:27.737547,Morning,D,Low,4,5,130.4,Low,True,3.0,8.39,11.39,55,0,6,2,0,0,0.2071,-43.61,5.22,0,0,0,0.75
ORD-04813,2025-06-09 13:48:44.504900,Morning,C,High,50,5,175.8,Medium,False,36.79,28.19,64.98,38,1,6,2,0,0,1.71,26.98,87.9,0,0,1,0.736
ORD-04814,2025-06-09 16:26:01.272254,Night,A,High,3,4,136.6,Low,True,12.32,2.31,14.63,38,0,6,2,0,0,0.385,-23.37,4.1,0,0,0,4.107
ORD-04815,2025-06-09 19:03:18.039607,Evening,D,Medium,21,10,99.8,High,True,16.69,15.09,31.78,45,1,6,2,0,0,0.7062,-13.22,20.96,1,1,0,0.795
ORD-04816,2025-06-09 21:40:34.806961,Evening,E,Urgent,23,9,186.1,Low,True,16.36,14.01,30.37,28,1,6,2,0,0,1.0846,2.37,42.8,1,0,0,0.711
ORD-04817,2025-06-10 00:17:51.574314,Night,D,Urgent,18,5,194.1,Low,True,18.11,14.09,32.2,28,1,6,2,1,0,1.15,4.2,34.94,0,0,0,1.006
ORD-04818,2025-06-10 02:55:08.341668,Morning,A,High,11,8,122.8,Low,True,9.02,7.16,16.18,38,0,6,2,1,0,0.4258,-21.82,13.51,1,0,0,0.82
ORD-04819,2025-06-10 05:32:25.109021,Morning,C,Low,27,10,148.5,High,True,16.91,17.95,34.86,55,0,6,2,1,0,0.6338,-20.14,40.1,1,1,0,0.626
ORD-04820,2025-06-10 08:09:41.876375,Evening,E,Medium,1,3,153.9,Low,True,12.22,2.34,14.56,45,0,6,2,1,0,0.3236,-30.44,1.54,0,0,0,12.22
ORD-04821,2025-06-10 10:46:58.643728,Night,C,Medium,38,4,167.8,Low,True,24.92,23.52,48.44,45,0,6,2,1,0,1.0764,3.44,63.76,0,0,0,0.656
ORD-04822,2025-06-10 13:24:15.411082,Morning,B,High,34,8,228.9,Low,True,28.69,16.98,45.67,38,1,6,2,1,0,1.2018,7.67,77.83,1,0,0,0.844
ORD-04823,2025-06-10 16:01:32.178435,Evening,A,High,39,3,137.0,Low,True,25.62,16.58,42.2,38,1,6,2,1,0,1.1105,4.2,53.43,0,0,0,0.657
ORD-04824,2025-06-10 18:38:48.945789,Morning,D,High,41,1,136.8,High,True,42.19,25.14,67.33,38,1,6,2,1,0,1.7718,29.33,56.09,0,1,0,1.029
ORD-04825,2025-06-10 21:16:05.713142,Morning,D,High,45,6,143.0,Medium,True,28.99,22.26,51.25,38,1,6,2,1,0,1.3487,13.25,64.35,0,0,0,0.644
ORD-04826,2025-06-10 23:53:22.480496,Night,E,Urgent,8,3,112.3,Low,True,15.27,5.55,20.82,28,0,6,2,1,0,0.7436,-7.18,8.98,0,0,0,1.909
ORD-04827,2025-06-11 02:30:39.247849,Morning,E,Medium,42,6,81.1,Low,True,26.81,24.99,51.8,45,1,6,2,2,0,1.1511,6.8,34.06,0,0,0,0.638
ORD-04828,2025-06-11 05:07:56.015203,Morning,B,Urgent,29,2,155.4,Low,True,32.94,14.65,47.59,28,1,6,2,2,0,1.6996,19.59,45.07,0,0,0,1.136
ORD-04829,2025-06-11 07:45:12.782556,Night,C,High,7,5,171.1,Medium,True,12.45,5.05,17.5,38,0,6,2,2,0,0.4605,-20.5,11.98,0,0,0,1.779
ORD-04830,2025-06-11 10:22:29.549909,Morning,A,Medium,50,3,150.1,Low,False,35.29,35.5,70.79,45,1,6,2,2,0,1.5731,25.79,75.05,0,0,1,0.706
ORD-04831,2025-06-11 12:59:46.317263,Morning,A,High,41,6,147.5,Medium,True,30.66,21.13,51.79,38,1,6,2,2,0,1.3629,13.79,60.48,0,0,0,0.748
ORD-04832,2025-06-11 15:37:03.084616,Night,A,Low,14,3,114.1,Low,True,8.14,10.82,18.96,55,0,6,2,2,0,0.3447,-36.04,15.97,0,0,0,0.581
ORD-04833,2025-06-11 18:14:19.851970,Morning,E,Low,45,3,160.1,Low,True,33.91,22.01,55.92,55,0,6,2,2,0,1.0167,0.92,72.04,0,0,0,0.754
ORD-04834,2025-06-11 20:51:36.619323,Evening,A,Urgent,37,10,156.8,Medium,True,15.09,21.29,36.38,28,1,6,2,2,0,1.2993,8.38,58.02,1,0,0,0.408
ORD-04835,2025-06-11 23:28:53.386677,Morning,C,Medium,23,10,169.0,Medium,True,13.24,16.77,30.01,45,0,6,2,2,0,0.6669,-14.99,38.87,1,0,0,0.576
ORD-04836,2025-06-12 02:06:10.154030,Morning,B,Medium,9,4,162.9,Medium,False,14.84,9.22,24.06,45,0,6,2,3,0,0.5347,-20.94,14.66,0,0,1,1.649
ORD-04837,2025-06-12 04:43:26.921384,Evening,B,Urgent,37,7,165.8,Medium,True,27.87,19.5,47.37,28,1,6,2,3,0,1.6918,19.37,61.35,1,0,0,0.753
ORD-04838,2025-06-12 07:20:43.688737,Morning,C,Medium,47,4,202.8,High,True,45.35,20.19,65.54,45,1,6,2,3,0,1.4564,20.54,95.32,0,1,0,0.965
ORD-04839,2025-06-12 09:58:00.456091,Night,A,Medium,10,2,172.9,High,True,18.67,8.39,27.06,45,0,6,2,3,0,0.6013,-17.94,17.29,0,1,0,1.867
ORD-04840,2025-06-12 12:35:17.223444,Night,B,Low,1,1,169.2,Low,True,13.7,4.58,18.28,55,0,6,2,3,0,0.3324,-36.72,1.69,0,0,0,13.7
ORD-04841,2025-06-12 15:12:33.990798,Night,C,Medium,12,9,80.3,High,True,7.45,14.16,21.61,45,0,6,2,3,0,0.4802,-23.39,9.64,1,1,0,0.621
ORD-04842,2025-06-12 17:49:50.758151,Morning,D,Low,15,1,192.1,Medium,True,18.69,14.21,32.9,55,0,6,2,3,0,0.5982,-22.1,28.82,0,0,0,1.246
ORD-04843,2025-06-12 20:27:07.525505,Morning,D,Low,19,5,138.1,Medium,False,16.95,16.32,33.27,55,0,6,2,3,0,0.6049,-21.73,26.24,0,0,1,0.892
ORD-04844,2025-06-12 23:04:24.292858,Night,D,High,49,3,153.2,Medium,False,37.65,33.75,71.4,38,1,6,2,3,0,1.8789,33.4,75.07,0,0,1,0.768
ORD-04845,2025-06-13 01:41:41.060212,Evening,B,Medium,49,8,99.1,Low,True,32.6,22.77,55.37,45,1,6,2,4,0,1.2304,10.37,48.56,1,0,0,0.665
ORD-04846,2025-06-13 04:18:57.827565,Evening,A,Medium,34,2,233.6,Medium,False,38.09,23.69,61.78,45,1,6,2,4,0,1.3729,16.78,79.42,0,0,1,1.12
ORD-04847,2025-06-13 06:56:14.594918,Night,B,Low,11,6,51.0,Medium,True,7.96,10.48,18.44,55,0,6,2,4,0,0.3353,-36.56,5.61,0,0,0,0.724
ORD-04848,2025-06-13 09:33:31.362272,Morning,E,Medium,11,4,209.5,High,True,21.02,6.82,27.84,45,0,6,2,4,0,0.6187,-17.16,23.04,0,1,0,1.911
ORD-04849,2025-06-13 12:10:48.129625,Morning,A,High,5,6,167.0,Low,True,10.06,7.75,17.81,38,0,6,2,4,0,0.4687,-20.19,8.35,0,0,0,2.012
ORD-04850,2025-06-13 14:48:04.896979,Evening,A,Medium,40,2,73.8,High,False,35.7,27.19,62.89,45,1,6,2,4,0,1.3976,17.89,29.52,0,1,1,0.893
ORD-04851,2025-06-13 17:25:21.664332,Evening,E,Medium,12,2,231.5,Low,False,18.69,11.75,30.44,45,1,6,2,4,0,0.6764,-14.56,27.78,0,0,1,1.558
ORD-04852,2025-06-13 20:02:38.431686,Morning,E,Medium,45,2,170.6,High,True,49.25,22.99,72.24,45,1,6,2,4,0,1.6053,27.24,76.77,0,1,0,1.094
ORD-04853,2025-06-13 22:39:55.199039,Evening,A,Low,31,6,55.7,Medium,True,14.96,19.42,34.38,55,0,6,2,4,0,0.6251,-20.62,17.27,0,0,0,0.483
ORD-04854,2025-06-14 01:17:11.966393,Night,D,Low,25,7,133.1,Medium,True,19.33,14.21,33.54,55,0,6,2,5,1,0.6098,-21.46,33.28,1,0,0,0.773
ORD-04855,2025-06-14 03:54:28.733746,Morning,B,Medium,47,10,171.4,Medium,True,29.71,22.03,51.74,45,1,6,2,5,1,1.1498,6.74,80.56,1,0,0,0.632
ORD-04856,2025-06-14 06:31:45.501100,Morning,C,Low,8,10,218.5,High,True,10.4,8.01,18.41,55,0,6,2,5,1,0.3347,-36.59,17.48,1,1,0,1.3
ORD-04857,2025-06-14 09:09:02.268453,Evening,C,Medium,24,8,133.6,Low,True,12.31,16.33,28.64,45,0,6,2,5,1,0.6364,-16.36,32.06,1,0,0,0.513
ORD-04858,2025-06-14 11:46:19.035807,Night,E,Low,13,1,44.1,Low,True,15.29,10.23,25.52,55,0,6,2,5,1,0.464,-29.48,5.73,0,0,0,1.176
ORD-04859,2025-06-14 14:23:35.803160,Night,A,High,10,8,208.4,High,True,12.91,9.94,22.85,38,0,6,2,5,1,0.6013,-15.15,20.84,1,1,0,1.291
ORD-04860,2025-06-14 17:00:52.570514,Morning,D,Medium,48,8,169.9,Low,True,22.84,22.65,45.49,45,1,6,2,5,1,1.0109,0.49,81.55,1,0,0,0.476
ORD-04861,2025-06-14 19:38:09.337867,Night,A,Medium,31,8,60.7,Medium,True,17.78,15.07,32.85,45,0,6,2,5,1,0.73,-12.15,18.82,1,0,0,0.574
ORD-04862,2025-06-14 22:15:26.105221,Night,C,Medium,9,7,163.7,Medium,False,14.83,16.19,31.02,45,0,6,2,5,1,0.6893,-13.98,14.73,1,0,1,1.648
ORD-04863,2025-06-15 00:52:42.872574,Evening,C,Medium,6,7,167.9,High,True,10.05,6.21,16.26,45,0,6,2,6,1,0.3613,-28.74,10.07,1,1,0,1.675
ORD-04864,2025-06-15 03:29:59.639927,Morning,D,Medium,16,6,137.0,High,True,12.87,11.59,24.46,45,0,6,2,6,1,0.5436,-20.54,21.92,0,1,0,0.804
ORD-04865,2025-06-15 06:07:16.407281,Morning,E,Medium,42,7,116.9,Low,True,20.01,22.52,42.53,45,0,6,2,6,1,0.9451,-2.47,49.1,1,0,0,0.476
ORD-04866,2025-06-15 08:44:33.174634,Evening,D,Medium,8,7,125.6,Medium,False,10.11,10.16,20.27,45,0,6,2,6,1,0.4504,-24.73,10.05,1,0,1,1.264
ORD-04867,2025-06-15 11:21:49.941988,Morning,D,Medium,38,1,137.0,Medium,False,38.22,23.33,61.55,45,1,6,2,6,1,1.3678,16.55,52.06,0,0,1,1.006
ORD-04868,2025-06-15 13:59:06.709341,Morning,B,Low,6,6,164.2,Medium,True,15.5,7.88,23.38,55,0,6,2,6,1,0.4251,-31.62,9.85,0,0,0,2.583
ORD-04869,2025-06-15 16:36:23.476695,Night,E,Urgent,17,2,181.5,Low,True,18.38,16.22,34.6,28,1,6,2,6,1,1.2357,6.6,30.86,0,0,0,1.081
ORD-04870,2025-06-15 19:13:40.244048,Morning,C,High,27,10,64.1,Low,True,13.16,15.73,28.89,38,0,6,2,6,1,0.7603,-9.11,17.31,1,0,0,0.487
ORD-04871,2025-06-15 21:50:57.011402,Night,B,Low,7,10,160.2,Medium,True,8.55,3.64,12.19,55,0,6,2,6,1,0.2216,-42.81,11.21,1,0,0,1.221
ORD-04872,2025-06-16 00:28:13.778755,Evening,C,Urgent,20,2,169.5,Low,True,18.23,14.93,33.16,28,1,6,2,0,0,1.1843,5.16,33.9,0,0,0,0.912
ORD-04873,2025-06-16 03:05:30.546109,Night,B,Low,14,9,156.8,Medium,True,13.54,11.87,25.41,55,0,6,2,0,0,0.462,-29.59,21.95,1,0,0,0.967
ORD-04874,2025-06-16 05:42:47.313462,Morning,C,Low,3,5,133.8,Low,False,5.48,8.03,13.51,55,0,6,2,0,0,0.2456,-41.49,4.01,0,0,1,1.827
ORD-04875,2025-06-16 08:20:04.080816,Evening,B,Low,1,7,206.8,High,True,12.52,2.0,14.52,55,0,6,2,0,0,0.264,-40.48,2.07,1,1,0,12.52
ORD-04876,2025-06-16 10:57:20.848169,Evening,A,Urgent,8,7,203.8,High,True,17.54,10.59,28.13,28,0,6,2,0,0,1.0046,0.13,16.3,1,1,0,2.192
ORD-04877,2025-06-16 13:34:37.615523,Night,E,Medium,38,2,135.4,Medium,True,34.96,23.88,58.84,45,1,6,2,0,0,1.3076,13.84,51.45,0,0,0,0.92
ORD-04878,2025-06-16 16:11:54.382876,Morning,E,High,2,10,146.7,High,True,3.0,7.94,10.94,38,0,6,2,0,0,0.2879,-27.06,2.93,1,1,0,1.5
ORD-04879,2025-06-16 18:49:11.150230,Morning,C,High,26,7,180.9,High,True,26.48,13.8,40.28,38,0,6,2,0,0,1.06,2.28,47.03,1,1,0,1.018
ORD-04880,2025-06-16 21:26:27.917583,Night,E,Medium,2,5,201.3,Medium,True,8.99,7.67,16.66,45,0,6,2,0,0,0.3702,-28.34,4.03,0,0,0,4.495
ORD-04881,2025-06-17 00:03:44.684936,Morning,B,Medium,11,7,117.4,Medium,False,10.94,6.82,17.76,45,0,6,2,1,0,0.3947,-27.24,12.91,1,0,1,0.995
ORD-04882,2025-06-17 02:41:01.452290,Evening,B,Low,9,10,108.2,Low,True,9.05,7.56,16.61,55,0,6,2,1,0,0.302,-38.39,9.74,1,0,0,1.006
ORD-04883,2025-06-17 05:18:18.219643,Morning,E,High,17,7,161.0,High,False,17.59,16.38,33.97,38,0,6,2,1,0,0.8939,-4.03,27.37,1,1,1,1.035
ORD-04884,2025-06-17 07:55:34.986997,Morning,C,Medium,38,7,105.1,Medium,True,22.04,23.25,45.29,45,1,6,2,1,0,1.0064,0.29,39.94,1,0,0,0.58
ORD-04885,2025-06-17 10:32:51.754350,Evening,D,Medium,22,9,72.2,Medium,True,10.57,14.64,25.21,45,0,6,2,1,0,0.5602,-19.79,15.88,1,0,0,0.48
ORD-04886,2025-06-17 13:10:08.521704,Evening,B,Low,1,7,117.2,Medium,True,6.14,3.06,9.2,55,0,6,2,1,0,0.1673,-45.8,1.17,1,0,0,6.14
ORD-04887,2025-06-17 15:47:25.289057,Evening,B,High,8,2,166.7,Low,True,15.67,7.03,22.7,38,0,6,2,1,0,0.5974,-15.3,13.34,0,0,0,1.959
ORD-04888,2025-06-17 18:24:42.056411,Evening,A,High,16,9,212.1,Medium,False,7.39,12.4,19.79,38,0,6,2,1,0,0.5208,-18.21,33.94,1,0,1,0.462
ORD-04889,2025-06-17 21:01:58.823764,Evening,E,Medium,14,9,121.6,High,True,12.4,9.88,22.28,45,0,6,2,1,0,0.4951,-22.72,17.02,1,1,0,0.886
ORD-04890,2025-06-17 23:39:15.591118,Night,A,Medium,29,8,145.0,Low,True,19.1,17.81,36.91,45,0,6,2,1,0,0.8202,-8.09,42.05,1,0,0,0.659
ORD-04891,2025-06-18 02:16:32.358471,Morning,C,Medium,18,2,156.2,Low,True,20.03,10.15,30.18,45,0,6,2,2,0,0.6707,-14.82,28.12,0,0,0,1.113
ORD-04892,2025-06-18 04:53:49.125825,Morning,A,Medium,38,6,124.1,High,True,29.44,19.88,49.32,45,1,6,2,2,0,1.096,4.32,47.16,0,1,0,0.775
ORD-04893,2025-06-18 07:31:05.893178,Morning,C,Low,13,1,120.9,Low,True,15.71,11.5,27.21,55,0,6,2,2,0,0.4947,-27.79,15.72,0,0,0,1.208
ORD-04894,2025-06-18 10:08:22.660532,Night,B,High,34,8,163.4,Medium,True,29.38,18.77,48.15,38,1,6,2,2,0,1.2671,10.15,55.56,1,0,0,0.864
ORD-04895,2025-06-18 12:45:39.427885,Morning,D,Low,6,10,102.1,Medium,True,3.0,9.19,12.19,55,0,6,2,2,0,0.2216,-42.81,6.13,1,0,0,0.5
ORD-04896,2025-06-18 15:22:56.195239,Evening,C,Low,50,1,119.3,Medium,False,47.7,29.46,77.16,55,1,6,2,2,0,1.4029,22.16,59.65,0,0,1,0.954
ORD-04897,2025-06-18 18:00:12.962592,Evening,A,Low,50,2,141.9,Low,True,35.44,24.9,60.34,55,0,6,2,2,0,1.0971,5.34,70.95,0,0,0,0.709
ORD-04898,2025-06-18 20:37:29.729945,Evening,A,Medium,14,10,162.9,Low,True,7.49,10.33,17.82,45,0,6,2,2,0,0.396,-27.18,22.81,1,0,0,0.535
ORD-04899,2025-06-18 23:14:46.497299,Night,A,Medium,12,8,89.4,Medium,True,12.39,12.34,24.73,45,0,6,2,2,0,0.5496,-20.27,10.73,1,0,0,1.032
ORD-04900,2025-06-19 01:52:03.264652,Evening,D,High,1,9,144.8,Low,True,3.0,4.76,7.76,38,0,6,2,3,0,0.2042,-30.24,1.45,1,0,0,3.0
ORD-04901,2025-06-19 04:29:20.032006,Evening,D,Medium,49,3,98.4,Medium,True,31.26,26.43,57.69,45,1,6,2,3,0,1.282,12.69,48.22,0,0,0,0.638
ORD-04902,2025-06-19 07:06:36.799359,Morning,B,Medium,2,7,122.6,High,True,11.17,5.76,16.93,45,0,6,2,3,0,0.3762,-28.07,2.45,1,1,0,5.585
ORD-04903,2025-06-19 09:43:53.566713,Evening,C,Medium,1,9,181.5,High,True,9.87,6.17,16.04,45,0,6,2,3,0,0.3564,-28.96,1.82,1,1,0,9.87
ORD-04904,2025-06-19 12:21:10.334066,Morning,A,Medium,5,1,147.0,Low,True,14.47,4.22,18.69,45,0,6,2,3,0,0.4153,-26.31,7.35,0,0,0,2.894
ORD-04905,2025-06-19 14:58:27.101420,Night,E,High,15,3,216.8,Medium,True,17.25,11.09,28.34,38,1,6,2,3,0,0.7458,-9.66,32.52,0,0,0,1.15
ORD-04906,2025-06-19 17:35:43.868773,Morning,E,High,49,3,147.1,Low,True,38.08,24.57,62.65,38,1,6,2,3,0,1.6487,24.65,72.08,0,0,0,0.777
ORD-04907,2025-06-19 20:13:00.636127,Morning,D,High,9,6,188.7,Medium,True,8.9,7.13,16.03,38,0,6,2,3,0,0.4218,-21.97,16.98,0,0,0,0.989
ORD-04908,2025-06-19 22:50:17.403480,Morning,A,High,29,3,181.8,Low,True,24.59,14.34,38.93,38,1,6,2,3,0,1.0245,0.93,52.72,0,0,0,0.848
ORD-04909,2025-06-20 01:27:34.170834,Evening,B,High,33,4,149.5,High,True,44.33,17.0,61.33,38,1,6,2,4,0,1.6139,23.33,49.34,0,1,0,1.343
ORD-04910,2025-06-20 04:04:50.938187,Night,E,Medium,40,3,97.4,Medium,True,35.43,18.39,53.82,45,1,6,2,4,0,1.196,8.82,38.96,0,0,0,0.886
ORD-04911,2025-06-20 06:42:07.705541,Morning,A,Medium,35,1,145.8,Low,True,27.7,18.29,45.99,45,0,6,2,4,0,1.022,0.99,51.03,0,0,0,0.791
ORD-04912,2025-06-20 09:19:24.472894,Morning,D,High,50,7,128.7,Low,True,25.6,26.08,51.68,38,1,6,2,4,0,1.36,13.68,64.35,1,0,0,0.512
ORD-04913,2025-06-20 11:56:41.240248,Evening,E,Low,34,7,127.1,Medium,True,21.08,17.45,38.53,55,0,6,2,4,0,0.7005,-16.47,43.21,1,0,0,0.62
ORD-04914,2025-06-20 14:33:58.007601,Night,D,Medium,43,9,156.2,High,True,25.52,18.77,44.29,45,1,6,2,4,0,0.9842,-0.71,67.17,1,1,0,0.593
ORD-04915,2025-06-20 17:11:14.774954,Night,C,Urgent,16,6,92.0,Low,True,11.25,14.1,25.35,28,0,6,2,4,0,0.9054,-2.65,14.72,0,0,0,0.703
ORD-04916,2025-06-20 19:48:31.542308,Morning,C,Medium,21,7,115.0,Medium,False,19.35,19.69,39.04,45,0,6,2,4,0,0.8676,-5.96,24.15,1,0,1,0.921
ORD-04917,2025-06-20 22:25:48.309661,Evening,E,Low,37,4,109.5,Low,True,27.45,22.49,49.94,55,1,6,2,4,0,0.908,-5.06,40.52,0,0,0,0.742
ORD-04918,2025-06-21 01:03:05.077015,Night,B,Medium,44,4,139.8,High,True,54.98,21.41,76.39,45,1,6,2,5,1,1.6976,31.39,61.51,0,1,0,1.25
ORD-04919,2025-06-21 03:40:21.844368,Night,E,Low,1,5,119.3,Medium,True,8.23,3.98,12.21,55,0,6,2,5,1,0.222,-42.79,1.19,0,0,0,8.23
ORD-04920,2025-06-21 06:17:38.611722,Evening,B,Medium,22,10,121.9,Medium,True,18.08,13.3,31.38,45,1,6,2,5,1,0.6973,-13.62,26.82,1,0,0,0.822
ORD-04921,2025-06-21 08:54:55.379075,Evening,D,Medium,41,5,155.4,Low,True,24.85,22.04,46.89,45,0,6,2,5,1,1.042,1.89,63.71,0,0,0,0.606
ORD-04922,2025-06-21 11:32:12.146429,Evening,E,Medium,6,9,132.2,High,True,6.48,11.49,17.97,45,0,6,2,5,1,0.3993,-27.03,7.93,1,1,0,1.08
ORD-04923,2025-06-21 14:09:28.913782,Morning,C,Medium,18,4,150.2,Medium,True,20.48,11.08,31.56,45,0,6,2,5,1,0.7013,-13.44,27.04,0,0,0,1.138
ORD-04924,2025-06-21 16:46:45.681136,Morning,B,Low,28,7,105.4,Low,False,19.79,19.73,39.52,55,0,6,2,5,1,0.7185,-15.48,29.51,1,0,1,0.707
ORD-04925,2025-06-21 19:24:02.448489,Morning,A,Medium,5,3,116.9,Medium,True,8.39,10.29,18.68,45,0,6,2,5,1,0.4151,-26.32,5.85,0,0,0,1.678
ORD-04926,2025-06-21 22:01:19.215843,Morning,D,Low,46,4,231.6,Low,True,29.05,26.07,55.12,55,1,6,2,5,1,1.0022,0.12,106.54,0,0,0,0.632
ORD-04927,2025-06-22 00:38:35.983196,Morning,C,Medium,19,9,122.1,High,True,16.25,13.35,29.6,45,0,6,2,6,1,0.6578,-15.4,23.2,1,1,0,0.855
ORD-04928,2025-06-22 03:15:52.750550,Night,B,High,40,7,65.7,Medium,True,30.26,22.45,52.71,38,1,6,2,6,1,1.3871,14.71,26.28,1,0,0,0.757
ORD-04929,2025-06-22 05:53:09.517903,Night,E,Low,22,5,163.7,Medium,True,19.2,13.65,32.85,55,0,6,2,6,1,0.5973,-22.15,36.01,0,0,0,0.873
ORD-04930,2025-06-22 08:30:26.285257,Morning,E,Urgent,21,5,121.7,Low,True,13.22,13.5,26.72,28,1,6,2,6,1,0.9543,-1.28,25.56,0,0,0,0.63
ORD-04931,2025-06-22 11:07:43.052610,Morning,E,High,49,8,159.8,High,True,41.17,28.46,69.63,38,1,6,2,6,1,1.8324,31.63,78.3,1,1,0,0.84
ORD-04932,2025-06-22 13:44:59.819963,Evening,C,Medium,43,2,146.4,High,False,49.78,30.13,79.91,45,1,6,2,6,1,1.7758,34.91,62.95,0,1,1,1.158
ORD-04933,2025-06-22 16:22:16.587317,Evening,E,Medium,26,9,172.0,Medium,True,17.67,13.99,31.66,45,0,6,2,6,1,0.7036,-13.34,44.72,1,0,0,0.68
ORD-04934,2025-06-22 18:59:33.354670,Morning,E,Low,24,7,146.0,Medium,True,20.29,13.27,33.56,55,1,6,2,6,1,0.6102,-21.44,35.04,1,0,0,0.845
ORD-04935,2025-06-22 21:36:50.122024,Night,A,Low,40,4,140.9,Low,True,24.7,22.84,47.54,55,1,6,2,6,1,0.8644,-7.46,56.36,0,0,0,0.617
ORD-04936,2025-06-23 00:14:06.889377,Morning,E,Urgent,35,7,195.9,Low,True,22.15,18.98,41.13,28,1,6,2,0,0,1.4689,13.13,68.56,1,0,0,0.633
ORD-04937,2025-06-23 02:51:23.656731,Morning,C,High,49,10,61.3,High,True,24.77,26.3,51.07,38,1,6,2,0,0,1.3439,13.07,30.04,1,1,0,0.506
ORD-04938,2025-06-23 05:28:40.424084,Evening,E,High,17,4,97.0,Medium,False,18.69,17.13,35.82,38,0,6,2,0,0,0.9426,-2.18,16.49,0,0,1,1.099
ORD-04939,2025-06-23 08:05:57.191438,Evening,D,High,6,4,117.0,Low,True,3.95,9.96,13.91,38,1,6,2,0,0,0.3661,-24.09,7.02,0,0,0,0.658
ORD-04940,2025-06-23 10:43:13.958791,Morning,C,Urgent,10,10,82.3,Medium,False,3.72,8.61,12.33,28,0,6,2,0,0,0.4404,-15.67,8.23,1,0,1,0.372
ORD-04941,2025-06-23 13:20:30.726145,Evening,B,Urgent,27,4,130.8,Low,False,22.52,22.42,44.94,28,1,6,2,0,0,1.605,16.94,35.32,0,0,1,0.834
ORD-04942,2025-06-23 15:57:47.493498,Night,A,Low,16,9,126.9,Low,True,10.99,12.39,23.38,55,0,6,2,0,0,0.4251,-31.62,20.3,1,0,0,0.687
ORD-04943,2025-06-23 18:35:04.260852,Morning,B,Low,41,9,189.0,High,True,36.78,22.56,59.34,55,1,6,2,0,0,1.0789,4.34,77.49,1,1,0,0.897
ORD-04944,2025-06-23 21:12:21.028205,Evening,D,Medium,44,6,146.5,Low,True,20.85,23.94,44.79,45,0,6,2,0,0,0.9953,-0.21,64.46,0,0,0,0.474
ORD-04945,2025-06-23 23:49:37.795559,Morning,E,Medium,10,1,141.5,Low,True,13.83,10.82,24.65,45,0,6,2,0,0,0.5478,-20.35,14.15,0,0,0,1.383
ORD-04946,2025-06-24 02:26:54.562912,Evening,A,Medium,50,1,134.8,High,True,51.69,25.87,77.56,45,1,6,2,1,0,1.7236,32.56,67.4,0,1,0,1.034
ORD-04947,2025-06-24 05:04:11.330266,Evening,A,Medium,32,3,107.9,Low,False,18.28,25.25,43.53,45,1,6,2,1,0,0.9673,-1.47,34.53,0,0,1,0.571
ORD-04948,2025-06-24 07:41:28.097619,Morning,D,High,14,1,185.6,Low,True,19.95,10.71,30.66,38,0,6,2,1,0,0.8068,-7.34,25.98,0,0,0,1.425
ORD-04949,2025-06-24 10:18:44.864972,Morning,B,Low,11,8,198.4,Medium,True,15.71,12.16,27.87,55,0,6,2,1,0,0.5067,-27.13,21.82,1,0,0,1.428
ORD-04950,2025-06-24 12:56:01.632326,Night,A,High,9,7,101.5,Low,True,10.19,12.54,22.73,38,0,6,2,1,0,0.5982,-15.27,9.14,1,0,0,1.132
ORD-04951,2025-06-24 15:33:18.399679,Morning,A,Medium,24,5,214.8,Low,True,15.93,15.36,31.29,45,0,6,2,1,0,0.6953,-13.71,51.55,0,0,0,0.664
ORD-04952,2025-06-24 18:10:35.167033,Night,C,Low,4,9,123.2,Medium,True,7.15,8.8,15.95,55,0,6,2,1,0,0.29,-39.05,4.93,1,0,0,1.788
ORD-04953,2025-06-24 20:47:51.934386,Morning,C,High,7,2,119.9,High,False,11.05,9.16,20.21,38,0,6,2,1,0,0.5318,-17.79,8.39,0,1,1,1.579
ORD-04954,2025-06-24 23:25:08.701740,Night,E,Medium,38,6,168.9,High,True,42.11,20.77,62.88,45,1,6,2,1,0,1.3973,17.88,64.18,0,1,0,1.108
ORD-04955,2025-06-25 02:02:25.469093,Evening,B,High,25,4,172.5,Low,True,22.25,15.11,37.36,38,0,6,2,2,0,0.9832,-0.64,43.12,0,0,0,0.89
ORD-04956,2025-06-25 04:39:42.236447,Morning,A,High,27,1,147.1,Medium,True,32.28,15.2,47.48,38,1,6,2,2,0,1.2495,9.48,39.72,0,0,0,1.196
ORD-04957,2025-06-25 07:16:59.003800,Evening,D,Low,17,5,136.1,Medium,True,14.78,11.35,26.13,55,0,6,2,2,0,0.4751,-28.87,23.14,0,0,0,0.869
ORD-04958,2025-06-25 09:54:15.771154,Night,E,Medium,28,2,196.9,Low,True,27.22,19.6,46.82,45,1,6,2,2,0,1.0404,1.82,55.13,0,0,0,0.972
ORD-04959,2025-06-25 12:31:32.538507,Evening,B,Low,18,1,125.1,Low,True,24.5,8.8,33.3,55,0,6,2,2,0,0.6055,-21.7,22.52,0,0,0,1.361
ORD-04960,2025-06-25 15:08:49.305861,Evening,E,Low,3,3,147.2,Medium,True,8.22,7.43,15.65,55,0,6,2,2,0,0.2845,-39.35,4.42,0,0,0,2.74
ORD-04961,2025-06-25 17:46:06.073214,Evening,D,Urgent,29,2,217.8,Low,True,27.35,16.9,44.25,28,1,6,2,2,0,1.5804,16.25,63.16,0,0,0,0.943
ORD-04962,2025-06-25 20:23:22.840568,Evening,E,High,5,7,96.5,High,True,10.47,7.85,18.32,38,0,6,2,2,0,0.4821,-19.68,4.82,1,1,0,2.094
ORD-04963,2025-06-25 23:00:39.607921,Evening,B,Medium,35,8,131.7,Low,True,22.79,18.84,41.63,45,0,6,2,2,0,0.9251,-3.37,46.1,1,0,0,0.651
ORD-04964,2025-06-26 01:37:56.375275,Night,A,High,46,5,191.0,Low,True,29.52,21.45,50.97,38,1,6,2,3,0,1.3413,12.97,87.86,0,0,0,0.642
ORD-04965,2025-06-26 04:15:13.142628,Morning,A,Urgent,34,7,171.1,High,True,32.81,19.18,51.99,28,1,6,2,3,0,1.8568,23.99,58.17,1,1,0,0.965
ORD-04966,2025-06-26 06:52:29.909981,Evening,D,Medium,29,2,185.8,High,True,36.35,17.33,53.68,45,0,6,2,3,0,1.1929,8.68,53.88,0,1,0,1.253
ORD-04967,2025-06-26 09:29:46.677335,Evening,E,Low,49,8,97.1,Low,True,21.07,29.12,50.19,55,1,6,2,3,0,0.9125,-4.81,47.58,1,0,0,0.43
ORD-04968,2025-06-26 12:07:03.444688,Night,C,High,11,6,162.8,Medium,True,15.07,11.87,26.94,38,1,6,2,3,0,0.7089,-11.06,17.91,0,0,0,1.37
ORD-04969,2025-06-26 14:44:20.212042,Morning,A,High,39,5,138.6,High,True,32.86,20.19,53.05,38,1,6,2,3,0,1.3961,15.05,54.05,0,1,0,0.843
ORD-04970,2025-06-26 17:21:36.979395,Morning,A,Low,11,9,240.9,Low,True,8.53,8.92,17.45,55,0,6,2,3,0,0.3173,-37.55,26.5,1,0,0,0.775
ORD-04971,2025-06-26 19:58:53.746749,Morning,C,Medium,1,4,182.4,Medium,True,11.32,3.7,15.02,45,0,6,2,3,0,0.3338,-29.98,1.82,0,0,0,11.32
ORD-04972,2025-06-26 22:36:10.514102,Evening,E,Low,13,5,149.1,Medium,True,12.88,10.86,23.74,55,0,6,2,3,0,0.4316,-31.26,19.38,0,0,0,0.991
ORD-04973,2025-06-27 01:13:27.281456,Evening,B,High,26,10,161.4,Low,True,16.09,14.22,30.31,38,0,6,2,4,0,0.7976,-7.69,41.96,1,0,0,0.619
ORD-04974,2025-06-27 03:50:44.048809,Morning,C,High,4,2,152.2,High,True,16.08,3.83,19.91,38,0,6,2,4,0,0.5239,-18.09,6.09,0,1,0,4.02
ORD-04975,2025-06-27 06:28:00.816163,Morning,C,Medium,14,6,178.0,High,True,23.8,11.41,35.21,45,0,6,2,4,0,0.7824,-9.79,24.92,0,1,0,1.7
ORD-04976,2025-06-27 09:05:17.583516,Night,E,High,3,6,115.7,Medium,True,8.71,6.25,14.96,38,0,6,2,4,0,0.3937,-23.04,3.47,0,0,0,2.903
ORD-04977,2025-06-27 11:42:34.350870,Evening,D,Medium,13,8,204.6,Low,True,6.79,13.01,19.8,45,0,6,2,4,0,0.44,-25.2,26.6,1,0,0,0.522
ORD-04978,2025-06-27 14:19:51.118223,Evening,A,High,36,10,97.0,High,True,15.89,19.63,35.52,38,1,6,2,4,0,0.9347,-2.48,34.92,1,1,0,0.441
ORD-04979,2025-06-27 16:57:07.885577,Morning,D,High,8,4,158.2,Medium,False,16.19,14.28,30.47,38,0,6,2,4,0,0.8018,-7.53,12.66,0,0,1,2.024
ORD-04980,2025-06-27 19:34:24.652930,Morning,D,Medium,14,2,117.0,Low,True,11.2,8.63,19.83,45,0,6,2,4,0,0.4407,-25.17,16.38,0,0,0,0.8
ORD-04981,2025-06-27 22:11:41.420284,Morning,E,Medium,7,4,151.7,Medium,True,8.96,9.27,18.23,45,0,6,2,4,0,0.4051,-26.77,10.62,0,0,0,1.28
ORD-04982,2025-06-28 00:48:58.187637,Morning,C,Medium,20,2,189.5,Medium,True,22.62,12.72,35.34,45,0,6,2,5,1,0.7853,-9.66,37.9,0,0,0,1.131
ORD-04983,2025-06-28 03:26:14.954990,Evening,A,High,39,8,81.5,Low,True,18.78,14.79,33.57,38,1,6,2,5,1,0.8834,-4.43,31.78,1,0,0,0.482
ORD-04984,2025-06-28 06:03:31.722344,Morning,C,High,27,6,143.2,Low,False,18.0,23.28,41.28,38,0,6,2,5,1,1.0863,3.28,38.66,0,0,1,0.667
ORD-04985,2025-06-28 08:40:48.489697,Morning,C,Medium,11,8,92.4,High,False,12.06,14.18,26.24,45,0,6,2,5,1,0.5831,-18.76,10.16,1,1,1,1.096
ORD-04986,2025-06-28 11:18:05.257051,Morning,B,Urgent,17,4,138.8,High,True,27.88,9.04,36.92,28,1,6,2,5,1,1.3186,8.92,23.6,0,1,0,1.64
ORD-04987,2025-06-28 13:55:22.024404,Morning,E,High,34,10,92.3,Low,True,11.0,17.83,28.83,38,0,6,2,5,1,0.7587,-9.17,31.38,1,0,0,0.324
ORD-04988,2025-06-28 16:32:38.791758,Morning,A,Low,24,9,156.5,Low,True,7.88,15.23,23.11,55,0,6,2,5,1,0.4202,-31.89,37.56,1,0,0,0.328
ORD-04989,2025-06-28 19:09:55.559111,Morning,E,Low,23,10,133.0,Low,True,9.16,18.29,27.45,55,0,6,2,5,1,0.4991,-27.55,30.59,1,0,0,0.398
ORD-04990,2025-06-28 21:47:12.326465,Morning,B,Medium,44,8,179.9,Medium,False,34.76,30.05,64.81,45,1,6,2,5,1,1.4402,19.81,79.16,1,0,1,0.79
ORD-04991,2025-06-29 00:24:29.093818,Evening,A,Low,41,2,199.1,Low,True,29.68,23.36,53.04,55,1,6,2,6,1,0.9644,-1.96,81.63,0,0,0,0.724
ORD-04992,2025-06-29 03:01:45.861172,Night,C,Urgent,13,2,150.4,Medium,True,20.38,11.47,31.85,28,0,6,2,6,1,1.1375,3.85,19.55,0,0,0,1.568
ORD-04993,2025-06-29 05:39:02.628525,Evening,C,High,36,10,185.7,Low,True,13.71,18.83,32.54,38,0,6,2,6,1,0.8563,-5.46,66.85,1,0,0,0.381
ORD-04994,2025-06-29 08:16:19.395879,Morning,E,Low,40,9,205.3,High,True,26.23,19.53,45.76,55,0,6,2,6,1,0.832,-9.24,82.12,1,1,0,0.656
ORD-04995,2025-06-29 10:53:36.163232,Night,C,Medium,45,9,113.1,High,True,27.62,23.3,50.92,45,1,6,2,6,1,1.1316,5.92,50.9,1,1,0,0.614
ORD-04996,2025-06-29 13:30:52.930586,Night,A,Medium,14,7,207.4,Medium,True,16.67,12.83,29.5,45,1,6,2,6,1,0.6556,-15.5,29.04,1,0,0,1.191
ORD-04997,2025-06-29 16:08:09.697939,Evening,E,Medium,37,9,148.5,Low,True,21.84,21.52,43.36,45,0,6,2,6,1,0.9636,-1.64,54.94,1,0,0,0.59
ORD-04998,2025-06-29 18:45:26.465293,Morning,C,Medium,10,5,110.9,Medium,True,7.1,7.74,14.84,45,0,6,2,6,1,0.3298,-30.16,11.09,0,0,0,0.71
ORD-04999,2025-06-29 21:22:43.232646,Evening,B,High,23,2,161.9,Low,True,31.48,12.69,44.17,38,0,6,2,6,1,1.1624,6.17,37.24,0,0,0,1.369
ORD-05000,2025-06-30 00:00:00.000000,Night,E,High,4,3,147.1,Low,True,10.0,9.26,19.26,38,0,6,2,0,0,0.5068,-18.74,5.88,0,0,0,2.5
